"Variable","Train_RMSE","Test_RMSE","Test_R2","CV_RMSE"
"tavg",0.782016592166125,0.940361436658666,0.837260685704073,NA
"prec",36.8546316433483,36.3046124043576,0.940804853118855,NA
