"Date","Year","Month","variable","value","scenario","method"
2024-01-01,2024,1,"tavg",24.1086673126338,"SSP1-2.6 (Sustainability)","Statistical"
2024-02-01,2024,2,"tavg",23.5961945440874,"SSP1-2.6 (Sustainability)","Statistical"
2024-03-01,2024,3,"tavg",25.8480304061915,"SSP1-2.6 (Sustainability)","Statistical"
2024-04-01,2024,4,"tavg",26.6859972844784,"SSP1-2.6 (Sustainability)","Statistical"
2024-05-01,2024,5,"tavg",28.7600872603038,"SSP1-2.6 (Sustainability)","Statistical"
2024-06-01,2024,6,"tavg",28.2326801752395,"SSP1-2.6 (Sustainability)","Statistical"
2024-07-01,2024,7,"tavg",28.4743215448096,"SSP1-2.6 (Sustainability)","Statistical"
2024-08-01,2024,8,"tavg",26.796781767134,"SSP1-2.6 (Sustainability)","Statistical"
2024-09-01,2024,9,"tavg",25.7387161297507,"SSP1-2.6 (Sustainability)","Statistical"
2024-10-01,2024,10,"tavg",25.4585126696782,"SSP1-2.6 (Sustainability)","Statistical"
2024-11-01,2024,11,"tavg",22.5599686714156,"SSP1-2.6 (Sustainability)","Statistical"
2024-12-01,2024,12,"tavg",23.86912941896,"SSP1-2.6 (Sustainability)","Statistical"
2025-01-01,2025,1,"tavg",24.087727917952,"SSP1-2.6 (Sustainability)","Statistical"
2025-02-01,2025,2,"tavg",24.649947387531,"SSP1-2.6 (Sustainability)","Statistical"
2025-03-01,2025,3,"tavg",26.0958966689734,"SSP1-2.6 (Sustainability)","Statistical"
2025-04-01,2025,4,"tavg",27.1513908593205,"SSP1-2.6 (Sustainability)","Statistical"
2025-05-01,2025,5,"tavg",28.4661264277976,"SSP1-2.6 (Sustainability)","Statistical"
2025-06-01,2025,6,"tavg",28.3626720176439,"SSP1-2.6 (Sustainability)","Statistical"
2025-07-01,2025,7,"tavg",27.7855260338264,"SSP1-2.6 (Sustainability)","Statistical"
2025-08-01,2025,8,"tavg",26.9949583887648,"SSP1-2.6 (Sustainability)","Statistical"
2025-09-01,2025,9,"tavg",25.8827066704843,"SSP1-2.6 (Sustainability)","Statistical"
2025-10-01,2025,10,"tavg",24.6006130113462,"SSP1-2.6 (Sustainability)","Statistical"
2025-11-01,2025,11,"tavg",22.553531546603,"SSP1-2.6 (Sustainability)","Statistical"
2025-12-01,2025,12,"tavg",22.1008432707885,"SSP1-2.6 (Sustainability)","Statistical"
2026-01-01,2026,1,"tavg",23.3136926759109,"SSP1-2.6 (Sustainability)","Statistical"
2026-02-01,2026,2,"tavg",24.1040736319248,"SSP1-2.6 (Sustainability)","Statistical"
2026-03-01,2026,3,"tavg",26.2419798821881,"SSP1-2.6 (Sustainability)","Statistical"
2026-04-01,2026,4,"tavg",28.1056680934076,"SSP1-2.6 (Sustainability)","Statistical"
2026-05-01,2026,5,"tavg",28.7595034810544,"SSP1-2.6 (Sustainability)","Statistical"
2026-06-01,2026,6,"tavg",28.7883123497788,"SSP1-2.6 (Sustainability)","Statistical"
2026-07-01,2026,7,"tavg",28.001886807765,"SSP1-2.6 (Sustainability)","Statistical"
2026-08-01,2026,8,"tavg",27.3228538926008,"SSP1-2.6 (Sustainability)","Statistical"
2026-09-01,2026,9,"tavg",26.7545513707933,"SSP1-2.6 (Sustainability)","Statistical"
2026-10-01,2026,10,"tavg",24.6256430049257,"SSP1-2.6 (Sustainability)","Statistical"
2026-11-01,2026,11,"tavg",23.5829510068575,"SSP1-2.6 (Sustainability)","Statistical"
2026-12-01,2026,12,"tavg",23.0588571854156,"SSP1-2.6 (Sustainability)","Statistical"
2027-01-01,2027,1,"tavg",23.5612952463225,"SSP1-2.6 (Sustainability)","Statistical"
2027-02-01,2027,2,"tavg",23.4891245217064,"SSP1-2.6 (Sustainability)","Statistical"
2027-03-01,2027,3,"tavg",25.7744530539047,"SSP1-2.6 (Sustainability)","Statistical"
2027-04-01,2027,4,"tavg",26.6613345789224,"SSP1-2.6 (Sustainability)","Statistical"
2027-05-01,2027,5,"tavg",28.6517611737749,"SSP1-2.6 (Sustainability)","Statistical"
2027-06-01,2027,6,"tavg",28.6137734771168,"SSP1-2.6 (Sustainability)","Statistical"
2027-07-01,2027,7,"tavg",28.3536610787253,"SSP1-2.6 (Sustainability)","Statistical"
2027-08-01,2027,8,"tavg",27.2559434209605,"SSP1-2.6 (Sustainability)","Statistical"
2027-09-01,2027,9,"tavg",25.305326633061,"SSP1-2.6 (Sustainability)","Statistical"
2027-10-01,2027,10,"tavg",23.9949146042057,"SSP1-2.6 (Sustainability)","Statistical"
2027-11-01,2027,11,"tavg",23.3195493400579,"SSP1-2.6 (Sustainability)","Statistical"
2027-12-01,2027,12,"tavg",22.587622942007,"SSP1-2.6 (Sustainability)","Statistical"
2028-01-01,2028,1,"tavg",23.310933047392,"SSP1-2.6 (Sustainability)","Statistical"
2028-02-01,2028,2,"tavg",24.536393704731,"SSP1-2.6 (Sustainability)","Statistical"
2028-03-01,2028,3,"tavg",26.0381139885464,"SSP1-2.6 (Sustainability)","Statistical"
2028-04-01,2028,4,"tavg",27.2109499839664,"SSP1-2.6 (Sustainability)","Statistical"
2028-05-01,2028,5,"tavg",29.0015023366651,"SSP1-2.6 (Sustainability)","Statistical"
2028-06-01,2028,6,"tavg",29.2553459955888,"SSP1-2.6 (Sustainability)","Statistical"
2028-07-01,2028,7,"tavg",28.85738097324,"SSP1-2.6 (Sustainability)","Statistical"
2028-08-01,2028,8,"tavg",27.4705521723056,"SSP1-2.6 (Sustainability)","Statistical"
2028-09-01,2028,9,"tavg",25.9487573962382,"SSP1-2.6 (Sustainability)","Statistical"
2028-10-01,2028,10,"tavg",24.1122186398752,"SSP1-2.6 (Sustainability)","Statistical"
2028-11-01,2028,11,"tavg",23.5983700863342,"SSP1-2.6 (Sustainability)","Statistical"
2028-12-01,2028,12,"tavg",22.2471778611097,"SSP1-2.6 (Sustainability)","Statistical"
2029-01-01,2029,1,"tavg",23.2905880633965,"SSP1-2.6 (Sustainability)","Statistical"
2029-02-01,2029,2,"tavg",24.0598373236997,"SSP1-2.6 (Sustainability)","Statistical"
2029-03-01,2029,3,"tavg",26.1942394210299,"SSP1-2.6 (Sustainability)","Statistical"
2029-04-01,2029,4,"tavg",26.7249161006014,"SSP1-2.6 (Sustainability)","Statistical"
2029-05-01,2029,5,"tavg",28.4672640113314,"SSP1-2.6 (Sustainability)","Statistical"
2029-06-01,2029,6,"tavg",28.2958224783357,"SSP1-2.6 (Sustainability)","Statistical"
2029-07-01,2029,7,"tavg",28.2944639183846,"SSP1-2.6 (Sustainability)","Statistical"
2029-08-01,2029,8,"tavg",27.4128967051206,"SSP1-2.6 (Sustainability)","Statistical"
2029-09-01,2029,9,"tavg",25.8372004419779,"SSP1-2.6 (Sustainability)","Statistical"
2029-10-01,2029,10,"tavg",24.3899080179083,"SSP1-2.6 (Sustainability)","Statistical"
2029-11-01,2029,11,"tavg",23.2244605637529,"SSP1-2.6 (Sustainability)","Statistical"
2029-12-01,2029,12,"tavg",23.5556277117607,"SSP1-2.6 (Sustainability)","Statistical"
2030-01-01,2030,1,"tavg",23.431683176112,"SSP1-2.6 (Sustainability)","Statistical"
2030-02-01,2030,2,"tavg",24.0697755695646,"SSP1-2.6 (Sustainability)","Statistical"
2030-03-01,2030,3,"tavg",26.0702234519527,"SSP1-2.6 (Sustainability)","Statistical"
2030-04-01,2030,4,"tavg",27.1575814596548,"SSP1-2.6 (Sustainability)","Statistical"
2030-05-01,2030,5,"tavg",28.9295617981573,"SSP1-2.6 (Sustainability)","Statistical"
2030-06-01,2030,6,"tavg",28.9405925977895,"SSP1-2.6 (Sustainability)","Statistical"
2030-07-01,2030,7,"tavg",28.3886544635493,"SSP1-2.6 (Sustainability)","Statistical"
2030-08-01,2030,8,"tavg",27.081931506189,"SSP1-2.6 (Sustainability)","Statistical"
2030-09-01,2030,9,"tavg",26.3185287792931,"SSP1-2.6 (Sustainability)","Statistical"
2030-10-01,2030,10,"tavg",24.3018197653339,"SSP1-2.6 (Sustainability)","Statistical"
2030-11-01,2030,11,"tavg",23.9528077981277,"SSP1-2.6 (Sustainability)","Statistical"
2030-12-01,2030,12,"tavg",21.8826675296523,"SSP1-2.6 (Sustainability)","Statistical"
2031-01-01,2031,1,"tavg",23.9233126172105,"SSP1-2.6 (Sustainability)","Statistical"
2031-02-01,2031,2,"tavg",24.5526235627343,"SSP1-2.6 (Sustainability)","Statistical"
2031-03-01,2031,3,"tavg",26.8290529518001,"SSP1-2.6 (Sustainability)","Statistical"
2031-04-01,2031,4,"tavg",27.7437218900069,"SSP1-2.6 (Sustainability)","Statistical"
2031-05-01,2031,5,"tavg",28.1520370904267,"SSP1-2.6 (Sustainability)","Statistical"
2031-06-01,2031,6,"tavg",29.1546269026154,"SSP1-2.6 (Sustainability)","Statistical"
2031-07-01,2031,7,"tavg",28.1471890168015,"SSP1-2.6 (Sustainability)","Statistical"
2031-08-01,2031,8,"tavg",27.1852376353426,"SSP1-2.6 (Sustainability)","Statistical"
2031-09-01,2031,9,"tavg",25.6756130554162,"SSP1-2.6 (Sustainability)","Statistical"
2031-10-01,2031,10,"tavg",24.4865078849375,"SSP1-2.6 (Sustainability)","Statistical"
2031-11-01,2031,11,"tavg",24.0215025105313,"SSP1-2.6 (Sustainability)","Statistical"
2031-12-01,2031,12,"tavg",23.072104582102,"SSP1-2.6 (Sustainability)","Statistical"
2032-01-01,2032,1,"tavg",23.1366637802035,"SSP1-2.6 (Sustainability)","Statistical"
2032-02-01,2032,2,"tavg",23.8595712689878,"SSP1-2.6 (Sustainability)","Statistical"
2032-03-01,2032,3,"tavg",25.6172284248898,"SSP1-2.6 (Sustainability)","Statistical"
2032-04-01,2032,4,"tavg",26.6501790279984,"SSP1-2.6 (Sustainability)","Statistical"
2032-05-01,2032,5,"tavg",29.5658019698236,"SSP1-2.6 (Sustainability)","Statistical"
2032-06-01,2032,6,"tavg",29.3910288580443,"SSP1-2.6 (Sustainability)","Statistical"
2032-07-01,2032,7,"tavg",28.6391370446425,"SSP1-2.6 (Sustainability)","Statistical"
2032-08-01,2032,8,"tavg",27.8784678179772,"SSP1-2.6 (Sustainability)","Statistical"
2032-09-01,2032,9,"tavg",26.1160784721556,"SSP1-2.6 (Sustainability)","Statistical"
2032-10-01,2032,10,"tavg",24.3925509289787,"SSP1-2.6 (Sustainability)","Statistical"
2032-11-01,2032,11,"tavg",23.5357357692756,"SSP1-2.6 (Sustainability)","Statistical"
2032-12-01,2032,12,"tavg",22.8519327643469,"SSP1-2.6 (Sustainability)","Statistical"
2033-01-01,2033,1,"tavg",23.7353697603661,"SSP1-2.6 (Sustainability)","Statistical"
2033-02-01,2033,2,"tavg",24.1137001266479,"SSP1-2.6 (Sustainability)","Statistical"
2033-03-01,2033,3,"tavg",25.6109235524647,"SSP1-2.6 (Sustainability)","Statistical"
2033-04-01,2033,4,"tavg",26.6330367097051,"SSP1-2.6 (Sustainability)","Statistical"
2033-05-01,2033,5,"tavg",28.995765738068,"SSP1-2.6 (Sustainability)","Statistical"
2033-06-01,2033,6,"tavg",30.3092831902087,"SSP1-2.6 (Sustainability)","Statistical"
2033-07-01,2033,7,"tavg",29.2109288095012,"SSP1-2.6 (Sustainability)","Statistical"
2033-08-01,2033,8,"tavg",26.8238812197129,"SSP1-2.6 (Sustainability)","Statistical"
2033-09-01,2033,9,"tavg",26.0989464047295,"SSP1-2.6 (Sustainability)","Statistical"
2033-10-01,2033,10,"tavg",24.6589663327982,"SSP1-2.6 (Sustainability)","Statistical"
2033-11-01,2033,11,"tavg",23.2176216269272,"SSP1-2.6 (Sustainability)","Statistical"
2033-12-01,2033,12,"tavg",22.5031647509765,"SSP1-2.6 (Sustainability)","Statistical"
2034-01-01,2034,1,"tavg",23.1547036584404,"SSP1-2.6 (Sustainability)","Statistical"
2034-02-01,2034,2,"tavg",24.5076953436841,"SSP1-2.6 (Sustainability)","Statistical"
2034-03-01,2034,3,"tavg",26.5173547932336,"SSP1-2.6 (Sustainability)","Statistical"
2034-04-01,2034,4,"tavg",27.2811351147521,"SSP1-2.6 (Sustainability)","Statistical"
2034-05-01,2034,5,"tavg",28.3182565318866,"SSP1-2.6 (Sustainability)","Statistical"
2034-06-01,2034,6,"tavg",27.9682942020615,"SSP1-2.6 (Sustainability)","Statistical"
2034-07-01,2034,7,"tavg",27.9339641808396,"SSP1-2.6 (Sustainability)","Statistical"
2034-08-01,2034,8,"tavg",27.1992100767766,"SSP1-2.6 (Sustainability)","Statistical"
2034-09-01,2034,9,"tavg",25.1791009568444,"SSP1-2.6 (Sustainability)","Statistical"
2034-10-01,2034,10,"tavg",23.9681165294734,"SSP1-2.6 (Sustainability)","Statistical"
2034-11-01,2034,11,"tavg",23.2081087021538,"SSP1-2.6 (Sustainability)","Statistical"
2034-12-01,2034,12,"tavg",22.3610651031635,"SSP1-2.6 (Sustainability)","Statistical"
2035-01-01,2035,1,"tavg",23.9421973775577,"SSP1-2.6 (Sustainability)","Statistical"
2035-02-01,2035,2,"tavg",24.7894479152374,"SSP1-2.6 (Sustainability)","Statistical"
2035-03-01,2035,3,"tavg",25.6536846703646,"SSP1-2.6 (Sustainability)","Statistical"
2035-04-01,2035,4,"tavg",27.3602229136145,"SSP1-2.6 (Sustainability)","Statistical"
2035-05-01,2035,5,"tavg",28.5979004247242,"SSP1-2.6 (Sustainability)","Statistical"
2035-06-01,2035,6,"tavg",28.9106106245975,"SSP1-2.6 (Sustainability)","Statistical"
2035-07-01,2035,7,"tavg",28.4370770449849,"SSP1-2.6 (Sustainability)","Statistical"
2035-08-01,2035,8,"tavg",26.918763697942,"SSP1-2.6 (Sustainability)","Statistical"
2035-09-01,2035,9,"tavg",25.6182698372219,"SSP1-2.6 (Sustainability)","Statistical"
2035-10-01,2035,10,"tavg",25.0673104320743,"SSP1-2.6 (Sustainability)","Statistical"
2035-11-01,2035,11,"tavg",22.9588656500515,"SSP1-2.6 (Sustainability)","Statistical"
2035-12-01,2035,12,"tavg",22.9722687803327,"SSP1-2.6 (Sustainability)","Statistical"
2036-01-01,2036,1,"tavg",22.7086247910323,"SSP1-2.6 (Sustainability)","Statistical"
2036-02-01,2036,2,"tavg",24.4795118885698,"SSP1-2.6 (Sustainability)","Statistical"
2036-03-01,2036,3,"tavg",26.6078203172574,"SSP1-2.6 (Sustainability)","Statistical"
2036-04-01,2036,4,"tavg",26.2685888284788,"SSP1-2.6 (Sustainability)","Statistical"
2036-05-01,2036,5,"tavg",28.5910643869208,"SSP1-2.6 (Sustainability)","Statistical"
2036-06-01,2036,6,"tavg",28.2897221550283,"SSP1-2.6 (Sustainability)","Statistical"
2036-07-01,2036,7,"tavg",28.5749922812216,"SSP1-2.6 (Sustainability)","Statistical"
2036-08-01,2036,8,"tavg",26.7411021075726,"SSP1-2.6 (Sustainability)","Statistical"
2036-09-01,2036,9,"tavg",25.2154193651805,"SSP1-2.6 (Sustainability)","Statistical"
2036-10-01,2036,10,"tavg",25.1190663598223,"SSP1-2.6 (Sustainability)","Statistical"
2036-11-01,2036,11,"tavg",24.1816760327008,"SSP1-2.6 (Sustainability)","Statistical"
2036-12-01,2036,12,"tavg",22.6079526451425,"SSP1-2.6 (Sustainability)","Statistical"
2037-01-01,2037,1,"tavg",24.2279320575462,"SSP1-2.6 (Sustainability)","Statistical"
2037-02-01,2037,2,"tavg",24.4505995776981,"SSP1-2.6 (Sustainability)","Statistical"
2037-03-01,2037,3,"tavg",26.8055128856637,"SSP1-2.6 (Sustainability)","Statistical"
2037-04-01,2037,4,"tavg",27.653981077499,"SSP1-2.6 (Sustainability)","Statistical"
2037-05-01,2037,5,"tavg",29.0292785278267,"SSP1-2.6 (Sustainability)","Statistical"
2037-06-01,2037,6,"tavg",28.3239044485733,"SSP1-2.6 (Sustainability)","Statistical"
2037-07-01,2037,7,"tavg",28.0118071621286,"SSP1-2.6 (Sustainability)","Statistical"
2037-08-01,2037,8,"tavg",27.904915700683,"SSP1-2.6 (Sustainability)","Statistical"
2037-09-01,2037,9,"tavg",24.8691136444997,"SSP1-2.6 (Sustainability)","Statistical"
2037-10-01,2037,10,"tavg",24.7605869696665,"SSP1-2.6 (Sustainability)","Statistical"
2037-11-01,2037,11,"tavg",24.1316577045374,"SSP1-2.6 (Sustainability)","Statistical"
2037-12-01,2037,12,"tavg",22.6032805602201,"SSP1-2.6 (Sustainability)","Statistical"
2038-01-01,2038,1,"tavg",23.4062686729427,"SSP1-2.6 (Sustainability)","Statistical"
2038-02-01,2038,2,"tavg",24.1988427152994,"SSP1-2.6 (Sustainability)","Statistical"
2038-03-01,2038,3,"tavg",26.9705091591392,"SSP1-2.6 (Sustainability)","Statistical"
2038-04-01,2038,4,"tavg",25.8359783958413,"SSP1-2.6 (Sustainability)","Statistical"
2038-05-01,2038,5,"tavg",28.8543376360443,"SSP1-2.6 (Sustainability)","Statistical"
2038-06-01,2038,6,"tavg",28.4848011231572,"SSP1-2.6 (Sustainability)","Statistical"
2038-07-01,2038,7,"tavg",28.3526385400072,"SSP1-2.6 (Sustainability)","Statistical"
2038-08-01,2038,8,"tavg",27.2455684851258,"SSP1-2.6 (Sustainability)","Statistical"
2038-09-01,2038,9,"tavg",24.8134512732002,"SSP1-2.6 (Sustainability)","Statistical"
2038-10-01,2038,10,"tavg",24.5510742030369,"SSP1-2.6 (Sustainability)","Statistical"
2038-11-01,2038,11,"tavg",23.0199253390668,"SSP1-2.6 (Sustainability)","Statistical"
2038-12-01,2038,12,"tavg",23.3719424909688,"SSP1-2.6 (Sustainability)","Statistical"
2039-01-01,2039,1,"tavg",22.7320798942041,"SSP1-2.6 (Sustainability)","Statistical"
2039-02-01,2039,2,"tavg",23.590409693815,"SSP1-2.6 (Sustainability)","Statistical"
2039-03-01,2039,3,"tavg",26.5729655413117,"SSP1-2.6 (Sustainability)","Statistical"
2039-04-01,2039,4,"tavg",26.9549641312069,"SSP1-2.6 (Sustainability)","Statistical"
2039-05-01,2039,5,"tavg",28.4094027527624,"SSP1-2.6 (Sustainability)","Statistical"
2039-06-01,2039,6,"tavg",28.7737342666477,"SSP1-2.6 (Sustainability)","Statistical"
2039-07-01,2039,7,"tavg",29.1537808376125,"SSP1-2.6 (Sustainability)","Statistical"
2039-08-01,2039,8,"tavg",26.2063854646728,"SSP1-2.6 (Sustainability)","Statistical"
2039-09-01,2039,9,"tavg",26.3560072002713,"SSP1-2.6 (Sustainability)","Statistical"
2039-10-01,2039,10,"tavg",25.7776499303933,"SSP1-2.6 (Sustainability)","Statistical"
2039-11-01,2039,11,"tavg",23.324327616361,"SSP1-2.6 (Sustainability)","Statistical"
2039-12-01,2039,12,"tavg",22.8972558757755,"SSP1-2.6 (Sustainability)","Statistical"
2040-01-01,2040,1,"tavg",23.4901382706486,"SSP1-2.6 (Sustainability)","Statistical"
2040-02-01,2040,2,"tavg",23.3776754032756,"SSP1-2.6 (Sustainability)","Statistical"
2040-03-01,2040,3,"tavg",25.3562225293631,"SSP1-2.6 (Sustainability)","Statistical"
2040-04-01,2040,4,"tavg",27.6963508311579,"SSP1-2.6 (Sustainability)","Statistical"
2040-05-01,2040,5,"tavg",28.8156460993695,"SSP1-2.6 (Sustainability)","Statistical"
2040-06-01,2040,6,"tavg",28.7583658892164,"SSP1-2.6 (Sustainability)","Statistical"
2040-07-01,2040,7,"tavg",28.258948071906,"SSP1-2.6 (Sustainability)","Statistical"
2040-08-01,2040,8,"tavg",27.292697949235,"SSP1-2.6 (Sustainability)","Statistical"
2040-09-01,2040,9,"tavg",26.396919867744,"SSP1-2.6 (Sustainability)","Statistical"
2040-10-01,2040,10,"tavg",24.2320482506265,"SSP1-2.6 (Sustainability)","Statistical"
2040-11-01,2040,11,"tavg",23.5578117517519,"SSP1-2.6 (Sustainability)","Statistical"
2040-12-01,2040,12,"tavg",22.3322215662732,"SSP1-2.6 (Sustainability)","Statistical"
2041-01-01,2041,1,"tavg",22.4510418234391,"SSP1-2.6 (Sustainability)","Statistical"
2041-02-01,2041,2,"tavg",23.7440292010459,"SSP1-2.6 (Sustainability)","Statistical"
2041-03-01,2041,3,"tavg",27.3717868147311,"SSP1-2.6 (Sustainability)","Statistical"
2041-04-01,2041,4,"tavg",27.3848850887553,"SSP1-2.6 (Sustainability)","Statistical"
2041-05-01,2041,5,"tavg",29.2387548351396,"SSP1-2.6 (Sustainability)","Statistical"
2041-06-01,2041,6,"tavg",28.3908466272571,"SSP1-2.6 (Sustainability)","Statistical"
2041-07-01,2041,7,"tavg",28.9769993856934,"SSP1-2.6 (Sustainability)","Statistical"
2041-08-01,2041,8,"tavg",27.3377209502452,"SSP1-2.6 (Sustainability)","Statistical"
2041-09-01,2041,9,"tavg",26.080267134608,"SSP1-2.6 (Sustainability)","Statistical"
2041-10-01,2041,10,"tavg",24.6071710043286,"SSP1-2.6 (Sustainability)","Statistical"
2041-11-01,2041,11,"tavg",24.170672840546,"SSP1-2.6 (Sustainability)","Statistical"
2041-12-01,2041,12,"tavg",23.0558619500167,"SSP1-2.6 (Sustainability)","Statistical"
2042-01-01,2042,1,"tavg",24.2985079337493,"SSP1-2.6 (Sustainability)","Statistical"
2042-02-01,2042,2,"tavg",25.0145592006863,"SSP1-2.6 (Sustainability)","Statistical"
2042-03-01,2042,3,"tavg",25.9811600198796,"SSP1-2.6 (Sustainability)","Statistical"
2042-04-01,2042,4,"tavg",27.0497697057627,"SSP1-2.6 (Sustainability)","Statistical"
2042-05-01,2042,5,"tavg",28.0475144648945,"SSP1-2.6 (Sustainability)","Statistical"
2042-06-01,2042,6,"tavg",29.5407586047023,"SSP1-2.6 (Sustainability)","Statistical"
2042-07-01,2042,7,"tavg",28.4909035812299,"SSP1-2.6 (Sustainability)","Statistical"
2042-08-01,2042,8,"tavg",27.516156036402,"SSP1-2.6 (Sustainability)","Statistical"
2042-09-01,2042,9,"tavg",25.5126337165655,"SSP1-2.6 (Sustainability)","Statistical"
2042-10-01,2042,10,"tavg",25.4757104955767,"SSP1-2.6 (Sustainability)","Statistical"
2042-11-01,2042,11,"tavg",21.9864411950419,"SSP1-2.6 (Sustainability)","Statistical"
2042-12-01,2042,12,"tavg",23.0943314691179,"SSP1-2.6 (Sustainability)","Statistical"
2043-01-01,2043,1,"tavg",23.5998264711864,"SSP1-2.6 (Sustainability)","Statistical"
2043-02-01,2043,2,"tavg",25.1336246510106,"SSP1-2.6 (Sustainability)","Statistical"
2043-03-01,2043,3,"tavg",25.8338431852727,"SSP1-2.6 (Sustainability)","Statistical"
2043-04-01,2043,4,"tavg",27.169119720953,"SSP1-2.6 (Sustainability)","Statistical"
2043-05-01,2043,5,"tavg",27.7925154353953,"SSP1-2.6 (Sustainability)","Statistical"
2043-06-01,2043,6,"tavg",29.8189528873669,"SSP1-2.6 (Sustainability)","Statistical"
2043-07-01,2043,7,"tavg",28.3688473385669,"SSP1-2.6 (Sustainability)","Statistical"
2043-08-01,2043,8,"tavg",27.2732576683536,"SSP1-2.6 (Sustainability)","Statistical"
2043-09-01,2043,9,"tavg",26.1305701544395,"SSP1-2.6 (Sustainability)","Statistical"
2043-10-01,2043,10,"tavg",24.0572863389061,"SSP1-2.6 (Sustainability)","Statistical"
2043-11-01,2043,11,"tavg",23.0105190040153,"SSP1-2.6 (Sustainability)","Statistical"
2043-12-01,2043,12,"tavg",23.3117699092904,"SSP1-2.6 (Sustainability)","Statistical"
2044-01-01,2044,1,"tavg",23.4736385115682,"SSP1-2.6 (Sustainability)","Statistical"
2044-02-01,2044,2,"tavg",24.3350770890541,"SSP1-2.6 (Sustainability)","Statistical"
2044-03-01,2044,3,"tavg",26.5875636080726,"SSP1-2.6 (Sustainability)","Statistical"
2044-04-01,2044,4,"tavg",26.8354777124521,"SSP1-2.6 (Sustainability)","Statistical"
2044-05-01,2044,5,"tavg",28.923752247223,"SSP1-2.6 (Sustainability)","Statistical"
2044-06-01,2044,6,"tavg",28.8239564387178,"SSP1-2.6 (Sustainability)","Statistical"
2044-07-01,2044,7,"tavg",28.904205813096,"SSP1-2.6 (Sustainability)","Statistical"
2044-08-01,2044,8,"tavg",27.8316935889535,"SSP1-2.6 (Sustainability)","Statistical"
2044-09-01,2044,9,"tavg",26.5336084855467,"SSP1-2.6 (Sustainability)","Statistical"
2044-10-01,2044,10,"tavg",24.957725991918,"SSP1-2.6 (Sustainability)","Statistical"
2044-11-01,2044,11,"tavg",23.1679932153443,"SSP1-2.6 (Sustainability)","Statistical"
2044-12-01,2044,12,"tavg",22.2210619099637,"SSP1-2.6 (Sustainability)","Statistical"
2045-01-01,2045,1,"tavg",23.5129431657286,"SSP1-2.6 (Sustainability)","Statistical"
2045-02-01,2045,2,"tavg",24.8377065011608,"SSP1-2.6 (Sustainability)","Statistical"
2045-03-01,2045,3,"tavg",26.3095009356373,"SSP1-2.6 (Sustainability)","Statistical"
2045-04-01,2045,4,"tavg",27.4063312303619,"SSP1-2.6 (Sustainability)","Statistical"
2045-05-01,2045,5,"tavg",29.2381686199701,"SSP1-2.6 (Sustainability)","Statistical"
2045-06-01,2045,6,"tavg",28.890995391474,"SSP1-2.6 (Sustainability)","Statistical"
2045-07-01,2045,7,"tavg",28.2946742856685,"SSP1-2.6 (Sustainability)","Statistical"
2045-08-01,2045,8,"tavg",27.7252701634523,"SSP1-2.6 (Sustainability)","Statistical"
2045-09-01,2045,9,"tavg",26.5196863521826,"SSP1-2.6 (Sustainability)","Statistical"
2045-10-01,2045,10,"tavg",24.6472764903199,"SSP1-2.6 (Sustainability)","Statistical"
2045-11-01,2045,11,"tavg",23.3725542177604,"SSP1-2.6 (Sustainability)","Statistical"
2045-12-01,2045,12,"tavg",23.1078496438754,"SSP1-2.6 (Sustainability)","Statistical"
2046-01-01,2046,1,"tavg",23.2787431848191,"SSP1-2.6 (Sustainability)","Statistical"
2046-02-01,2046,2,"tavg",24.2587546040289,"SSP1-2.6 (Sustainability)","Statistical"
2046-03-01,2046,3,"tavg",26.4835584759675,"SSP1-2.6 (Sustainability)","Statistical"
2046-04-01,2046,4,"tavg",27.5438484059691,"SSP1-2.6 (Sustainability)","Statistical"
2046-05-01,2046,5,"tavg",28.6446938945933,"SSP1-2.6 (Sustainability)","Statistical"
2046-06-01,2046,6,"tavg",29.2247661119384,"SSP1-2.6 (Sustainability)","Statistical"
2046-07-01,2046,7,"tavg",28.8974058466985,"SSP1-2.6 (Sustainability)","Statistical"
2046-08-01,2046,8,"tavg",27.7403147628474,"SSP1-2.6 (Sustainability)","Statistical"
2046-09-01,2046,9,"tavg",26.3927343342218,"SSP1-2.6 (Sustainability)","Statistical"
2046-10-01,2046,10,"tavg",24.5055913707356,"SSP1-2.6 (Sustainability)","Statistical"
2046-11-01,2046,11,"tavg",23.6344712856432,"SSP1-2.6 (Sustainability)","Statistical"
2046-12-01,2046,12,"tavg",22.578913539754,"SSP1-2.6 (Sustainability)","Statistical"
2047-01-01,2047,1,"tavg",23.1635370956535,"SSP1-2.6 (Sustainability)","Statistical"
2047-02-01,2047,2,"tavg",24.0763546411808,"SSP1-2.6 (Sustainability)","Statistical"
2047-03-01,2047,3,"tavg",25.4205718652764,"SSP1-2.6 (Sustainability)","Statistical"
2047-04-01,2047,4,"tavg",27.5138646254026,"SSP1-2.6 (Sustainability)","Statistical"
2047-05-01,2047,5,"tavg",27.95081441685,"SSP1-2.6 (Sustainability)","Statistical"
2047-06-01,2047,6,"tavg",29.2451676031755,"SSP1-2.6 (Sustainability)","Statistical"
2047-07-01,2047,7,"tavg",28.1000574231559,"SSP1-2.6 (Sustainability)","Statistical"
2047-08-01,2047,8,"tavg",27.3510265201891,"SSP1-2.6 (Sustainability)","Statistical"
2047-09-01,2047,9,"tavg",25.4850640502285,"SSP1-2.6 (Sustainability)","Statistical"
2047-10-01,2047,10,"tavg",24.0318895942983,"SSP1-2.6 (Sustainability)","Statistical"
2047-11-01,2047,11,"tavg",23.9138622655139,"SSP1-2.6 (Sustainability)","Statistical"
2047-12-01,2047,12,"tavg",23.646303346553,"SSP1-2.6 (Sustainability)","Statistical"
2048-01-01,2048,1,"tavg",23.5241643950698,"SSP1-2.6 (Sustainability)","Statistical"
2048-02-01,2048,2,"tavg",24.045742879387,"SSP1-2.6 (Sustainability)","Statistical"
2048-03-01,2048,3,"tavg",25.2188622725093,"SSP1-2.6 (Sustainability)","Statistical"
2048-04-01,2048,4,"tavg",27.54557881005,"SSP1-2.6 (Sustainability)","Statistical"
2048-05-01,2048,5,"tavg",28.7358384927447,"SSP1-2.6 (Sustainability)","Statistical"
2048-06-01,2048,6,"tavg",29.0362353939443,"SSP1-2.6 (Sustainability)","Statistical"
2048-07-01,2048,7,"tavg",27.8290724421537,"SSP1-2.6 (Sustainability)","Statistical"
2048-08-01,2048,8,"tavg",27.3766934900038,"SSP1-2.6 (Sustainability)","Statistical"
2048-09-01,2048,9,"tavg",26.0717271727948,"SSP1-2.6 (Sustainability)","Statistical"
2048-10-01,2048,10,"tavg",24.8685462743412,"SSP1-2.6 (Sustainability)","Statistical"
2048-11-01,2048,11,"tavg",22.9467837292821,"SSP1-2.6 (Sustainability)","Statistical"
2048-12-01,2048,12,"tavg",23.5218034505108,"SSP1-2.6 (Sustainability)","Statistical"
2049-01-01,2049,1,"tavg",23.5164452656167,"SSP1-2.6 (Sustainability)","Statistical"
2049-02-01,2049,2,"tavg",24.8605334216201,"SSP1-2.6 (Sustainability)","Statistical"
2049-03-01,2049,3,"tavg",26.1338393972834,"SSP1-2.6 (Sustainability)","Statistical"
2049-04-01,2049,4,"tavg",27.6719240606266,"SSP1-2.6 (Sustainability)","Statistical"
2049-05-01,2049,5,"tavg",28.7133253275413,"SSP1-2.6 (Sustainability)","Statistical"
2049-06-01,2049,6,"tavg",29.7361665621183,"SSP1-2.6 (Sustainability)","Statistical"
2049-07-01,2049,7,"tavg",28.3653775093448,"SSP1-2.6 (Sustainability)","Statistical"
2049-08-01,2049,8,"tavg",27.4518988116146,"SSP1-2.6 (Sustainability)","Statistical"
2049-09-01,2049,9,"tavg",26.4733994452252,"SSP1-2.6 (Sustainability)","Statistical"
2049-10-01,2049,10,"tavg",24.9126431634787,"SSP1-2.6 (Sustainability)","Statistical"
2049-11-01,2049,11,"tavg",23.6251620018704,"SSP1-2.6 (Sustainability)","Statistical"
2049-12-01,2049,12,"tavg",22.6386845386556,"SSP1-2.6 (Sustainability)","Statistical"
2050-01-01,2050,1,"tavg",23.7359481877338,"SSP1-2.6 (Sustainability)","Statistical"
2050-02-01,2050,2,"tavg",24.5935904068517,"SSP1-2.6 (Sustainability)","Statistical"
2050-03-01,2050,3,"tavg",26.5657444048799,"SSP1-2.6 (Sustainability)","Statistical"
2050-04-01,2050,4,"tavg",27.2491843818043,"SSP1-2.6 (Sustainability)","Statistical"
2050-05-01,2050,5,"tavg",30.0861935413604,"SSP1-2.6 (Sustainability)","Statistical"
2050-06-01,2050,6,"tavg",28.9321973885843,"SSP1-2.6 (Sustainability)","Statistical"
2050-07-01,2050,7,"tavg",29.3847505288897,"SSP1-2.6 (Sustainability)","Statistical"
2050-08-01,2050,8,"tavg",26.8371903459444,"SSP1-2.6 (Sustainability)","Statistical"
2050-09-01,2050,9,"tavg",25.6974544964464,"SSP1-2.6 (Sustainability)","Statistical"
2050-10-01,2050,10,"tavg",24.722064948371,"SSP1-2.6 (Sustainability)","Statistical"
2050-11-01,2050,11,"tavg",24.1256296437894,"SSP1-2.6 (Sustainability)","Statistical"
2050-12-01,2050,12,"tavg",23.1990964206594,"SSP1-2.6 (Sustainability)","Statistical"
2051-01-01,2051,1,"tavg",24.4322280761622,"SSP1-2.6 (Sustainability)","Statistical"
2051-02-01,2051,2,"tavg",24.4500446196316,"SSP1-2.6 (Sustainability)","Statistical"
2051-03-01,2051,3,"tavg",27.5709199638044,"SSP1-2.6 (Sustainability)","Statistical"
2051-04-01,2051,4,"tavg",26.6086284440142,"SSP1-2.6 (Sustainability)","Statistical"
2051-05-01,2051,5,"tavg",28.2753604218941,"SSP1-2.6 (Sustainability)","Statistical"
2051-06-01,2051,6,"tavg",29.7076743981815,"SSP1-2.6 (Sustainability)","Statistical"
2051-07-01,2051,7,"tavg",29.3342014261249,"SSP1-2.6 (Sustainability)","Statistical"
2051-08-01,2051,8,"tavg",27.5614252478257,"SSP1-2.6 (Sustainability)","Statistical"
2051-09-01,2051,9,"tavg",25.9076780021204,"SSP1-2.6 (Sustainability)","Statistical"
2051-10-01,2051,10,"tavg",23.8876532638605,"SSP1-2.6 (Sustainability)","Statistical"
2051-11-01,2051,11,"tavg",23.8914247036428,"SSP1-2.6 (Sustainability)","Statistical"
2051-12-01,2051,12,"tavg",22.5164973312217,"SSP1-2.6 (Sustainability)","Statistical"
2052-01-01,2052,1,"tavg",24.4257353462203,"SSP1-2.6 (Sustainability)","Statistical"
2052-02-01,2052,2,"tavg",25.406670390741,"SSP1-2.6 (Sustainability)","Statistical"
2052-03-01,2052,3,"tavg",26.2261431848565,"SSP1-2.6 (Sustainability)","Statistical"
2052-04-01,2052,4,"tavg",27.852821794688,"SSP1-2.6 (Sustainability)","Statistical"
2052-05-01,2052,5,"tavg",28.4512774404757,"SSP1-2.6 (Sustainability)","Statistical"
2052-06-01,2052,6,"tavg",28.8775311799687,"SSP1-2.6 (Sustainability)","Statistical"
2052-07-01,2052,7,"tavg",29.3476425030238,"SSP1-2.6 (Sustainability)","Statistical"
2052-08-01,2052,8,"tavg",28.2463679875838,"SSP1-2.6 (Sustainability)","Statistical"
2052-09-01,2052,9,"tavg",26.9750163534768,"SSP1-2.6 (Sustainability)","Statistical"
2052-10-01,2052,10,"tavg",24.2973839750022,"SSP1-2.6 (Sustainability)","Statistical"
2052-11-01,2052,11,"tavg",23.6530585850608,"SSP1-2.6 (Sustainability)","Statistical"
2052-12-01,2052,12,"tavg",23.8640938047611,"SSP1-2.6 (Sustainability)","Statistical"
2053-01-01,2053,1,"tavg",23.073819522443,"SSP1-2.6 (Sustainability)","Statistical"
2053-02-01,2053,2,"tavg",24.6044211104465,"SSP1-2.6 (Sustainability)","Statistical"
2053-03-01,2053,3,"tavg",25.5334645812701,"SSP1-2.6 (Sustainability)","Statistical"
2053-04-01,2053,4,"tavg",26.4435251632208,"SSP1-2.6 (Sustainability)","Statistical"
2053-05-01,2053,5,"tavg",29.1870955246234,"SSP1-2.6 (Sustainability)","Statistical"
2053-06-01,2053,6,"tavg",29.6056370552679,"SSP1-2.6 (Sustainability)","Statistical"
2053-07-01,2053,7,"tavg",29.460409441912,"SSP1-2.6 (Sustainability)","Statistical"
2053-08-01,2053,8,"tavg",28.0867328428642,"SSP1-2.6 (Sustainability)","Statistical"
2053-09-01,2053,9,"tavg",26.184704949278,"SSP1-2.6 (Sustainability)","Statistical"
2053-10-01,2053,10,"tavg",25.1029131400413,"SSP1-2.6 (Sustainability)","Statistical"
2053-11-01,2053,11,"tavg",23.0213417040098,"SSP1-2.6 (Sustainability)","Statistical"
2053-12-01,2053,12,"tavg",23.1638789053461,"SSP1-2.6 (Sustainability)","Statistical"
2024-01-01,2024,1,"tavg",26.5591180377023,"SSP1-2.6 (Sustainability)","ARIMA"
2024-02-01,2024,2,"tavg",27.6136512098293,"SSP1-2.6 (Sustainability)","ARIMA"
2024-03-01,2024,3,"tavg",29.2578448941914,"SSP1-2.6 (Sustainability)","ARIMA"
2024-04-01,2024,4,"tavg",29.2640417388721,"SSP1-2.6 (Sustainability)","ARIMA"
2024-05-01,2024,5,"tavg",28.9692995385505,"SSP1-2.6 (Sustainability)","ARIMA"
2024-06-01,2024,6,"tavg",27.7608288904444,"SSP1-2.6 (Sustainability)","ARIMA"
2024-07-01,2024,7,"tavg",26.2148752149107,"SSP1-2.6 (Sustainability)","ARIMA"
2024-08-01,2024,8,"tavg",25.2142120953958,"SSP1-2.6 (Sustainability)","ARIMA"
2024-09-01,2024,9,"tavg",23.6934221304462,"SSP1-2.6 (Sustainability)","ARIMA"
2024-10-01,2024,10,"tavg",23.455456628002,"SSP1-2.6 (Sustainability)","ARIMA"
2024-11-01,2024,11,"tavg",24.0792374651044,"SSP1-2.6 (Sustainability)","ARIMA"
2024-12-01,2024,12,"tavg",24.7364041098176,"SSP1-2.6 (Sustainability)","ARIMA"
2025-01-01,2025,1,"tavg",26.6377527631575,"SSP1-2.6 (Sustainability)","ARIMA"
2025-02-01,2025,2,"tavg",27.7036330293543,"SSP1-2.6 (Sustainability)","ARIMA"
2025-03-01,2025,3,"tavg",29.3481872938856,"SSP1-2.6 (Sustainability)","ARIMA"
2025-04-01,2025,4,"tavg",29.3543955968355,"SSP1-2.6 (Sustainability)","ARIMA"
2025-05-01,2025,5,"tavg",29.0596537606269,"SSP1-2.6 (Sustainability)","ARIMA"
2025-06-01,2025,6,"tavg",27.8511831240914,"SSP1-2.6 (Sustainability)","ARIMA"
2025-07-01,2025,7,"tavg",26.3052294489254,"SSP1-2.6 (Sustainability)","ARIMA"
2025-08-01,2025,8,"tavg",25.3045663294222,"SSP1-2.6 (Sustainability)","ARIMA"
2025-09-01,2025,9,"tavg",23.7837763644729,"SSP1-2.6 (Sustainability)","ARIMA"
2025-10-01,2025,10,"tavg",23.5458108620288,"SSP1-2.6 (Sustainability)","ARIMA"
2025-11-01,2025,11,"tavg",24.1695916991311,"SSP1-2.6 (Sustainability)","ARIMA"
2025-12-01,2025,12,"tavg",24.8267583438443,"SSP1-2.6 (Sustainability)","ARIMA"
2026-01-01,2026,1,"tavg",26.7277069971843,"SSP1-2.6 (Sustainability)","ARIMA"
2026-02-01,2026,2,"tavg",27.793587263381,"SSP1-2.6 (Sustainability)","ARIMA"
2026-03-01,2026,3,"tavg",29.4381415279124,"SSP1-2.6 (Sustainability)","ARIMA"
2026-04-01,2026,4,"tavg",29.4443498308623,"SSP1-2.6 (Sustainability)","ARIMA"
2026-05-01,2026,5,"tavg",29.1496079946537,"SSP1-2.6 (Sustainability)","ARIMA"
2026-06-01,2026,6,"tavg",27.9411373581182,"SSP1-2.6 (Sustainability)","ARIMA"
2026-07-01,2026,7,"tavg",26.3951836829522,"SSP1-2.6 (Sustainability)","ARIMA"
2026-08-01,2026,8,"tavg",25.394520563449,"SSP1-2.6 (Sustainability)","ARIMA"
2026-09-01,2026,9,"tavg",23.8737305984997,"SSP1-2.6 (Sustainability)","ARIMA"
2026-10-01,2026,10,"tavg",23.6357650960555,"SSP1-2.6 (Sustainability)","ARIMA"
2026-11-01,2026,11,"tavg",24.2595459331579,"SSP1-2.6 (Sustainability)","ARIMA"
2026-12-01,2026,12,"tavg",24.9167125778711,"SSP1-2.6 (Sustainability)","ARIMA"
2027-01-01,2027,1,"tavg",26.8172612312111,"SSP1-2.6 (Sustainability)","ARIMA"
2027-02-01,2027,2,"tavg",27.8831414974078,"SSP1-2.6 (Sustainability)","ARIMA"
2027-03-01,2027,3,"tavg",29.5276957619392,"SSP1-2.6 (Sustainability)","ARIMA"
2027-04-01,2027,4,"tavg",29.5339040648891,"SSP1-2.6 (Sustainability)","ARIMA"
2027-05-01,2027,5,"tavg",29.2391622286805,"SSP1-2.6 (Sustainability)","ARIMA"
2027-06-01,2027,6,"tavg",28.030691592145,"SSP1-2.6 (Sustainability)","ARIMA"
2027-07-01,2027,7,"tavg",26.484737916979,"SSP1-2.6 (Sustainability)","ARIMA"
2027-08-01,2027,8,"tavg",25.4840747974757,"SSP1-2.6 (Sustainability)","ARIMA"
2027-09-01,2027,9,"tavg",23.9632848325264,"SSP1-2.6 (Sustainability)","ARIMA"
2027-10-01,2027,10,"tavg",23.7253193300823,"SSP1-2.6 (Sustainability)","ARIMA"
2027-11-01,2027,11,"tavg",24.3491001671847,"SSP1-2.6 (Sustainability)","ARIMA"
2027-12-01,2027,12,"tavg",25.0062668118979,"SSP1-2.6 (Sustainability)","ARIMA"
2028-01-01,2028,1,"tavg",26.9064154652378,"SSP1-2.6 (Sustainability)","ARIMA"
2028-02-01,2028,2,"tavg",27.9722957314346,"SSP1-2.6 (Sustainability)","ARIMA"
2028-03-01,2028,3,"tavg",29.6168499959659,"SSP1-2.6 (Sustainability)","ARIMA"
2028-04-01,2028,4,"tavg",29.6230582989158,"SSP1-2.6 (Sustainability)","ARIMA"
2028-05-01,2028,5,"tavg",29.3283164627072,"SSP1-2.6 (Sustainability)","ARIMA"
2028-06-01,2028,6,"tavg",28.1198458261718,"SSP1-2.6 (Sustainability)","ARIMA"
2028-07-01,2028,7,"tavg",26.5738921510057,"SSP1-2.6 (Sustainability)","ARIMA"
2028-08-01,2028,8,"tavg",25.5732290315025,"SSP1-2.6 (Sustainability)","ARIMA"
2028-09-01,2028,9,"tavg",24.0524390665532,"SSP1-2.6 (Sustainability)","ARIMA"
2028-10-01,2028,10,"tavg",23.8144735641091,"SSP1-2.6 (Sustainability)","ARIMA"
2028-11-01,2028,11,"tavg",24.4382544012114,"SSP1-2.6 (Sustainability)","ARIMA"
2028-12-01,2028,12,"tavg",25.0954210459247,"SSP1-2.6 (Sustainability)","ARIMA"
2029-01-01,2029,1,"tavg",26.9951696992646,"SSP1-2.6 (Sustainability)","ARIMA"
2029-02-01,2029,2,"tavg",28.0610499654614,"SSP1-2.6 (Sustainability)","ARIMA"
2029-03-01,2029,3,"tavg",29.7056042299927,"SSP1-2.6 (Sustainability)","ARIMA"
2029-04-01,2029,4,"tavg",29.7118125329426,"SSP1-2.6 (Sustainability)","ARIMA"
2029-05-01,2029,5,"tavg",29.417070696734,"SSP1-2.6 (Sustainability)","ARIMA"
2029-06-01,2029,6,"tavg",28.2086000601985,"SSP1-2.6 (Sustainability)","ARIMA"
2029-07-01,2029,7,"tavg",26.6626463850325,"SSP1-2.6 (Sustainability)","ARIMA"
2029-08-01,2029,8,"tavg",25.6619832655293,"SSP1-2.6 (Sustainability)","ARIMA"
2029-09-01,2029,9,"tavg",24.14119330058,"SSP1-2.6 (Sustainability)","ARIMA"
2029-10-01,2029,10,"tavg",23.9032277981359,"SSP1-2.6 (Sustainability)","ARIMA"
2029-11-01,2029,11,"tavg",24.5270086352382,"SSP1-2.6 (Sustainability)","ARIMA"
2029-12-01,2029,12,"tavg",25.1841752799515,"SSP1-2.6 (Sustainability)","ARIMA"
2030-01-01,2030,1,"tavg",27.0835239332914,"SSP1-2.6 (Sustainability)","ARIMA"
2030-02-01,2030,2,"tavg",28.1494041994882,"SSP1-2.6 (Sustainability)","ARIMA"
2030-03-01,2030,3,"tavg",29.7939584640195,"SSP1-2.6 (Sustainability)","ARIMA"
2030-04-01,2030,4,"tavg",29.8001667669694,"SSP1-2.6 (Sustainability)","ARIMA"
2030-05-01,2030,5,"tavg",29.5054249307608,"SSP1-2.6 (Sustainability)","ARIMA"
2030-06-01,2030,6,"tavg",28.2969542942253,"SSP1-2.6 (Sustainability)","ARIMA"
2030-07-01,2030,7,"tavg",26.7510006190593,"SSP1-2.6 (Sustainability)","ARIMA"
2030-08-01,2030,8,"tavg",25.7503374995561,"SSP1-2.6 (Sustainability)","ARIMA"
2030-09-01,2030,9,"tavg",24.2295475346068,"SSP1-2.6 (Sustainability)","ARIMA"
2030-10-01,2030,10,"tavg",23.9915820321626,"SSP1-2.6 (Sustainability)","ARIMA"
2030-11-01,2030,11,"tavg",24.615362869265,"SSP1-2.6 (Sustainability)","ARIMA"
2030-12-01,2030,12,"tavg",25.2725295139782,"SSP1-2.6 (Sustainability)","ARIMA"
2031-01-01,2031,1,"tavg",27.1714781673182,"SSP1-2.6 (Sustainability)","ARIMA"
2031-02-01,2031,2,"tavg",28.2373584335149,"SSP1-2.6 (Sustainability)","ARIMA"
2031-03-01,2031,3,"tavg",29.8819126980463,"SSP1-2.6 (Sustainability)","ARIMA"
2031-04-01,2031,4,"tavg",29.8881210009962,"SSP1-2.6 (Sustainability)","ARIMA"
2031-05-01,2031,5,"tavg",29.5933791647876,"SSP1-2.6 (Sustainability)","ARIMA"
2031-06-01,2031,6,"tavg",28.3849085282521,"SSP1-2.6 (Sustainability)","ARIMA"
2031-07-01,2031,7,"tavg",26.8389548530861,"SSP1-2.6 (Sustainability)","ARIMA"
2031-08-01,2031,8,"tavg",25.8382917335829,"SSP1-2.6 (Sustainability)","ARIMA"
2031-09-01,2031,9,"tavg",24.3175017686336,"SSP1-2.6 (Sustainability)","ARIMA"
2031-10-01,2031,10,"tavg",24.0795362661894,"SSP1-2.6 (Sustainability)","ARIMA"
2031-11-01,2031,11,"tavg",24.7033171032918,"SSP1-2.6 (Sustainability)","ARIMA"
2031-12-01,2031,12,"tavg",25.360483748005,"SSP1-2.6 (Sustainability)","ARIMA"
2032-01-01,2032,1,"tavg",27.2590324013449,"SSP1-2.6 (Sustainability)","ARIMA"
2032-02-01,2032,2,"tavg",28.3249126675417,"SSP1-2.6 (Sustainability)","ARIMA"
2032-03-01,2032,3,"tavg",29.9694669320731,"SSP1-2.6 (Sustainability)","ARIMA"
2032-04-01,2032,4,"tavg",29.9756752350229,"SSP1-2.6 (Sustainability)","ARIMA"
2032-05-01,2032,5,"tavg",29.6809333988143,"SSP1-2.6 (Sustainability)","ARIMA"
2032-06-01,2032,6,"tavg",28.4724627622789,"SSP1-2.6 (Sustainability)","ARIMA"
2032-07-01,2032,7,"tavg",26.9265090871128,"SSP1-2.6 (Sustainability)","ARIMA"
2032-08-01,2032,8,"tavg",25.9258459676096,"SSP1-2.6 (Sustainability)","ARIMA"
2032-09-01,2032,9,"tavg",24.4050560026603,"SSP1-2.6 (Sustainability)","ARIMA"
2032-10-01,2032,10,"tavg",24.1670905002162,"SSP1-2.6 (Sustainability)","ARIMA"
2032-11-01,2032,11,"tavg",24.7908713373185,"SSP1-2.6 (Sustainability)","ARIMA"
2032-12-01,2032,12,"tavg",25.4480379820318,"SSP1-2.6 (Sustainability)","ARIMA"
2033-01-01,2033,1,"tavg",27.3461866353717,"SSP1-2.6 (Sustainability)","ARIMA"
2033-02-01,2033,2,"tavg",28.4120669015685,"SSP1-2.6 (Sustainability)","ARIMA"
2033-03-01,2033,3,"tavg",30.0566211660998,"SSP1-2.6 (Sustainability)","ARIMA"
2033-04-01,2033,4,"tavg",30.0628294690497,"SSP1-2.6 (Sustainability)","ARIMA"
2033-05-01,2033,5,"tavg",29.7680876328411,"SSP1-2.6 (Sustainability)","ARIMA"
2033-06-01,2033,6,"tavg",28.5596169963057,"SSP1-2.6 (Sustainability)","ARIMA"
2033-07-01,2033,7,"tavg",27.0136633211396,"SSP1-2.6 (Sustainability)","ARIMA"
2033-08-01,2033,8,"tavg",26.0130002016364,"SSP1-2.6 (Sustainability)","ARIMA"
2033-09-01,2033,9,"tavg",24.4922102366871,"SSP1-2.6 (Sustainability)","ARIMA"
2033-10-01,2033,10,"tavg",24.254244734243,"SSP1-2.6 (Sustainability)","ARIMA"
2033-11-01,2033,11,"tavg",24.8780255713453,"SSP1-2.6 (Sustainability)","ARIMA"
2033-12-01,2033,12,"tavg",25.5351922160586,"SSP1-2.6 (Sustainability)","ARIMA"
2034-01-01,2034,1,"tavg",27.4329408693985,"SSP1-2.6 (Sustainability)","ARIMA"
2034-02-01,2034,2,"tavg",28.4988211355953,"SSP1-2.6 (Sustainability)","ARIMA"
2034-03-01,2034,3,"tavg",30.1433754001266,"SSP1-2.6 (Sustainability)","ARIMA"
2034-04-01,2034,4,"tavg",30.1495837030765,"SSP1-2.6 (Sustainability)","ARIMA"
2034-05-01,2034,5,"tavg",29.8548418668679,"SSP1-2.6 (Sustainability)","ARIMA"
2034-06-01,2034,6,"tavg",28.6463712303324,"SSP1-2.6 (Sustainability)","ARIMA"
2034-07-01,2034,7,"tavg",27.1004175551664,"SSP1-2.6 (Sustainability)","ARIMA"
2034-08-01,2034,8,"tavg",26.0997544356632,"SSP1-2.6 (Sustainability)","ARIMA"
2034-09-01,2034,9,"tavg",24.5789644707139,"SSP1-2.6 (Sustainability)","ARIMA"
2034-10-01,2034,10,"tavg",24.3409989682698,"SSP1-2.6 (Sustainability)","ARIMA"
2034-11-01,2034,11,"tavg",24.9647798053721,"SSP1-2.6 (Sustainability)","ARIMA"
2034-12-01,2034,12,"tavg",25.6219464500854,"SSP1-2.6 (Sustainability)","ARIMA"
2035-01-01,2035,1,"tavg",27.5192951034253,"SSP1-2.6 (Sustainability)","ARIMA"
2035-02-01,2035,2,"tavg",28.5851753696221,"SSP1-2.6 (Sustainability)","ARIMA"
2035-03-01,2035,3,"tavg",30.2297296341534,"SSP1-2.6 (Sustainability)","ARIMA"
2035-04-01,2035,4,"tavg",30.2359379371033,"SSP1-2.6 (Sustainability)","ARIMA"
2035-05-01,2035,5,"tavg",29.9411961008947,"SSP1-2.6 (Sustainability)","ARIMA"
2035-06-01,2035,6,"tavg",28.7327254643592,"SSP1-2.6 (Sustainability)","ARIMA"
2035-07-01,2035,7,"tavg",27.1867717891932,"SSP1-2.6 (Sustainability)","ARIMA"
2035-08-01,2035,8,"tavg",26.18610866969,"SSP1-2.6 (Sustainability)","ARIMA"
2035-09-01,2035,9,"tavg",24.6653187047407,"SSP1-2.6 (Sustainability)","ARIMA"
2035-10-01,2035,10,"tavg",24.4273532022965,"SSP1-2.6 (Sustainability)","ARIMA"
2035-11-01,2035,11,"tavg",25.0511340393989,"SSP1-2.6 (Sustainability)","ARIMA"
2035-12-01,2035,12,"tavg",25.7083006841121,"SSP1-2.6 (Sustainability)","ARIMA"
2036-01-01,2036,1,"tavg",27.6052493374521,"SSP1-2.6 (Sustainability)","ARIMA"
2036-02-01,2036,2,"tavg",28.6711296036488,"SSP1-2.6 (Sustainability)","ARIMA"
2036-03-01,2036,3,"tavg",30.3156838681802,"SSP1-2.6 (Sustainability)","ARIMA"
2036-04-01,2036,4,"tavg",30.3218921711301,"SSP1-2.6 (Sustainability)","ARIMA"
2036-05-01,2036,5,"tavg",30.0271503349215,"SSP1-2.6 (Sustainability)","ARIMA"
2036-06-01,2036,6,"tavg",28.818679698386,"SSP1-2.6 (Sustainability)","ARIMA"
2036-07-01,2036,7,"tavg",27.27272602322,"SSP1-2.6 (Sustainability)","ARIMA"
2036-08-01,2036,8,"tavg",26.2720629037168,"SSP1-2.6 (Sustainability)","ARIMA"
2036-09-01,2036,9,"tavg",24.7512729387675,"SSP1-2.6 (Sustainability)","ARIMA"
2036-10-01,2036,10,"tavg",24.5133074363233,"SSP1-2.6 (Sustainability)","ARIMA"
2036-11-01,2036,11,"tavg",25.1370882734257,"SSP1-2.6 (Sustainability)","ARIMA"
2036-12-01,2036,12,"tavg",25.7942549181389,"SSP1-2.6 (Sustainability)","ARIMA"
2037-01-01,2037,1,"tavg",27.6908035714789,"SSP1-2.6 (Sustainability)","ARIMA"
2037-02-01,2037,2,"tavg",28.7566838376756,"SSP1-2.6 (Sustainability)","ARIMA"
2037-03-01,2037,3,"tavg",30.401238102207,"SSP1-2.6 (Sustainability)","ARIMA"
2037-04-01,2037,4,"tavg",30.4074464051569,"SSP1-2.6 (Sustainability)","ARIMA"
2037-05-01,2037,5,"tavg",30.1127045689483,"SSP1-2.6 (Sustainability)","ARIMA"
2037-06-01,2037,6,"tavg",28.9042339324128,"SSP1-2.6 (Sustainability)","ARIMA"
2037-07-01,2037,7,"tavg",27.3582802572468,"SSP1-2.6 (Sustainability)","ARIMA"
2037-08-01,2037,8,"tavg",26.3576171377435,"SSP1-2.6 (Sustainability)","ARIMA"
2037-09-01,2037,9,"tavg",24.8368271727943,"SSP1-2.6 (Sustainability)","ARIMA"
2037-10-01,2037,10,"tavg",24.5988616703501,"SSP1-2.6 (Sustainability)","ARIMA"
2037-11-01,2037,11,"tavg",25.2226425074525,"SSP1-2.6 (Sustainability)","ARIMA"
2037-12-01,2037,12,"tavg",25.8798091521657,"SSP1-2.6 (Sustainability)","ARIMA"
2038-01-01,2038,1,"tavg",27.7759578055056,"SSP1-2.6 (Sustainability)","ARIMA"
2038-02-01,2038,2,"tavg",28.8418380717024,"SSP1-2.6 (Sustainability)","ARIMA"
2038-03-01,2038,3,"tavg",30.4863923362338,"SSP1-2.6 (Sustainability)","ARIMA"
2038-04-01,2038,4,"tavg",30.4926006391836,"SSP1-2.6 (Sustainability)","ARIMA"
2038-05-01,2038,5,"tavg",30.1978588029751,"SSP1-2.6 (Sustainability)","ARIMA"
2038-06-01,2038,6,"tavg",28.9893881664396,"SSP1-2.6 (Sustainability)","ARIMA"
2038-07-01,2038,7,"tavg",27.4434344912735,"SSP1-2.6 (Sustainability)","ARIMA"
2038-08-01,2038,8,"tavg",26.4427713717703,"SSP1-2.6 (Sustainability)","ARIMA"
2038-09-01,2038,9,"tavg",24.921981406821,"SSP1-2.6 (Sustainability)","ARIMA"
2038-10-01,2038,10,"tavg",24.6840159043769,"SSP1-2.6 (Sustainability)","ARIMA"
2038-11-01,2038,11,"tavg",25.3077967414792,"SSP1-2.6 (Sustainability)","ARIMA"
2038-12-01,2038,12,"tavg",25.9649633861925,"SSP1-2.6 (Sustainability)","ARIMA"
2039-01-01,2039,1,"tavg",27.8607120395324,"SSP1-2.6 (Sustainability)","ARIMA"
2039-02-01,2039,2,"tavg",28.9265923057292,"SSP1-2.6 (Sustainability)","ARIMA"
2039-03-01,2039,3,"tavg",30.5711465702605,"SSP1-2.6 (Sustainability)","ARIMA"
2039-04-01,2039,4,"tavg",30.5773548732104,"SSP1-2.6 (Sustainability)","ARIMA"
2039-05-01,2039,5,"tavg",30.2826130370018,"SSP1-2.6 (Sustainability)","ARIMA"
2039-06-01,2039,6,"tavg",29.0741424004664,"SSP1-2.6 (Sustainability)","ARIMA"
2039-07-01,2039,7,"tavg",27.5281887253003,"SSP1-2.6 (Sustainability)","ARIMA"
2039-08-01,2039,8,"tavg",26.5275256057971,"SSP1-2.6 (Sustainability)","ARIMA"
2039-09-01,2039,9,"tavg",25.0067356408478,"SSP1-2.6 (Sustainability)","ARIMA"
2039-10-01,2039,10,"tavg",24.7687701384037,"SSP1-2.6 (Sustainability)","ARIMA"
2039-11-01,2039,11,"tavg",25.392550975506,"SSP1-2.6 (Sustainability)","ARIMA"
2039-12-01,2039,12,"tavg",26.0497176202193,"SSP1-2.6 (Sustainability)","ARIMA"
2040-01-01,2040,1,"tavg",27.9450662735592,"SSP1-2.6 (Sustainability)","ARIMA"
2040-02-01,2040,2,"tavg",29.010946539756,"SSP1-2.6 (Sustainability)","ARIMA"
2040-03-01,2040,3,"tavg",30.6555008042873,"SSP1-2.6 (Sustainability)","ARIMA"
2040-04-01,2040,4,"tavg",30.6617091072372,"SSP1-2.6 (Sustainability)","ARIMA"
2040-05-01,2040,5,"tavg",30.3669672710286,"SSP1-2.6 (Sustainability)","ARIMA"
2040-06-01,2040,6,"tavg",29.1584966344932,"SSP1-2.6 (Sustainability)","ARIMA"
2040-07-01,2040,7,"tavg",27.6125429593271,"SSP1-2.6 (Sustainability)","ARIMA"
2040-08-01,2040,8,"tavg",26.6118798398239,"SSP1-2.6 (Sustainability)","ARIMA"
2040-09-01,2040,9,"tavg",25.0910898748746,"SSP1-2.6 (Sustainability)","ARIMA"
2040-10-01,2040,10,"tavg",24.8531243724305,"SSP1-2.6 (Sustainability)","ARIMA"
2040-11-01,2040,11,"tavg",25.4769052095328,"SSP1-2.6 (Sustainability)","ARIMA"
2040-12-01,2040,12,"tavg",26.1340718542461,"SSP1-2.6 (Sustainability)","ARIMA"
2041-01-01,2041,1,"tavg",28.029020507586,"SSP1-2.6 (Sustainability)","ARIMA"
2041-02-01,2041,2,"tavg",29.0949007737828,"SSP1-2.6 (Sustainability)","ARIMA"
2041-03-01,2041,3,"tavg",30.7394550383141,"SSP1-2.6 (Sustainability)","ARIMA"
2041-04-01,2041,4,"tavg",30.745663341264,"SSP1-2.6 (Sustainability)","ARIMA"
2041-05-01,2041,5,"tavg",30.4509215050555,"SSP1-2.6 (Sustainability)","ARIMA"
2041-06-01,2041,6,"tavg",29.24245086852,"SSP1-2.6 (Sustainability)","ARIMA"
2041-07-01,2041,7,"tavg",27.6964971933539,"SSP1-2.6 (Sustainability)","ARIMA"
2041-08-01,2041,8,"tavg",26.6958340738507,"SSP1-2.6 (Sustainability)","ARIMA"
2041-09-01,2041,9,"tavg",25.1750441089014,"SSP1-2.6 (Sustainability)","ARIMA"
2041-10-01,2041,10,"tavg",24.9370786064573,"SSP1-2.6 (Sustainability)","ARIMA"
2041-11-01,2041,11,"tavg",25.5608594435597,"SSP1-2.6 (Sustainability)","ARIMA"
2041-12-01,2041,12,"tavg",26.2180260882729,"SSP1-2.6 (Sustainability)","ARIMA"
2042-01-01,2042,1,"tavg",28.1125747416128,"SSP1-2.6 (Sustainability)","ARIMA"
2042-02-01,2042,2,"tavg",29.1784550078096,"SSP1-2.6 (Sustainability)","ARIMA"
2042-03-01,2042,3,"tavg",30.823009272341,"SSP1-2.6 (Sustainability)","ARIMA"
2042-04-01,2042,4,"tavg",30.8292175752909,"SSP1-2.6 (Sustainability)","ARIMA"
2042-05-01,2042,5,"tavg",30.5344757390823,"SSP1-2.6 (Sustainability)","ARIMA"
2042-06-01,2042,6,"tavg",29.3260051025468,"SSP1-2.6 (Sustainability)","ARIMA"
2042-07-01,2042,7,"tavg",27.7800514273808,"SSP1-2.6 (Sustainability)","ARIMA"
2042-08-01,2042,8,"tavg",26.7793883078775,"SSP1-2.6 (Sustainability)","ARIMA"
2042-09-01,2042,9,"tavg",25.2585983429283,"SSP1-2.6 (Sustainability)","ARIMA"
2042-10-01,2042,10,"tavg",25.0206328404841,"SSP1-2.6 (Sustainability)","ARIMA"
2042-11-01,2042,11,"tavg",25.6444136775865,"SSP1-2.6 (Sustainability)","ARIMA"
2042-12-01,2042,12,"tavg",26.3015803222997,"SSP1-2.6 (Sustainability)","ARIMA"
2043-01-01,2043,1,"tavg",28.1957289756396,"SSP1-2.6 (Sustainability)","ARIMA"
2043-02-01,2043,2,"tavg",29.2616092418364,"SSP1-2.6 (Sustainability)","ARIMA"
2043-03-01,2043,3,"tavg",30.9061635063678,"SSP1-2.6 (Sustainability)","ARIMA"
2043-04-01,2043,4,"tavg",30.9123718093177,"SSP1-2.6 (Sustainability)","ARIMA"
2043-05-01,2043,5,"tavg",30.6176299731091,"SSP1-2.6 (Sustainability)","ARIMA"
2043-06-01,2043,6,"tavg",29.4091593365736,"SSP1-2.6 (Sustainability)","ARIMA"
2043-07-01,2043,7,"tavg",27.8632056614076,"SSP1-2.6 (Sustainability)","ARIMA"
2043-08-01,2043,8,"tavg",26.8625425419043,"SSP1-2.6 (Sustainability)","ARIMA"
2043-09-01,2043,9,"tavg",25.3417525769551,"SSP1-2.6 (Sustainability)","ARIMA"
2043-10-01,2043,10,"tavg",25.1037870745109,"SSP1-2.6 (Sustainability)","ARIMA"
2043-11-01,2043,11,"tavg",25.7275679116133,"SSP1-2.6 (Sustainability)","ARIMA"
2043-12-01,2043,12,"tavg",26.3847345563265,"SSP1-2.6 (Sustainability)","ARIMA"
2044-01-01,2044,1,"tavg",28.2784832096665,"SSP1-2.6 (Sustainability)","ARIMA"
2044-02-01,2044,2,"tavg",29.3443634758632,"SSP1-2.6 (Sustainability)","ARIMA"
2044-03-01,2044,3,"tavg",30.9889177403946,"SSP1-2.6 (Sustainability)","ARIMA"
2044-04-01,2044,4,"tavg",30.9951260433445,"SSP1-2.6 (Sustainability)","ARIMA"
2044-05-01,2044,5,"tavg",30.7003842071359,"SSP1-2.6 (Sustainability)","ARIMA"
2044-06-01,2044,6,"tavg",29.4919135706004,"SSP1-2.6 (Sustainability)","ARIMA"
2044-07-01,2044,7,"tavg",27.9459598954344,"SSP1-2.6 (Sustainability)","ARIMA"
2044-08-01,2044,8,"tavg",26.9452967759312,"SSP1-2.6 (Sustainability)","ARIMA"
2044-09-01,2044,9,"tavg",25.4245068109819,"SSP1-2.6 (Sustainability)","ARIMA"
2044-10-01,2044,10,"tavg",25.1865413085377,"SSP1-2.6 (Sustainability)","ARIMA"
2044-11-01,2044,11,"tavg",25.8103221456401,"SSP1-2.6 (Sustainability)","ARIMA"
2044-12-01,2044,12,"tavg",26.4674887903533,"SSP1-2.6 (Sustainability)","ARIMA"
2045-01-01,2045,1,"tavg",28.3608374436932,"SSP1-2.6 (Sustainability)","ARIMA"
2045-02-01,2045,2,"tavg",29.42671770989,"SSP1-2.6 (Sustainability)","ARIMA"
2045-03-01,2045,3,"tavg",31.0712719744214,"SSP1-2.6 (Sustainability)","ARIMA"
2045-04-01,2045,4,"tavg",31.0774802773713,"SSP1-2.6 (Sustainability)","ARIMA"
2045-05-01,2045,5,"tavg",30.7827384411627,"SSP1-2.6 (Sustainability)","ARIMA"
2045-06-01,2045,6,"tavg",29.5742678046272,"SSP1-2.6 (Sustainability)","ARIMA"
2045-07-01,2045,7,"tavg",28.0283141294612,"SSP1-2.6 (Sustainability)","ARIMA"
2045-08-01,2045,8,"tavg",27.027651009958,"SSP1-2.6 (Sustainability)","ARIMA"
2045-09-01,2045,9,"tavg",25.5068610450087,"SSP1-2.6 (Sustainability)","ARIMA"
2045-10-01,2045,10,"tavg",25.2688955425645,"SSP1-2.6 (Sustainability)","ARIMA"
2045-11-01,2045,11,"tavg",25.8926763796669,"SSP1-2.6 (Sustainability)","ARIMA"
2045-12-01,2045,12,"tavg",26.5498430243801,"SSP1-2.6 (Sustainability)","ARIMA"
2046-01-01,2046,1,"tavg",28.4427916777201,"SSP1-2.6 (Sustainability)","ARIMA"
2046-02-01,2046,2,"tavg",29.5086719439168,"SSP1-2.6 (Sustainability)","ARIMA"
2046-03-01,2046,3,"tavg",31.1532262084482,"SSP1-2.6 (Sustainability)","ARIMA"
2046-04-01,2046,4,"tavg",31.1594345113981,"SSP1-2.6 (Sustainability)","ARIMA"
2046-05-01,2046,5,"tavg",30.8646926751895,"SSP1-2.6 (Sustainability)","ARIMA"
2046-06-01,2046,6,"tavg",29.656222038654,"SSP1-2.6 (Sustainability)","ARIMA"
2046-07-01,2046,7,"tavg",28.110268363488,"SSP1-2.6 (Sustainability)","ARIMA"
2046-08-01,2046,8,"tavg",27.1096052439848,"SSP1-2.6 (Sustainability)","ARIMA"
2046-09-01,2046,9,"tavg",25.5888152790355,"SSP1-2.6 (Sustainability)","ARIMA"
2046-10-01,2046,10,"tavg",25.3508497765913,"SSP1-2.6 (Sustainability)","ARIMA"
2046-11-01,2046,11,"tavg",25.9746306136937,"SSP1-2.6 (Sustainability)","ARIMA"
2046-12-01,2046,12,"tavg",26.6317972584069,"SSP1-2.6 (Sustainability)","ARIMA"
2047-01-01,2047,1,"tavg",28.5243459117469,"SSP1-2.6 (Sustainability)","ARIMA"
2047-02-01,2047,2,"tavg",29.5902261779436,"SSP1-2.6 (Sustainability)","ARIMA"
2047-03-01,2047,3,"tavg",31.234780442475,"SSP1-2.6 (Sustainability)","ARIMA"
2047-04-01,2047,4,"tavg",31.2409887454249,"SSP1-2.6 (Sustainability)","ARIMA"
2047-05-01,2047,5,"tavg",30.9462469092163,"SSP1-2.6 (Sustainability)","ARIMA"
2047-06-01,2047,6,"tavg",29.7377762726808,"SSP1-2.6 (Sustainability)","ARIMA"
2047-07-01,2047,7,"tavg",28.1918225975148,"SSP1-2.6 (Sustainability)","ARIMA"
2047-08-01,2047,8,"tavg",27.1911594780116,"SSP1-2.6 (Sustainability)","ARIMA"
2047-09-01,2047,9,"tavg",25.6703695130623,"SSP1-2.6 (Sustainability)","ARIMA"
2047-10-01,2047,10,"tavg",25.4324040106181,"SSP1-2.6 (Sustainability)","ARIMA"
2047-11-01,2047,11,"tavg",26.0561848477205,"SSP1-2.6 (Sustainability)","ARIMA"
2047-12-01,2047,12,"tavg",26.7133514924337,"SSP1-2.6 (Sustainability)","ARIMA"
2048-01-01,2048,1,"tavg",28.6055001457737,"SSP1-2.6 (Sustainability)","ARIMA"
2048-02-01,2048,2,"tavg",29.6713804119705,"SSP1-2.6 (Sustainability)","ARIMA"
2048-03-01,2048,3,"tavg",31.3159346765018,"SSP1-2.6 (Sustainability)","ARIMA"
2048-04-01,2048,4,"tavg",31.3221429794517,"SSP1-2.6 (Sustainability)","ARIMA"
2048-05-01,2048,5,"tavg",31.0274011432431,"SSP1-2.6 (Sustainability)","ARIMA"
2048-06-01,2048,6,"tavg",29.8189305067076,"SSP1-2.6 (Sustainability)","ARIMA"
2048-07-01,2048,7,"tavg",28.2729768315416,"SSP1-2.6 (Sustainability)","ARIMA"
2048-08-01,2048,8,"tavg",27.2723137120384,"SSP1-2.6 (Sustainability)","ARIMA"
2048-09-01,2048,9,"tavg",25.7515237470891,"SSP1-2.6 (Sustainability)","ARIMA"
2048-10-01,2048,10,"tavg",25.513558244645,"SSP1-2.6 (Sustainability)","ARIMA"
2048-11-01,2048,11,"tavg",26.1373390817473,"SSP1-2.6 (Sustainability)","ARIMA"
2048-12-01,2048,12,"tavg",26.7945057264606,"SSP1-2.6 (Sustainability)","ARIMA"
2049-01-01,2049,1,"tavg",28.6862543798005,"SSP1-2.6 (Sustainability)","ARIMA"
2049-02-01,2049,2,"tavg",29.7521346459973,"SSP1-2.6 (Sustainability)","ARIMA"
2049-03-01,2049,3,"tavg",31.3966889105286,"SSP1-2.6 (Sustainability)","ARIMA"
2049-04-01,2049,4,"tavg",31.4028972134785,"SSP1-2.6 (Sustainability)","ARIMA"
2049-05-01,2049,5,"tavg",31.1081553772699,"SSP1-2.6 (Sustainability)","ARIMA"
2049-06-01,2049,6,"tavg",29.8996847407345,"SSP1-2.6 (Sustainability)","ARIMA"
2049-07-01,2049,7,"tavg",28.3537310655684,"SSP1-2.6 (Sustainability)","ARIMA"
2049-08-01,2049,8,"tavg",27.3530679460652,"SSP1-2.6 (Sustainability)","ARIMA"
2049-09-01,2049,9,"tavg",25.8322779811159,"SSP1-2.6 (Sustainability)","ARIMA"
2049-10-01,2049,10,"tavg",25.5943124786718,"SSP1-2.6 (Sustainability)","ARIMA"
2049-11-01,2049,11,"tavg",26.2180933157741,"SSP1-2.6 (Sustainability)","ARIMA"
2049-12-01,2049,12,"tavg",26.8752599604874,"SSP1-2.6 (Sustainability)","ARIMA"
2050-01-01,2050,1,"tavg",28.7666086138273,"SSP1-2.6 (Sustainability)","ARIMA"
2050-02-01,2050,2,"tavg",29.8324888800241,"SSP1-2.6 (Sustainability)","ARIMA"
2050-03-01,2050,3,"tavg",31.4770431445554,"SSP1-2.6 (Sustainability)","ARIMA"
2050-04-01,2050,4,"tavg",31.4832514475053,"SSP1-2.6 (Sustainability)","ARIMA"
2050-05-01,2050,5,"tavg",31.1885096112967,"SSP1-2.6 (Sustainability)","ARIMA"
2050-06-01,2050,6,"tavg",29.9800389747613,"SSP1-2.6 (Sustainability)","ARIMA"
2050-07-01,2050,7,"tavg",28.4340852995952,"SSP1-2.6 (Sustainability)","ARIMA"
2050-08-01,2050,8,"tavg",27.433422180092,"SSP1-2.6 (Sustainability)","ARIMA"
2050-09-01,2050,9,"tavg",25.9126322151427,"SSP1-2.6 (Sustainability)","ARIMA"
2050-10-01,2050,10,"tavg",25.6746667126986,"SSP1-2.6 (Sustainability)","ARIMA"
2050-11-01,2050,11,"tavg",26.2984475498009,"SSP1-2.6 (Sustainability)","ARIMA"
2050-12-01,2050,12,"tavg",26.9556141945142,"SSP1-2.6 (Sustainability)","ARIMA"
2051-01-01,2051,1,"tavg",28.8465628478541,"SSP1-2.6 (Sustainability)","ARIMA"
2051-02-01,2051,2,"tavg",29.9124431140509,"SSP1-2.6 (Sustainability)","ARIMA"
2051-03-01,2051,3,"tavg",31.5569973785822,"SSP1-2.6 (Sustainability)","ARIMA"
2051-04-01,2051,4,"tavg",31.5632056815321,"SSP1-2.6 (Sustainability)","ARIMA"
2051-05-01,2051,5,"tavg",31.2684638453235,"SSP1-2.6 (Sustainability)","ARIMA"
2051-06-01,2051,6,"tavg",30.0599932087881,"SSP1-2.6 (Sustainability)","ARIMA"
2051-07-01,2051,7,"tavg",28.514039533622,"SSP1-2.6 (Sustainability)","ARIMA"
2051-08-01,2051,8,"tavg",27.5133764141188,"SSP1-2.6 (Sustainability)","ARIMA"
2051-09-01,2051,9,"tavg",25.9925864491695,"SSP1-2.6 (Sustainability)","ARIMA"
2051-10-01,2051,10,"tavg",25.7546209467254,"SSP1-2.6 (Sustainability)","ARIMA"
2051-11-01,2051,11,"tavg",26.3784017838277,"SSP1-2.6 (Sustainability)","ARIMA"
2051-12-01,2051,12,"tavg",27.035568428541,"SSP1-2.6 (Sustainability)","ARIMA"
2052-01-01,2052,1,"tavg",28.9261170818809,"SSP1-2.6 (Sustainability)","ARIMA"
2052-02-01,2052,2,"tavg",29.9919973480777,"SSP1-2.6 (Sustainability)","ARIMA"
2052-03-01,2052,3,"tavg",31.6365516126091,"SSP1-2.6 (Sustainability)","ARIMA"
2052-04-01,2052,4,"tavg",31.642759915559,"SSP1-2.6 (Sustainability)","ARIMA"
2052-05-01,2052,5,"tavg",31.3480180793504,"SSP1-2.6 (Sustainability)","ARIMA"
2052-06-01,2052,6,"tavg",30.1395474428149,"SSP1-2.6 (Sustainability)","ARIMA"
2052-07-01,2052,7,"tavg",28.5935937676489,"SSP1-2.6 (Sustainability)","ARIMA"
2052-08-01,2052,8,"tavg",27.5929306481456,"SSP1-2.6 (Sustainability)","ARIMA"
2052-09-01,2052,9,"tavg",26.0721406831964,"SSP1-2.6 (Sustainability)","ARIMA"
2052-10-01,2052,10,"tavg",25.8341751807522,"SSP1-2.6 (Sustainability)","ARIMA"
2052-11-01,2052,11,"tavg",26.4579560178546,"SSP1-2.6 (Sustainability)","ARIMA"
2052-12-01,2052,12,"tavg",27.1151226625678,"SSP1-2.6 (Sustainability)","ARIMA"
2053-01-01,2053,1,"tavg",29.0052713159078,"SSP1-2.6 (Sustainability)","ARIMA"
2053-02-01,2053,2,"tavg",30.0711515821045,"SSP1-2.6 (Sustainability)","ARIMA"
2053-03-01,2053,3,"tavg",31.7157058466359,"SSP1-2.6 (Sustainability)","ARIMA"
2053-04-01,2053,4,"tavg",31.7219141495858,"SSP1-2.6 (Sustainability)","ARIMA"
2053-05-01,2053,5,"tavg",31.4271723133772,"SSP1-2.6 (Sustainability)","ARIMA"
2053-06-01,2053,6,"tavg",30.2187016768417,"SSP1-2.6 (Sustainability)","ARIMA"
2053-07-01,2053,7,"tavg",28.6727480016757,"SSP1-2.6 (Sustainability)","ARIMA"
2053-08-01,2053,8,"tavg",27.6720848821725,"SSP1-2.6 (Sustainability)","ARIMA"
2053-09-01,2053,9,"tavg",26.1512949172232,"SSP1-2.6 (Sustainability)","ARIMA"
2053-10-01,2053,10,"tavg",25.913329414779,"SSP1-2.6 (Sustainability)","ARIMA"
2053-11-01,2053,11,"tavg",26.5371102518814,"SSP1-2.6 (Sustainability)","ARIMA"
2053-12-01,2053,12,"tavg",27.1942768965947,"SSP1-2.6 (Sustainability)","ARIMA"
2024-01-01,2024,1,"tavg",23.8104047333127,"SSP1-2.6 (Sustainability)","ML-Enhanced"
2024-02-01,2024,2,"tavg",24.1923676439987,"SSP1-2.6 (Sustainability)","ML-Enhanced"
2024-03-01,2024,3,"tavg",26.2589016280764,"SSP1-2.6 (Sustainability)","ML-Enhanced"
2024-04-01,2024,4,"tavg",27.3257413218626,"SSP1-2.6 (Sustainability)","ML-Enhanced"
2024-05-01,2024,5,"tavg",28.7623526579575,"SSP1-2.6 (Sustainability)","ML-Enhanced"
2024-06-01,2024,6,"tavg",28.1509466674643,"SSP1-2.6 (Sustainability)","ML-Enhanced"
2024-07-01,2024,7,"tavg",29.1819366757808,"SSP1-2.6 (Sustainability)","ML-Enhanced"
2024-08-01,2024,8,"tavg",27.1515115765886,"SSP1-2.6 (Sustainability)","ML-Enhanced"
2024-09-01,2024,9,"tavg",25.6672436628245,"SSP1-2.6 (Sustainability)","ML-Enhanced"
2024-10-01,2024,10,"tavg",25.1666568993053,"SSP1-2.6 (Sustainability)","ML-Enhanced"
2024-11-01,2024,11,"tavg",23.630591564027,"SSP1-2.6 (Sustainability)","ML-Enhanced"
2024-12-01,2024,12,"tavg",23.4304157720997,"SSP1-2.6 (Sustainability)","ML-Enhanced"
2025-01-01,2025,1,"tavg",23.467997809662,"SSP1-2.6 (Sustainability)","ML-Enhanced"
2025-02-01,2025,2,"tavg",24.3749548633292,"SSP1-2.6 (Sustainability)","ML-Enhanced"
2025-03-01,2025,3,"tavg",25.6362575963893,"SSP1-2.6 (Sustainability)","ML-Enhanced"
2025-04-01,2025,4,"tavg",28.2663606979515,"SSP1-2.6 (Sustainability)","ML-Enhanced"
2025-05-01,2025,5,"tavg",28.5509783909155,"SSP1-2.6 (Sustainability)","ML-Enhanced"
2025-06-01,2025,6,"tavg",28.86049635453,"SSP1-2.6 (Sustainability)","ML-Enhanced"
2025-07-01,2025,7,"tavg",28.0843940473206,"SSP1-2.6 (Sustainability)","ML-Enhanced"
2025-08-01,2025,8,"tavg",27.6717805710495,"SSP1-2.6 (Sustainability)","ML-Enhanced"
2025-09-01,2025,9,"tavg",25.8164751383412,"SSP1-2.6 (Sustainability)","ML-Enhanced"
2025-10-01,2025,10,"tavg",24.3483281404549,"SSP1-2.6 (Sustainability)","ML-Enhanced"
2025-11-01,2025,11,"tavg",23.0668227373112,"SSP1-2.6 (Sustainability)","ML-Enhanced"
2025-12-01,2025,12,"tavg",23.1397528535864,"SSP1-2.6 (Sustainability)","ML-Enhanced"
2026-01-01,2026,1,"tavg",23.295748414725,"SSP1-2.6 (Sustainability)","ML-Enhanced"
2026-02-01,2026,2,"tavg",24.2973139467143,"SSP1-2.6 (Sustainability)","ML-Enhanced"
2026-03-01,2026,3,"tavg",25.5519511565708,"SSP1-2.6 (Sustainability)","ML-Enhanced"
2026-04-01,2026,4,"tavg",27.581052882105,"SSP1-2.6 (Sustainability)","ML-Enhanced"
2026-05-01,2026,5,"tavg",28.4240304621247,"SSP1-2.6 (Sustainability)","ML-Enhanced"
2026-06-01,2026,6,"tavg",28.6674748223775,"SSP1-2.6 (Sustainability)","ML-Enhanced"
2026-07-01,2026,7,"tavg",28.2701264604792,"SSP1-2.6 (Sustainability)","ML-Enhanced"
2026-08-01,2026,8,"tavg",26.9790909080073,"SSP1-2.6 (Sustainability)","ML-Enhanced"
2026-09-01,2026,9,"tavg",25.5650117374123,"SSP1-2.6 (Sustainability)","ML-Enhanced"
2026-10-01,2026,10,"tavg",24.3577417945873,"SSP1-2.6 (Sustainability)","ML-Enhanced"
2026-11-01,2026,11,"tavg",23.5638138599251,"SSP1-2.6 (Sustainability)","ML-Enhanced"
2026-12-01,2026,12,"tavg",23.365231567623,"SSP1-2.6 (Sustainability)","ML-Enhanced"
2027-01-01,2027,1,"tavg",23.6824204126037,"SSP1-2.6 (Sustainability)","ML-Enhanced"
2027-02-01,2027,2,"tavg",24.69409821262,"SSP1-2.6 (Sustainability)","ML-Enhanced"
2027-03-01,2027,3,"tavg",26.3152842180598,"SSP1-2.6 (Sustainability)","ML-Enhanced"
2027-04-01,2027,4,"tavg",27.4206744170545,"SSP1-2.6 (Sustainability)","ML-Enhanced"
2027-05-01,2027,5,"tavg",28.7730997391063,"SSP1-2.6 (Sustainability)","ML-Enhanced"
2027-06-01,2027,6,"tavg",29.3583441115272,"SSP1-2.6 (Sustainability)","ML-Enhanced"
2027-07-01,2027,7,"tavg",28.6866133670871,"SSP1-2.6 (Sustainability)","ML-Enhanced"
2027-08-01,2027,8,"tavg",26.6940710423382,"SSP1-2.6 (Sustainability)","ML-Enhanced"
2027-09-01,2027,9,"tavg",25.3312991224718,"SSP1-2.6 (Sustainability)","ML-Enhanced"
2027-10-01,2027,10,"tavg",24.7187086225968,"SSP1-2.6 (Sustainability)","ML-Enhanced"
2027-11-01,2027,11,"tavg",22.8477798574638,"SSP1-2.6 (Sustainability)","ML-Enhanced"
2027-12-01,2027,12,"tavg",21.8863841252266,"SSP1-2.6 (Sustainability)","ML-Enhanced"
2028-01-01,2028,1,"tavg",23.2120223006441,"SSP1-2.6 (Sustainability)","ML-Enhanced"
2028-02-01,2028,2,"tavg",23.6845580584793,"SSP1-2.6 (Sustainability)","ML-Enhanced"
2028-03-01,2028,3,"tavg",25.7264879266293,"SSP1-2.6 (Sustainability)","ML-Enhanced"
2028-04-01,2028,4,"tavg",26.8794980775946,"SSP1-2.6 (Sustainability)","ML-Enhanced"
2028-05-01,2028,5,"tavg",28.9578966414662,"SSP1-2.6 (Sustainability)","ML-Enhanced"
2028-06-01,2028,6,"tavg",28.7094762932631,"SSP1-2.6 (Sustainability)","ML-Enhanced"
2028-07-01,2028,7,"tavg",27.4128892771764,"SSP1-2.6 (Sustainability)","ML-Enhanced"
2028-08-01,2028,8,"tavg",27.3515125944545,"SSP1-2.6 (Sustainability)","ML-Enhanced"
2028-09-01,2028,9,"tavg",26.3025856187508,"SSP1-2.6 (Sustainability)","ML-Enhanced"
2028-10-01,2028,10,"tavg",24.285557113862,"SSP1-2.6 (Sustainability)","ML-Enhanced"
2028-11-01,2028,11,"tavg",22.9676128503582,"SSP1-2.6 (Sustainability)","ML-Enhanced"
2028-12-01,2028,12,"tavg",23.1953364184219,"SSP1-2.6 (Sustainability)","ML-Enhanced"
2029-01-01,2029,1,"tavg",23.4325434974318,"SSP1-2.6 (Sustainability)","ML-Enhanced"
2029-02-01,2029,2,"tavg",24.3230382375464,"SSP1-2.6 (Sustainability)","ML-Enhanced"
2029-03-01,2029,3,"tavg",26.0315969042281,"SSP1-2.6 (Sustainability)","ML-Enhanced"
2029-04-01,2029,4,"tavg",27.071432475368,"SSP1-2.6 (Sustainability)","ML-Enhanced"
2029-05-01,2029,5,"tavg",29.1545394777596,"SSP1-2.6 (Sustainability)","ML-Enhanced"
2029-06-01,2029,6,"tavg",28.8921773336084,"SSP1-2.6 (Sustainability)","ML-Enhanced"
2029-07-01,2029,7,"tavg",28.2857093252269,"SSP1-2.6 (Sustainability)","ML-Enhanced"
2029-08-01,2029,8,"tavg",27.2730539723744,"SSP1-2.6 (Sustainability)","ML-Enhanced"
2029-09-01,2029,9,"tavg",25.1804962861455,"SSP1-2.6 (Sustainability)","ML-Enhanced"
2029-10-01,2029,10,"tavg",24.3523301375531,"SSP1-2.6 (Sustainability)","ML-Enhanced"
2029-11-01,2029,11,"tavg",23.58084485024,"SSP1-2.6 (Sustainability)","ML-Enhanced"
2029-12-01,2029,12,"tavg",23.2880929876917,"SSP1-2.6 (Sustainability)","ML-Enhanced"
2030-01-01,2030,1,"tavg",23.9041588805572,"SSP1-2.6 (Sustainability)","ML-Enhanced"
2030-02-01,2030,2,"tavg",25.1700042524171,"SSP1-2.6 (Sustainability)","ML-Enhanced"
2030-03-01,2030,3,"tavg",27.0190065022145,"SSP1-2.6 (Sustainability)","ML-Enhanced"
2030-04-01,2030,4,"tavg",27.3409518624052,"SSP1-2.6 (Sustainability)","ML-Enhanced"
2030-05-01,2030,5,"tavg",28.7601450956121,"SSP1-2.6 (Sustainability)","ML-Enhanced"
2030-06-01,2030,6,"tavg",29.0005559384981,"SSP1-2.6 (Sustainability)","ML-Enhanced"
2030-07-01,2030,7,"tavg",28.7075677879475,"SSP1-2.6 (Sustainability)","ML-Enhanced"
2030-08-01,2030,8,"tavg",27.4820067757302,"SSP1-2.6 (Sustainability)","ML-Enhanced"
2030-09-01,2030,9,"tavg",26.2401993944345,"SSP1-2.6 (Sustainability)","ML-Enhanced"
2030-10-01,2030,10,"tavg",25.2169450157243,"SSP1-2.6 (Sustainability)","ML-Enhanced"
2030-11-01,2030,11,"tavg",23.8432061746421,"SSP1-2.6 (Sustainability)","ML-Enhanced"
2030-12-01,2030,12,"tavg",22.4870074565123,"SSP1-2.6 (Sustainability)","ML-Enhanced"
2031-01-01,2031,1,"tavg",23.7232569210007,"SSP1-2.6 (Sustainability)","ML-Enhanced"
2031-02-01,2031,2,"tavg",24.6336044819832,"SSP1-2.6 (Sustainability)","ML-Enhanced"
2031-03-01,2031,3,"tavg",26.5793734447321,"SSP1-2.6 (Sustainability)","ML-Enhanced"
2031-04-01,2031,4,"tavg",26.5325296404052,"SSP1-2.6 (Sustainability)","ML-Enhanced"
2031-05-01,2031,5,"tavg",29.0353155638213,"SSP1-2.6 (Sustainability)","ML-Enhanced"
2031-06-01,2031,6,"tavg",28.8901538927021,"SSP1-2.6 (Sustainability)","ML-Enhanced"
2031-07-01,2031,7,"tavg",28.5294839856045,"SSP1-2.6 (Sustainability)","ML-Enhanced"
2031-08-01,2031,8,"tavg",26.8681458567948,"SSP1-2.6 (Sustainability)","ML-Enhanced"
2031-09-01,2031,9,"tavg",26.5403225134424,"SSP1-2.6 (Sustainability)","ML-Enhanced"
2031-10-01,2031,10,"tavg",24.687664958223,"SSP1-2.6 (Sustainability)","ML-Enhanced"
2031-11-01,2031,11,"tavg",23.0056271282737,"SSP1-2.6 (Sustainability)","ML-Enhanced"
2031-12-01,2031,12,"tavg",22.9664254795259,"SSP1-2.6 (Sustainability)","ML-Enhanced"
2032-01-01,2032,1,"tavg",23.6071545679856,"SSP1-2.6 (Sustainability)","ML-Enhanced"
2032-02-01,2032,2,"tavg",24.375359353291,"SSP1-2.6 (Sustainability)","ML-Enhanced"
2032-03-01,2032,3,"tavg",26.1897651799233,"SSP1-2.6 (Sustainability)","ML-Enhanced"
2032-04-01,2032,4,"tavg",27.2401236622562,"SSP1-2.6 (Sustainability)","ML-Enhanced"
2032-05-01,2032,5,"tavg",29.2933593626312,"SSP1-2.6 (Sustainability)","ML-Enhanced"
2032-06-01,2032,6,"tavg",29.0083768559318,"SSP1-2.6 (Sustainability)","ML-Enhanced"
2032-07-01,2032,7,"tavg",27.3140420993497,"SSP1-2.6 (Sustainability)","ML-Enhanced"
2032-08-01,2032,8,"tavg",26.7669580952226,"SSP1-2.6 (Sustainability)","ML-Enhanced"
2032-09-01,2032,9,"tavg",26.1438329498547,"SSP1-2.6 (Sustainability)","ML-Enhanced"
2032-10-01,2032,10,"tavg",24.7245552456783,"SSP1-2.6 (Sustainability)","ML-Enhanced"
2032-11-01,2032,11,"tavg",22.8834538857144,"SSP1-2.6 (Sustainability)","ML-Enhanced"
2032-12-01,2032,12,"tavg",22.8637035608761,"SSP1-2.6 (Sustainability)","ML-Enhanced"
2033-01-01,2033,1,"tavg",23.0177764388846,"SSP1-2.6 (Sustainability)","ML-Enhanced"
2033-02-01,2033,2,"tavg",24.4113900073862,"SSP1-2.6 (Sustainability)","ML-Enhanced"
2033-03-01,2033,3,"tavg",25.2610762357791,"SSP1-2.6 (Sustainability)","ML-Enhanced"
2033-04-01,2033,4,"tavg",26.9101232118554,"SSP1-2.6 (Sustainability)","ML-Enhanced"
2033-05-01,2033,5,"tavg",29.1113242524332,"SSP1-2.6 (Sustainability)","ML-Enhanced"
2033-06-01,2033,6,"tavg",28.7427394913069,"SSP1-2.6 (Sustainability)","ML-Enhanced"
2033-07-01,2033,7,"tavg",27.9782928668118,"SSP1-2.6 (Sustainability)","ML-Enhanced"
2033-08-01,2033,8,"tavg",27.9859481585978,"SSP1-2.6 (Sustainability)","ML-Enhanced"
2033-09-01,2033,9,"tavg",25.4188297354679,"SSP1-2.6 (Sustainability)","ML-Enhanced"
2033-10-01,2033,10,"tavg",25.1087112164304,"SSP1-2.6 (Sustainability)","ML-Enhanced"
2033-11-01,2033,11,"tavg",23.2755718115633,"SSP1-2.6 (Sustainability)","ML-Enhanced"
2033-12-01,2033,12,"tavg",22.9441770886115,"SSP1-2.6 (Sustainability)","ML-Enhanced"
2034-01-01,2034,1,"tavg",23.2399242819972,"SSP1-2.6 (Sustainability)","ML-Enhanced"
2034-02-01,2034,2,"tavg",24.033327734483,"SSP1-2.6 (Sustainability)","ML-Enhanced"
2034-03-01,2034,3,"tavg",26.2489282537593,"SSP1-2.6 (Sustainability)","ML-Enhanced"
2034-04-01,2034,4,"tavg",26.8046635980611,"SSP1-2.6 (Sustainability)","ML-Enhanced"
2034-05-01,2034,5,"tavg",28.9818515722593,"SSP1-2.6 (Sustainability)","ML-Enhanced"
2034-06-01,2034,6,"tavg",28.659898167538,"SSP1-2.6 (Sustainability)","ML-Enhanced"
2034-07-01,2034,7,"tavg",28.4704079249267,"SSP1-2.6 (Sustainability)","ML-Enhanced"
2034-08-01,2034,8,"tavg",27.3560277452021,"SSP1-2.6 (Sustainability)","ML-Enhanced"
2034-09-01,2034,9,"tavg",25.3946906833807,"SSP1-2.6 (Sustainability)","ML-Enhanced"
2034-10-01,2034,10,"tavg",24.2526902230266,"SSP1-2.6 (Sustainability)","ML-Enhanced"
2034-11-01,2034,11,"tavg",23.3732300280323,"SSP1-2.6 (Sustainability)","ML-Enhanced"
2034-12-01,2034,12,"tavg",23.1286956999086,"SSP1-2.6 (Sustainability)","ML-Enhanced"
2035-01-01,2035,1,"tavg",24.0262152920895,"SSP1-2.6 (Sustainability)","ML-Enhanced"
2035-02-01,2035,2,"tavg",24.9653414475142,"SSP1-2.6 (Sustainability)","ML-Enhanced"
2035-03-01,2035,3,"tavg",26.0537087906842,"SSP1-2.6 (Sustainability)","ML-Enhanced"
2035-04-01,2035,4,"tavg",26.9032594780188,"SSP1-2.6 (Sustainability)","ML-Enhanced"
2035-05-01,2035,5,"tavg",28.763213349776,"SSP1-2.6 (Sustainability)","ML-Enhanced"
2035-06-01,2035,6,"tavg",29.2854941179131,"SSP1-2.6 (Sustainability)","ML-Enhanced"
2035-07-01,2035,7,"tavg",28.3721024759226,"SSP1-2.6 (Sustainability)","ML-Enhanced"
2035-08-01,2035,8,"tavg",27.8212058219426,"SSP1-2.6 (Sustainability)","ML-Enhanced"
2035-09-01,2035,9,"tavg",25.7740321231101,"SSP1-2.6 (Sustainability)","ML-Enhanced"
2035-10-01,2035,10,"tavg",24.7549180726934,"SSP1-2.6 (Sustainability)","ML-Enhanced"
2035-11-01,2035,11,"tavg",23.6267278377797,"SSP1-2.6 (Sustainability)","ML-Enhanced"
2035-12-01,2035,12,"tavg",22.119896802613,"SSP1-2.6 (Sustainability)","ML-Enhanced"
2036-01-01,2036,1,"tavg",22.5672778110566,"SSP1-2.6 (Sustainability)","ML-Enhanced"
2036-02-01,2036,2,"tavg",24.6890360398189,"SSP1-2.6 (Sustainability)","ML-Enhanced"
2036-03-01,2036,3,"tavg",26.7726785867408,"SSP1-2.6 (Sustainability)","ML-Enhanced"
2036-04-01,2036,4,"tavg",26.9226161140657,"SSP1-2.6 (Sustainability)","ML-Enhanced"
2036-05-01,2036,5,"tavg",28.0409072297098,"SSP1-2.6 (Sustainability)","ML-Enhanced"
2036-06-01,2036,6,"tavg",29.0353921496266,"SSP1-2.6 (Sustainability)","ML-Enhanced"
2036-07-01,2036,7,"tavg",28.3913845452349,"SSP1-2.6 (Sustainability)","ML-Enhanced"
2036-08-01,2036,8,"tavg",26.6180032959102,"SSP1-2.6 (Sustainability)","ML-Enhanced"
2036-09-01,2036,9,"tavg",25.5095387528376,"SSP1-2.6 (Sustainability)","ML-Enhanced"
2036-10-01,2036,10,"tavg",24.7970118369466,"SSP1-2.6 (Sustainability)","ML-Enhanced"
2036-11-01,2036,11,"tavg",23.305290627201,"SSP1-2.6 (Sustainability)","ML-Enhanced"
2036-12-01,2036,12,"tavg",22.8958352435522,"SSP1-2.6 (Sustainability)","ML-Enhanced"
2037-01-01,2037,1,"tavg",23.0798649762071,"SSP1-2.6 (Sustainability)","ML-Enhanced"
2037-02-01,2037,2,"tavg",24.4389253797613,"SSP1-2.6 (Sustainability)","ML-Enhanced"
2037-03-01,2037,3,"tavg",25.9772601048292,"SSP1-2.6 (Sustainability)","ML-Enhanced"
2037-04-01,2037,4,"tavg",27.5302967205828,"SSP1-2.6 (Sustainability)","ML-Enhanced"
2037-05-01,2037,5,"tavg",28.8354835881221,"SSP1-2.6 (Sustainability)","ML-Enhanced"
2037-06-01,2037,6,"tavg",29.1073520762949,"SSP1-2.6 (Sustainability)","ML-Enhanced"
2037-07-01,2037,7,"tavg",28.3263402737032,"SSP1-2.6 (Sustainability)","ML-Enhanced"
2037-08-01,2037,8,"tavg",27.7109579966699,"SSP1-2.6 (Sustainability)","ML-Enhanced"
2037-09-01,2037,9,"tavg",26.4248395231896,"SSP1-2.6 (Sustainability)","ML-Enhanced"
2037-10-01,2037,10,"tavg",24.9149516611047,"SSP1-2.6 (Sustainability)","ML-Enhanced"
2037-11-01,2037,11,"tavg",23.0966497100899,"SSP1-2.6 (Sustainability)","ML-Enhanced"
2037-12-01,2037,12,"tavg",22.609571376551,"SSP1-2.6 (Sustainability)","ML-Enhanced"
2038-01-01,2038,1,"tavg",23.9715142263054,"SSP1-2.6 (Sustainability)","ML-Enhanced"
2038-02-01,2038,2,"tavg",24.5603473139168,"SSP1-2.6 (Sustainability)","ML-Enhanced"
2038-03-01,2038,3,"tavg",26.5125514765287,"SSP1-2.6 (Sustainability)","ML-Enhanced"
2038-04-01,2038,4,"tavg",27.3488123805343,"SSP1-2.6 (Sustainability)","ML-Enhanced"
2038-05-01,2038,5,"tavg",28.5671792767392,"SSP1-2.6 (Sustainability)","ML-Enhanced"
2038-06-01,2038,6,"tavg",29.2348158359726,"SSP1-2.6 (Sustainability)","ML-Enhanced"
2038-07-01,2038,7,"tavg",28.8486099629541,"SSP1-2.6 (Sustainability)","ML-Enhanced"
2038-08-01,2038,8,"tavg",27.0799844189448,"SSP1-2.6 (Sustainability)","ML-Enhanced"
2038-09-01,2038,9,"tavg",26.423485242118,"SSP1-2.6 (Sustainability)","ML-Enhanced"
2038-10-01,2038,10,"tavg",24.7279897818788,"SSP1-2.6 (Sustainability)","ML-Enhanced"
2038-11-01,2038,11,"tavg",24.087442498995,"SSP1-2.6 (Sustainability)","ML-Enhanced"
2038-12-01,2038,12,"tavg",23.0290206964219,"SSP1-2.6 (Sustainability)","ML-Enhanced"
2039-01-01,2039,1,"tavg",23.1986624676554,"SSP1-2.6 (Sustainability)","ML-Enhanced"
2039-02-01,2039,2,"tavg",24.3378518734027,"SSP1-2.6 (Sustainability)","ML-Enhanced"
2039-03-01,2039,3,"tavg",26.4321213018647,"SSP1-2.6 (Sustainability)","ML-Enhanced"
2039-04-01,2039,4,"tavg",27.0650490063973,"SSP1-2.6 (Sustainability)","ML-Enhanced"
2039-05-01,2039,5,"tavg",28.7275416645485,"SSP1-2.6 (Sustainability)","ML-Enhanced"
2039-06-01,2039,6,"tavg",29.0540032718512,"SSP1-2.6 (Sustainability)","ML-Enhanced"
2039-07-01,2039,7,"tavg",28.2002280975813,"SSP1-2.6 (Sustainability)","ML-Enhanced"
2039-08-01,2039,8,"tavg",27.3645169615712,"SSP1-2.6 (Sustainability)","ML-Enhanced"
2039-09-01,2039,9,"tavg",26.3161884042411,"SSP1-2.6 (Sustainability)","ML-Enhanced"
2039-10-01,2039,10,"tavg",24.3745592958419,"SSP1-2.6 (Sustainability)","ML-Enhanced"
2039-11-01,2039,11,"tavg",24.3960583240669,"SSP1-2.6 (Sustainability)","ML-Enhanced"
2039-12-01,2039,12,"tavg",22.990375867986,"SSP1-2.6 (Sustainability)","ML-Enhanced"
2040-01-01,2040,1,"tavg",23.4638540699395,"SSP1-2.6 (Sustainability)","ML-Enhanced"
2040-02-01,2040,2,"tavg",24.6941216128588,"SSP1-2.6 (Sustainability)","ML-Enhanced"
2040-03-01,2040,3,"tavg",25.5842411825099,"SSP1-2.6 (Sustainability)","ML-Enhanced"
2040-04-01,2040,4,"tavg",27.4304760849615,"SSP1-2.6 (Sustainability)","ML-Enhanced"
2040-05-01,2040,5,"tavg",29.7339585785674,"SSP1-2.6 (Sustainability)","ML-Enhanced"
2040-06-01,2040,6,"tavg",28.6380189200625,"SSP1-2.6 (Sustainability)","ML-Enhanced"
2040-07-01,2040,7,"tavg",29.0836727570894,"SSP1-2.6 (Sustainability)","ML-Enhanced"
2040-08-01,2040,8,"tavg",27.3322215998333,"SSP1-2.6 (Sustainability)","ML-Enhanced"
2040-09-01,2040,9,"tavg",25.8640377385401,"SSP1-2.6 (Sustainability)","ML-Enhanced"
2040-10-01,2040,10,"tavg",24.6150317530236,"SSP1-2.6 (Sustainability)","ML-Enhanced"
2040-11-01,2040,11,"tavg",22.8603588145347,"SSP1-2.6 (Sustainability)","ML-Enhanced"
2040-12-01,2040,12,"tavg",23.0198314577399,"SSP1-2.6 (Sustainability)","ML-Enhanced"
2041-01-01,2041,1,"tavg",24.1696924230934,"SSP1-2.6 (Sustainability)","ML-Enhanced"
2041-02-01,2041,2,"tavg",25.0062440892947,"SSP1-2.6 (Sustainability)","ML-Enhanced"
2041-03-01,2041,3,"tavg",26.221237041431,"SSP1-2.6 (Sustainability)","ML-Enhanced"
2041-04-01,2041,4,"tavg",27.7524248527896,"SSP1-2.6 (Sustainability)","ML-Enhanced"
2041-05-01,2041,5,"tavg",28.8673564847473,"SSP1-2.6 (Sustainability)","ML-Enhanced"
2041-06-01,2041,6,"tavg",28.7159276470919,"SSP1-2.6 (Sustainability)","ML-Enhanced"
2041-07-01,2041,7,"tavg",28.8356358939649,"SSP1-2.6 (Sustainability)","ML-Enhanced"
2041-08-01,2041,8,"tavg",27.9613956736691,"SSP1-2.6 (Sustainability)","ML-Enhanced"
2041-09-01,2041,9,"tavg",26.5316664463824,"SSP1-2.6 (Sustainability)","ML-Enhanced"
2041-10-01,2041,10,"tavg",24.4546213937366,"SSP1-2.6 (Sustainability)","ML-Enhanced"
2041-11-01,2041,11,"tavg",23.0451537233465,"SSP1-2.6 (Sustainability)","ML-Enhanced"
2041-12-01,2041,12,"tavg",22.8630986425143,"SSP1-2.6 (Sustainability)","ML-Enhanced"
2042-01-01,2042,1,"tavg",23.1876945125597,"SSP1-2.6 (Sustainability)","ML-Enhanced"
2042-02-01,2042,2,"tavg",24.7929242428613,"SSP1-2.6 (Sustainability)","ML-Enhanced"
2042-03-01,2042,3,"tavg",26.3555687993155,"SSP1-2.6 (Sustainability)","ML-Enhanced"
2042-04-01,2042,4,"tavg",27.4761338633932,"SSP1-2.6 (Sustainability)","ML-Enhanced"
2042-05-01,2042,5,"tavg",29.0905437527292,"SSP1-2.6 (Sustainability)","ML-Enhanced"
2042-06-01,2042,6,"tavg",29.0037145130062,"SSP1-2.6 (Sustainability)","ML-Enhanced"
2042-07-01,2042,7,"tavg",27.5567893213605,"SSP1-2.6 (Sustainability)","ML-Enhanced"
2042-08-01,2042,8,"tavg",26.8078477384742,"SSP1-2.6 (Sustainability)","ML-Enhanced"
2042-09-01,2042,9,"tavg",25.3956283374151,"SSP1-2.6 (Sustainability)","ML-Enhanced"
2042-10-01,2042,10,"tavg",25.1349258720041,"SSP1-2.6 (Sustainability)","ML-Enhanced"
2042-11-01,2042,11,"tavg",23.8362319337651,"SSP1-2.6 (Sustainability)","ML-Enhanced"
2042-12-01,2042,12,"tavg",22.8537219329812,"SSP1-2.6 (Sustainability)","ML-Enhanced"
2043-01-01,2043,1,"tavg",23.7128481506225,"SSP1-2.6 (Sustainability)","ML-Enhanced"
2043-02-01,2043,2,"tavg",24.7401463935904,"SSP1-2.6 (Sustainability)","ML-Enhanced"
2043-03-01,2043,3,"tavg",26.3365886996752,"SSP1-2.6 (Sustainability)","ML-Enhanced"
2043-04-01,2043,4,"tavg",27.1287642203175,"SSP1-2.6 (Sustainability)","ML-Enhanced"
2043-05-01,2043,5,"tavg",28.9684470585137,"SSP1-2.6 (Sustainability)","ML-Enhanced"
2043-06-01,2043,6,"tavg",28.7875886830939,"SSP1-2.6 (Sustainability)","ML-Enhanced"
2043-07-01,2043,7,"tavg",28.9079156333353,"SSP1-2.6 (Sustainability)","ML-Enhanced"
2043-08-01,2043,8,"tavg",27.6593509276099,"SSP1-2.6 (Sustainability)","ML-Enhanced"
2043-09-01,2043,9,"tavg",25.3262155019874,"SSP1-2.6 (Sustainability)","ML-Enhanced"
2043-10-01,2043,10,"tavg",24.9528505346599,"SSP1-2.6 (Sustainability)","ML-Enhanced"
2043-11-01,2043,11,"tavg",23.1602191126705,"SSP1-2.6 (Sustainability)","ML-Enhanced"
2043-12-01,2043,12,"tavg",22.3546549160257,"SSP1-2.6 (Sustainability)","ML-Enhanced"
2044-01-01,2044,1,"tavg",23.3347241198607,"SSP1-2.6 (Sustainability)","ML-Enhanced"
2044-02-01,2044,2,"tavg",24.9193370716736,"SSP1-2.6 (Sustainability)","ML-Enhanced"
2044-03-01,2044,3,"tavg",26.1473284440282,"SSP1-2.6 (Sustainability)","ML-Enhanced"
2044-04-01,2044,4,"tavg",27.7032874464392,"SSP1-2.6 (Sustainability)","ML-Enhanced"
2044-05-01,2044,5,"tavg",28.8714070506179,"SSP1-2.6 (Sustainability)","ML-Enhanced"
2044-06-01,2044,6,"tavg",28.6233865763058,"SSP1-2.6 (Sustainability)","ML-Enhanced"
2044-07-01,2044,7,"tavg",28.4399941709341,"SSP1-2.6 (Sustainability)","ML-Enhanced"
2044-08-01,2044,8,"tavg",27.3752116041526,"SSP1-2.6 (Sustainability)","ML-Enhanced"
2044-09-01,2044,9,"tavg",27.0113854735916,"SSP1-2.6 (Sustainability)","ML-Enhanced"
2044-10-01,2044,10,"tavg",24.8161712819957,"SSP1-2.6 (Sustainability)","ML-Enhanced"
2044-11-01,2044,11,"tavg",23.7426259400172,"SSP1-2.6 (Sustainability)","ML-Enhanced"
2044-12-01,2044,12,"tavg",23.9526123904043,"SSP1-2.6 (Sustainability)","ML-Enhanced"
2045-01-01,2045,1,"tavg",24.0980972144344,"SSP1-2.6 (Sustainability)","ML-Enhanced"
2045-02-01,2045,2,"tavg",25.0008964728362,"SSP1-2.6 (Sustainability)","ML-Enhanced"
2045-03-01,2045,3,"tavg",26.0496066667405,"SSP1-2.6 (Sustainability)","ML-Enhanced"
2045-04-01,2045,4,"tavg",27.4667307274542,"SSP1-2.6 (Sustainability)","ML-Enhanced"
2045-05-01,2045,5,"tavg",28.385732449464,"SSP1-2.6 (Sustainability)","ML-Enhanced"
2045-06-01,2045,6,"tavg",29.0600806283831,"SSP1-2.6 (Sustainability)","ML-Enhanced"
2045-07-01,2045,7,"tavg",28.8123173695521,"SSP1-2.6 (Sustainability)","ML-Enhanced"
2045-08-01,2045,8,"tavg",27.4901260963849,"SSP1-2.6 (Sustainability)","ML-Enhanced"
2045-09-01,2045,9,"tavg",26.2389057928171,"SSP1-2.6 (Sustainability)","ML-Enhanced"
2045-10-01,2045,10,"tavg",24.5201484707373,"SSP1-2.6 (Sustainability)","ML-Enhanced"
2045-11-01,2045,11,"tavg",23.8578745459525,"SSP1-2.6 (Sustainability)","ML-Enhanced"
2045-12-01,2045,12,"tavg",23.0700304355049,"SSP1-2.6 (Sustainability)","ML-Enhanced"
2046-01-01,2046,1,"tavg",24.3400918462969,"SSP1-2.6 (Sustainability)","ML-Enhanced"
2046-02-01,2046,2,"tavg",24.3370776243192,"SSP1-2.6 (Sustainability)","ML-Enhanced"
2046-03-01,2046,3,"tavg",26.4032146009633,"SSP1-2.6 (Sustainability)","ML-Enhanced"
2046-04-01,2046,4,"tavg",27.1945519117461,"SSP1-2.6 (Sustainability)","ML-Enhanced"
2046-05-01,2046,5,"tavg",28.9577357897774,"SSP1-2.6 (Sustainability)","ML-Enhanced"
2046-06-01,2046,6,"tavg",29.4189722055176,"SSP1-2.6 (Sustainability)","ML-Enhanced"
2046-07-01,2046,7,"tavg",28.4853226421584,"SSP1-2.6 (Sustainability)","ML-Enhanced"
2046-08-01,2046,8,"tavg",27.9338499574648,"SSP1-2.6 (Sustainability)","ML-Enhanced"
2046-09-01,2046,9,"tavg",25.8148006390246,"SSP1-2.6 (Sustainability)","ML-Enhanced"
2046-10-01,2046,10,"tavg",25.0241454293169,"SSP1-2.6 (Sustainability)","ML-Enhanced"
2046-11-01,2046,11,"tavg",22.8249826024273,"SSP1-2.6 (Sustainability)","ML-Enhanced"
2046-12-01,2046,12,"tavg",22.9872339333789,"SSP1-2.6 (Sustainability)","ML-Enhanced"
2047-01-01,2047,1,"tavg",23.1423357228641,"SSP1-2.6 (Sustainability)","ML-Enhanced"
2047-02-01,2047,2,"tavg",25.1342664243298,"SSP1-2.6 (Sustainability)","ML-Enhanced"
2047-03-01,2047,3,"tavg",27.0121703424346,"SSP1-2.6 (Sustainability)","ML-Enhanced"
2047-04-01,2047,4,"tavg",27.8118101448756,"SSP1-2.6 (Sustainability)","ML-Enhanced"
2047-05-01,2047,5,"tavg",28.8632632550473,"SSP1-2.6 (Sustainability)","ML-Enhanced"
2047-06-01,2047,6,"tavg",29.1149221849952,"SSP1-2.6 (Sustainability)","ML-Enhanced"
2047-07-01,2047,7,"tavg",29.1560808665139,"SSP1-2.6 (Sustainability)","ML-Enhanced"
2047-08-01,2047,8,"tavg",28.0952487357631,"SSP1-2.6 (Sustainability)","ML-Enhanced"
2047-09-01,2047,9,"tavg",26.6771612666793,"SSP1-2.6 (Sustainability)","ML-Enhanced"
2047-10-01,2047,10,"tavg",24.9118939326725,"SSP1-2.6 (Sustainability)","ML-Enhanced"
2047-11-01,2047,11,"tavg",23.3768052329498,"SSP1-2.6 (Sustainability)","ML-Enhanced"
2047-12-01,2047,12,"tavg",23.1966684225359,"SSP1-2.6 (Sustainability)","ML-Enhanced"
2048-01-01,2048,1,"tavg",23.6724113831728,"SSP1-2.6 (Sustainability)","ML-Enhanced"
2048-02-01,2048,2,"tavg",25.1231494454123,"SSP1-2.6 (Sustainability)","ML-Enhanced"
2048-03-01,2048,3,"tavg",26.5597940511745,"SSP1-2.6 (Sustainability)","ML-Enhanced"
2048-04-01,2048,4,"tavg",27.1722725559224,"SSP1-2.6 (Sustainability)","ML-Enhanced"
2048-05-01,2048,5,"tavg",29.1903562217876,"SSP1-2.6 (Sustainability)","ML-Enhanced"
2048-06-01,2048,6,"tavg",29.2523279338135,"SSP1-2.6 (Sustainability)","ML-Enhanced"
2048-07-01,2048,7,"tavg",28.7210054646326,"SSP1-2.6 (Sustainability)","ML-Enhanced"
2048-08-01,2048,8,"tavg",27.6382797911303,"SSP1-2.6 (Sustainability)","ML-Enhanced"
2048-09-01,2048,9,"tavg",25.3632048322827,"SSP1-2.6 (Sustainability)","ML-Enhanced"
2048-10-01,2048,10,"tavg",24.4796048433502,"SSP1-2.6 (Sustainability)","ML-Enhanced"
2048-11-01,2048,11,"tavg",23.6320489800801,"SSP1-2.6 (Sustainability)","ML-Enhanced"
2048-12-01,2048,12,"tavg",23.4127820222881,"SSP1-2.6 (Sustainability)","ML-Enhanced"
2049-01-01,2049,1,"tavg",23.7732263090271,"SSP1-2.6 (Sustainability)","ML-Enhanced"
2049-02-01,2049,2,"tavg",25.2678325756393,"SSP1-2.6 (Sustainability)","ML-Enhanced"
2049-03-01,2049,3,"tavg",25.783679952527,"SSP1-2.6 (Sustainability)","ML-Enhanced"
2049-04-01,2049,4,"tavg",27.4055542823876,"SSP1-2.6 (Sustainability)","ML-Enhanced"
2049-05-01,2049,5,"tavg",29.938516789179,"SSP1-2.6 (Sustainability)","ML-Enhanced"
2049-06-01,2049,6,"tavg",29.7106334816521,"SSP1-2.6 (Sustainability)","ML-Enhanced"
2049-07-01,2049,7,"tavg",28.3764438729134,"SSP1-2.6 (Sustainability)","ML-Enhanced"
2049-08-01,2049,8,"tavg",28.0202054101364,"SSP1-2.6 (Sustainability)","ML-Enhanced"
2049-09-01,2049,9,"tavg",26.5887214974542,"SSP1-2.6 (Sustainability)","ML-Enhanced"
2049-10-01,2049,10,"tavg",25.2717649287921,"SSP1-2.6 (Sustainability)","ML-Enhanced"
2049-11-01,2049,11,"tavg",24.4352766221286,"SSP1-2.6 (Sustainability)","ML-Enhanced"
2049-12-01,2049,12,"tavg",22.9710414077319,"SSP1-2.6 (Sustainability)","ML-Enhanced"
2050-01-01,2050,1,"tavg",22.9685820396661,"SSP1-2.6 (Sustainability)","ML-Enhanced"
2050-02-01,2050,2,"tavg",24.2346117238459,"SSP1-2.6 (Sustainability)","ML-Enhanced"
2050-03-01,2050,3,"tavg",25.9486307177429,"SSP1-2.6 (Sustainability)","ML-Enhanced"
2050-04-01,2050,4,"tavg",27.485716684438,"SSP1-2.6 (Sustainability)","ML-Enhanced"
2050-05-01,2050,5,"tavg",29.086118370892,"SSP1-2.6 (Sustainability)","ML-Enhanced"
2050-06-01,2050,6,"tavg",28.9751716936088,"SSP1-2.6 (Sustainability)","ML-Enhanced"
2050-07-01,2050,7,"tavg",28.9497234167648,"SSP1-2.6 (Sustainability)","ML-Enhanced"
2050-08-01,2050,8,"tavg",27.644047951737,"SSP1-2.6 (Sustainability)","ML-Enhanced"
2050-09-01,2050,9,"tavg",26.9557196657183,"SSP1-2.6 (Sustainability)","ML-Enhanced"
2050-10-01,2050,10,"tavg",25.0228297008294,"SSP1-2.6 (Sustainability)","ML-Enhanced"
2050-11-01,2050,11,"tavg",23.18084429267,"SSP1-2.6 (Sustainability)","ML-Enhanced"
2050-12-01,2050,12,"tavg",23.9026593430223,"SSP1-2.6 (Sustainability)","ML-Enhanced"
2051-01-01,2051,1,"tavg",23.5362959108065,"SSP1-2.6 (Sustainability)","ML-Enhanced"
2051-02-01,2051,2,"tavg",24.7548301608061,"SSP1-2.6 (Sustainability)","ML-Enhanced"
2051-03-01,2051,3,"tavg",26.3359915767207,"SSP1-2.6 (Sustainability)","ML-Enhanced"
2051-04-01,2051,4,"tavg",27.7777701525471,"SSP1-2.6 (Sustainability)","ML-Enhanced"
2051-05-01,2051,5,"tavg",28.9371163485746,"SSP1-2.6 (Sustainability)","ML-Enhanced"
2051-06-01,2051,6,"tavg",29.5954635396772,"SSP1-2.6 (Sustainability)","ML-Enhanced"
2051-07-01,2051,7,"tavg",28.4792009424006,"SSP1-2.6 (Sustainability)","ML-Enhanced"
2051-08-01,2051,8,"tavg",28.0345829511104,"SSP1-2.6 (Sustainability)","ML-Enhanced"
2051-09-01,2051,9,"tavg",25.949607473878,"SSP1-2.6 (Sustainability)","ML-Enhanced"
2051-10-01,2051,10,"tavg",25.125544236699,"SSP1-2.6 (Sustainability)","ML-Enhanced"
2051-11-01,2051,11,"tavg",24.2623106722057,"SSP1-2.6 (Sustainability)","ML-Enhanced"
2051-12-01,2051,12,"tavg",23.3972685498597,"SSP1-2.6 (Sustainability)","ML-Enhanced"
2052-01-01,2052,1,"tavg",24.0715451326075,"SSP1-2.6 (Sustainability)","ML-Enhanced"
2052-02-01,2052,2,"tavg",24.3782877077095,"SSP1-2.6 (Sustainability)","ML-Enhanced"
2052-03-01,2052,3,"tavg",26.9706853106496,"SSP1-2.6 (Sustainability)","ML-Enhanced"
2052-04-01,2052,4,"tavg",26.8812885550886,"SSP1-2.6 (Sustainability)","ML-Enhanced"
2052-05-01,2052,5,"tavg",28.5317771991435,"SSP1-2.6 (Sustainability)","ML-Enhanced"
2052-06-01,2052,6,"tavg",29.7140076955042,"SSP1-2.6 (Sustainability)","ML-Enhanced"
2052-07-01,2052,7,"tavg",28.8145250075959,"SSP1-2.6 (Sustainability)","ML-Enhanced"
2052-08-01,2052,8,"tavg",27.1013031488754,"SSP1-2.6 (Sustainability)","ML-Enhanced"
2052-09-01,2052,9,"tavg",26.2713143839546,"SSP1-2.6 (Sustainability)","ML-Enhanced"
2052-10-01,2052,10,"tavg",25.0496922385776,"SSP1-2.6 (Sustainability)","ML-Enhanced"
2052-11-01,2052,11,"tavg",23.3258278622358,"SSP1-2.6 (Sustainability)","ML-Enhanced"
2052-12-01,2052,12,"tavg",23.8438942352388,"SSP1-2.6 (Sustainability)","ML-Enhanced"
2053-01-01,2053,1,"tavg",24.3091354332508,"SSP1-2.6 (Sustainability)","ML-Enhanced"
2053-02-01,2053,2,"tavg",24.6767212539003,"SSP1-2.6 (Sustainability)","ML-Enhanced"
2053-03-01,2053,3,"tavg",26.2726315063451,"SSP1-2.6 (Sustainability)","ML-Enhanced"
2053-04-01,2053,4,"tavg",27.4428255020925,"SSP1-2.6 (Sustainability)","ML-Enhanced"
2053-05-01,2053,5,"tavg",29.7633034275269,"SSP1-2.6 (Sustainability)","ML-Enhanced"
2053-06-01,2053,6,"tavg",28.9093964272928,"SSP1-2.6 (Sustainability)","ML-Enhanced"
2053-07-01,2053,7,"tavg",28.7393005656949,"SSP1-2.6 (Sustainability)","ML-Enhanced"
2053-08-01,2053,8,"tavg",28.2633707653043,"SSP1-2.6 (Sustainability)","ML-Enhanced"
2053-09-01,2053,9,"tavg",25.7826814993494,"SSP1-2.6 (Sustainability)","ML-Enhanced"
2053-10-01,2053,10,"tavg",25.1954400190843,"SSP1-2.6 (Sustainability)","ML-Enhanced"
2053-11-01,2053,11,"tavg",23.4249448103717,"SSP1-2.6 (Sustainability)","ML-Enhanced"
2053-12-01,2053,12,"tavg",23.4680064591454,"SSP1-2.6 (Sustainability)","ML-Enhanced"
2024-01-01,2024,1,"prec",11.5880127977355,"SSP1-2.6 (Sustainability)","Statistical"
2024-02-01,2024,2,"prec",29.9607876358639,"SSP1-2.6 (Sustainability)","Statistical"
2024-03-01,2024,3,"prec",47.0544566784661,"SSP1-2.6 (Sustainability)","Statistical"
2024-04-01,2024,4,"prec",50.0878347456979,"SSP1-2.6 (Sustainability)","Statistical"
2024-05-01,2024,5,"prec",150.004386947369,"SSP1-2.6 (Sustainability)","Statistical"
2024-06-01,2024,6,"prec",285.855555982175,"SSP1-2.6 (Sustainability)","Statistical"
2024-07-01,2024,7,"prec",389.167421061719,"SSP1-2.6 (Sustainability)","Statistical"
2024-08-01,2024,8,"prec",360.491344790045,"SSP1-2.6 (Sustainability)","Statistical"
2024-09-01,2024,9,"prec",210.116443879008,"SSP1-2.6 (Sustainability)","Statistical"
2024-10-01,2024,10,"prec",133.704350018112,"SSP1-2.6 (Sustainability)","Statistical"
2024-11-01,2024,11,"prec",47.9136821861195,"SSP1-2.6 (Sustainability)","Statistical"
2024-12-01,2024,12,"prec",26.8236879034587,"SSP1-2.6 (Sustainability)","Statistical"
2025-01-01,2025,1,"prec",22.772030181221,"SSP1-2.6 (Sustainability)","Statistical"
2025-02-01,2025,2,"prec",32.9229353045923,"SSP1-2.6 (Sustainability)","Statistical"
2025-03-01,2025,3,"prec",35.341789013016,"SSP1-2.6 (Sustainability)","Statistical"
2025-04-01,2025,4,"prec",100.533853309743,"SSP1-2.6 (Sustainability)","Statistical"
2025-05-01,2025,5,"prec",162.275901066084,"SSP1-2.6 (Sustainability)","Statistical"
2025-06-01,2025,6,"prec",279.480101806845,"SSP1-2.6 (Sustainability)","Statistical"
2025-07-01,2025,7,"prec",434.312720673894,"SSP1-2.6 (Sustainability)","Statistical"
2025-08-01,2025,8,"prec",364.122232575365,"SSP1-2.6 (Sustainability)","Statistical"
2025-09-01,2025,9,"prec",236.462878478267,"SSP1-2.6 (Sustainability)","Statistical"
2025-10-01,2025,10,"prec",111.859664468151,"SSP1-2.6 (Sustainability)","Statistical"
2025-11-01,2025,11,"prec",34.8774438607676,"SSP1-2.6 (Sustainability)","Statistical"
2025-12-01,2025,12,"prec",29.4507951775541,"SSP1-2.6 (Sustainability)","Statistical"
2026-01-01,2026,1,"prec",19.159820405727,"SSP1-2.6 (Sustainability)","Statistical"
2026-02-01,2026,2,"prec",40.262380216911,"SSP1-2.6 (Sustainability)","Statistical"
2026-03-01,2026,3,"prec",42.7075712690839,"SSP1-2.6 (Sustainability)","Statistical"
2026-04-01,2026,4,"prec",102.43657155411,"SSP1-2.6 (Sustainability)","Statistical"
2026-05-01,2026,5,"prec",160.129919394736,"SSP1-2.6 (Sustainability)","Statistical"
2026-06-01,2026,6,"prec",342.586176871801,"SSP1-2.6 (Sustainability)","Statistical"
2026-07-01,2026,7,"prec",372.743374401973,"SSP1-2.6 (Sustainability)","Statistical"
2026-08-01,2026,8,"prec",417.6365044805,"SSP1-2.6 (Sustainability)","Statistical"
2026-09-01,2026,9,"prec",210.450033296779,"SSP1-2.6 (Sustainability)","Statistical"
2026-10-01,2026,10,"prec",102.363601982059,"SSP1-2.6 (Sustainability)","Statistical"
2026-11-01,2026,11,"prec",48.3729283270771,"SSP1-2.6 (Sustainability)","Statistical"
2026-12-01,2026,12,"prec",25.1884055911976,"SSP1-2.6 (Sustainability)","Statistical"
2027-01-01,2027,1,"prec",25.4548759132847,"SSP1-2.6 (Sustainability)","Statistical"
2027-02-01,2027,2,"prec",27.720970728784,"SSP1-2.6 (Sustainability)","Statistical"
2027-03-01,2027,3,"prec",42.3055376405744,"SSP1-2.6 (Sustainability)","Statistical"
2027-04-01,2027,4,"prec",106.206900884953,"SSP1-2.6 (Sustainability)","Statistical"
2027-05-01,2027,5,"prec",128.954368872053,"SSP1-2.6 (Sustainability)","Statistical"
2027-06-01,2027,6,"prec",317.442120159576,"SSP1-2.6 (Sustainability)","Statistical"
2027-07-01,2027,7,"prec",458.960633470828,"SSP1-2.6 (Sustainability)","Statistical"
2027-08-01,2027,8,"prec",302.208361904653,"SSP1-2.6 (Sustainability)","Statistical"
2027-09-01,2027,9,"prec",227.25824067107,"SSP1-2.6 (Sustainability)","Statistical"
2027-10-01,2027,10,"prec",113.681354752187,"SSP1-2.6 (Sustainability)","Statistical"
2027-11-01,2027,11,"prec",39.5256743782062,"SSP1-2.6 (Sustainability)","Statistical"
2027-12-01,2027,12,"prec",22.630412991974,"SSP1-2.6 (Sustainability)","Statistical"
2028-01-01,2028,1,"prec",23.5147967466184,"SSP1-2.6 (Sustainability)","Statistical"
2028-02-01,2028,2,"prec",37.3890203155251,"SSP1-2.6 (Sustainability)","Statistical"
2028-03-01,2028,3,"prec",39.5060732561565,"SSP1-2.6 (Sustainability)","Statistical"
2028-04-01,2028,4,"prec",98.5786348756954,"SSP1-2.6 (Sustainability)","Statistical"
2028-05-01,2028,5,"prec",135.419243674067,"SSP1-2.6 (Sustainability)","Statistical"
2028-06-01,2028,6,"prec",421.540880955266,"SSP1-2.6 (Sustainability)","Statistical"
2028-07-01,2028,7,"prec",507.25832552428,"SSP1-2.6 (Sustainability)","Statistical"
2028-08-01,2028,8,"prec",324.157274318551,"SSP1-2.6 (Sustainability)","Statistical"
2028-09-01,2028,9,"prec",183.067757644187,"SSP1-2.6 (Sustainability)","Statistical"
2028-10-01,2028,10,"prec",106.134092067835,"SSP1-2.6 (Sustainability)","Statistical"
2028-11-01,2028,11,"prec",63.8771670435809,"SSP1-2.6 (Sustainability)","Statistical"
2028-12-01,2028,12,"prec",27.3428399995757,"SSP1-2.6 (Sustainability)","Statistical"
2029-01-01,2029,1,"prec",21.9057369815242,"SSP1-2.6 (Sustainability)","Statistical"
2029-02-01,2029,2,"prec",36.0717227719419,"SSP1-2.6 (Sustainability)","Statistical"
2029-03-01,2029,3,"prec",40.168431517865,"SSP1-2.6 (Sustainability)","Statistical"
2029-04-01,2029,4,"prec",71.3732263233344,"SSP1-2.6 (Sustainability)","Statistical"
2029-05-01,2029,5,"prec",181.488568062548,"SSP1-2.6 (Sustainability)","Statistical"
2029-06-01,2029,6,"prec",368.444813990915,"SSP1-2.6 (Sustainability)","Statistical"
2029-07-01,2029,7,"prec",533.498504428289,"SSP1-2.6 (Sustainability)","Statistical"
2029-08-01,2029,8,"prec",502.419972883037,"SSP1-2.6 (Sustainability)","Statistical"
2029-09-01,2029,9,"prec",308.630642121981,"SSP1-2.6 (Sustainability)","Statistical"
2029-10-01,2029,10,"prec",148.875280931448,"SSP1-2.6 (Sustainability)","Statistical"
2029-11-01,2029,11,"prec",37.4960563101224,"SSP1-2.6 (Sustainability)","Statistical"
2029-12-01,2029,12,"prec",36.6791336415415,"SSP1-2.6 (Sustainability)","Statistical"
2030-01-01,2030,1,"prec",22.8384175573638,"SSP1-2.6 (Sustainability)","Statistical"
2030-02-01,2030,2,"prec",28.3281773263,"SSP1-2.6 (Sustainability)","Statistical"
2030-03-01,2030,3,"prec",49.0489274529797,"SSP1-2.6 (Sustainability)","Statistical"
2030-04-01,2030,4,"prec",64.6167414442438,"SSP1-2.6 (Sustainability)","Statistical"
2030-05-01,2030,5,"prec",155.9932173215,"SSP1-2.6 (Sustainability)","Statistical"
2030-06-01,2030,6,"prec",247.825386780557,"SSP1-2.6 (Sustainability)","Statistical"
2030-07-01,2030,7,"prec",374.766651708307,"SSP1-2.6 (Sustainability)","Statistical"
2030-08-01,2030,8,"prec",370.453385140111,"SSP1-2.6 (Sustainability)","Statistical"
2030-09-01,2030,9,"prec",273.976921814646,"SSP1-2.6 (Sustainability)","Statistical"
2030-10-01,2030,10,"prec",130.319966451342,"SSP1-2.6 (Sustainability)","Statistical"
2030-11-01,2030,11,"prec",50.621755329264,"SSP1-2.6 (Sustainability)","Statistical"
2030-12-01,2030,12,"prec",36.557623457979,"SSP1-2.6 (Sustainability)","Statistical"
2031-01-01,2031,1,"prec",26.8763608439429,"SSP1-2.6 (Sustainability)","Statistical"
2031-02-01,2031,2,"prec",28.1661092259738,"SSP1-2.6 (Sustainability)","Statistical"
2031-03-01,2031,3,"prec",44.4678995139484,"SSP1-2.6 (Sustainability)","Statistical"
2031-04-01,2031,4,"prec",83.4735984507319,"SSP1-2.6 (Sustainability)","Statistical"
2031-05-01,2031,5,"prec",169.525148400408,"SSP1-2.6 (Sustainability)","Statistical"
2031-06-01,2031,6,"prec",304.198903324287,"SSP1-2.6 (Sustainability)","Statistical"
2031-07-01,2031,7,"prec",456.373421556231,"SSP1-2.6 (Sustainability)","Statistical"
2031-08-01,2031,8,"prec",348.093904582951,"SSP1-2.6 (Sustainability)","Statistical"
2031-09-01,2031,9,"prec",190.635939845736,"SSP1-2.6 (Sustainability)","Statistical"
2031-10-01,2031,10,"prec",124.579175379295,"SSP1-2.6 (Sustainability)","Statistical"
2031-11-01,2031,11,"prec",34.2402684237642,"SSP1-2.6 (Sustainability)","Statistical"
2031-12-01,2031,12,"prec",26.8196115160857,"SSP1-2.6 (Sustainability)","Statistical"
2032-01-01,2032,1,"prec",26.2908485273835,"SSP1-2.6 (Sustainability)","Statistical"
2032-02-01,2032,2,"prec",35.1812832542936,"SSP1-2.6 (Sustainability)","Statistical"
2032-03-01,2032,3,"prec",31.7520734136398,"SSP1-2.6 (Sustainability)","Statistical"
2032-04-01,2032,4,"prec",78.7223464921739,"SSP1-2.6 (Sustainability)","Statistical"
2032-05-01,2032,5,"prec",141.092070825988,"SSP1-2.6 (Sustainability)","Statistical"
2032-06-01,2032,6,"prec",284.646938039736,"SSP1-2.6 (Sustainability)","Statistical"
2032-07-01,2032,7,"prec",493.417430032409,"SSP1-2.6 (Sustainability)","Statistical"
2032-08-01,2032,8,"prec",387.729072635362,"SSP1-2.6 (Sustainability)","Statistical"
2032-09-01,2032,9,"prec",278.229740997703,"SSP1-2.6 (Sustainability)","Statistical"
2032-10-01,2032,10,"prec",107.838194872401,"SSP1-2.6 (Sustainability)","Statistical"
2032-11-01,2032,11,"prec",40.0859830745908,"SSP1-2.6 (Sustainability)","Statistical"
2032-12-01,2032,12,"prec",34.4623916023931,"SSP1-2.6 (Sustainability)","Statistical"
2033-01-01,2033,1,"prec",19.0366029192997,"SSP1-2.6 (Sustainability)","Statistical"
2033-02-01,2033,2,"prec",32.096614194898,"SSP1-2.6 (Sustainability)","Statistical"
2033-03-01,2033,3,"prec",41.7720698395797,"SSP1-2.6 (Sustainability)","Statistical"
2033-04-01,2033,4,"prec",51.0682167840414,"SSP1-2.6 (Sustainability)","Statistical"
2033-05-01,2033,5,"prec",157.107140028513,"SSP1-2.6 (Sustainability)","Statistical"
2033-06-01,2033,6,"prec",283.577278454159,"SSP1-2.6 (Sustainability)","Statistical"
2033-07-01,2033,7,"prec",608.50943287692,"SSP1-2.6 (Sustainability)","Statistical"
2033-08-01,2033,8,"prec",443.529288847122,"SSP1-2.6 (Sustainability)","Statistical"
2033-09-01,2033,9,"prec",239.965529422457,"SSP1-2.6 (Sustainability)","Statistical"
2033-10-01,2033,10,"prec",124.767529982214,"SSP1-2.6 (Sustainability)","Statistical"
2033-11-01,2033,11,"prec",41.8685212017399,"SSP1-2.6 (Sustainability)","Statistical"
2033-12-01,2033,12,"prec",32.2949579931994,"SSP1-2.6 (Sustainability)","Statistical"
2034-01-01,2034,1,"prec",19.8594188588686,"SSP1-2.6 (Sustainability)","Statistical"
2034-02-01,2034,2,"prec",41.9201432121096,"SSP1-2.6 (Sustainability)","Statistical"
2034-03-01,2034,3,"prec",40.633783366628,"SSP1-2.6 (Sustainability)","Statistical"
2034-04-01,2034,4,"prec",94.9568004676515,"SSP1-2.6 (Sustainability)","Statistical"
2034-05-01,2034,5,"prec",145.365767790188,"SSP1-2.6 (Sustainability)","Statistical"
2034-06-01,2034,6,"prec",369.282958404393,"SSP1-2.6 (Sustainability)","Statistical"
2034-07-01,2034,7,"prec",434.695576739592,"SSP1-2.6 (Sustainability)","Statistical"
2034-08-01,2034,8,"prec",382.145835716623,"SSP1-2.6 (Sustainability)","Statistical"
2034-09-01,2034,9,"prec",205.635971472034,"SSP1-2.6 (Sustainability)","Statistical"
2034-10-01,2034,10,"prec",135.941017029676,"SSP1-2.6 (Sustainability)","Statistical"
2034-11-01,2034,11,"prec",44.5953621019636,"SSP1-2.6 (Sustainability)","Statistical"
2034-12-01,2034,12,"prec",29.6076185769434,"SSP1-2.6 (Sustainability)","Statistical"
2035-01-01,2035,1,"prec",25.8591484513314,"SSP1-2.6 (Sustainability)","Statistical"
2035-02-01,2035,2,"prec",37.7180281090665,"SSP1-2.6 (Sustainability)","Statistical"
2035-03-01,2035,3,"prec",46.0909476549955,"SSP1-2.6 (Sustainability)","Statistical"
2035-04-01,2035,4,"prec",88.7871434911096,"SSP1-2.6 (Sustainability)","Statistical"
2035-05-01,2035,5,"prec",203.989445092571,"SSP1-2.6 (Sustainability)","Statistical"
2035-06-01,2035,6,"prec",415.333219126768,"SSP1-2.6 (Sustainability)","Statistical"
2035-07-01,2035,7,"prec",530.344084741229,"SSP1-2.6 (Sustainability)","Statistical"
2035-08-01,2035,8,"prec",492.045076941234,"SSP1-2.6 (Sustainability)","Statistical"
2035-09-01,2035,9,"prec",300.322793979965,"SSP1-2.6 (Sustainability)","Statistical"
2035-10-01,2035,10,"prec",118.696942517809,"SSP1-2.6 (Sustainability)","Statistical"
2035-11-01,2035,11,"prec",51.250511287144,"SSP1-2.6 (Sustainability)","Statistical"
2035-12-01,2035,12,"prec",24.7996730535874,"SSP1-2.6 (Sustainability)","Statistical"
2036-01-01,2036,1,"prec",19.1248937528138,"SSP1-2.6 (Sustainability)","Statistical"
2036-02-01,2036,2,"prec",43.3559345473928,"SSP1-2.6 (Sustainability)","Statistical"
2036-03-01,2036,3,"prec",57.0936927577727,"SSP1-2.6 (Sustainability)","Statistical"
2036-04-01,2036,4,"prec",86.3850498479038,"SSP1-2.6 (Sustainability)","Statistical"
2036-05-01,2036,5,"prec",205.034207746628,"SSP1-2.6 (Sustainability)","Statistical"
2036-06-01,2036,6,"prec",373.589613735039,"SSP1-2.6 (Sustainability)","Statistical"
2036-07-01,2036,7,"prec",496.468499579105,"SSP1-2.6 (Sustainability)","Statistical"
2036-08-01,2036,8,"prec",440.291562814322,"SSP1-2.6 (Sustainability)","Statistical"
2036-09-01,2036,9,"prec",341.777249590491,"SSP1-2.6 (Sustainability)","Statistical"
2036-10-01,2036,10,"prec",116.435773954454,"SSP1-2.6 (Sustainability)","Statistical"
2036-11-01,2036,11,"prec",49.4425727345787,"SSP1-2.6 (Sustainability)","Statistical"
2036-12-01,2036,12,"prec",35.7976160640036,"SSP1-2.6 (Sustainability)","Statistical"
2037-01-01,2037,1,"prec",31.0416711377488,"SSP1-2.6 (Sustainability)","Statistical"
2037-02-01,2037,2,"prec",21.1541521349894,"SSP1-2.6 (Sustainability)","Statistical"
2037-03-01,2037,3,"prec",38.9927882415668,"SSP1-2.6 (Sustainability)","Statistical"
2037-04-01,2037,4,"prec",74.9260800602074,"SSP1-2.6 (Sustainability)","Statistical"
2037-05-01,2037,5,"prec",151.924156006623,"SSP1-2.6 (Sustainability)","Statistical"
2037-06-01,2037,6,"prec",268.644314162167,"SSP1-2.6 (Sustainability)","Statistical"
2037-07-01,2037,7,"prec",479.679777285056,"SSP1-2.6 (Sustainability)","Statistical"
2037-08-01,2037,8,"prec",361.440258372838,"SSP1-2.6 (Sustainability)","Statistical"
2037-09-01,2037,9,"prec",203.412565734771,"SSP1-2.6 (Sustainability)","Statistical"
2037-10-01,2037,10,"prec",109.298271517549,"SSP1-2.6 (Sustainability)","Statistical"
2037-11-01,2037,11,"prec",28.2769481261948,"SSP1-2.6 (Sustainability)","Statistical"
2037-12-01,2037,12,"prec",28.5121456460086,"SSP1-2.6 (Sustainability)","Statistical"
2038-01-01,2038,1,"prec",23.7900434098222,"SSP1-2.6 (Sustainability)","Statistical"
2038-02-01,2038,2,"prec",46.3239359789898,"SSP1-2.6 (Sustainability)","Statistical"
2038-03-01,2038,3,"prec",27.626656186557,"SSP1-2.6 (Sustainability)","Statistical"
2038-04-01,2038,4,"prec",98.555647107772,"SSP1-2.6 (Sustainability)","Statistical"
2038-05-01,2038,5,"prec",198.698094276121,"SSP1-2.6 (Sustainability)","Statistical"
2038-06-01,2038,6,"prec",540.632239360024,"SSP1-2.6 (Sustainability)","Statistical"
2038-07-01,2038,7,"prec",618.507694146255,"SSP1-2.6 (Sustainability)","Statistical"
2038-08-01,2038,8,"prec",447.356631313327,"SSP1-2.6 (Sustainability)","Statistical"
2038-09-01,2038,9,"prec",231.663482989951,"SSP1-2.6 (Sustainability)","Statistical"
2038-10-01,2038,10,"prec",127.678645549165,"SSP1-2.6 (Sustainability)","Statistical"
2038-11-01,2038,11,"prec",46.4941159303028,"SSP1-2.6 (Sustainability)","Statistical"
2038-12-01,2038,12,"prec",30.3645168116022,"SSP1-2.6 (Sustainability)","Statistical"
2039-01-01,2039,1,"prec",32.1490457144144,"SSP1-2.6 (Sustainability)","Statistical"
2039-02-01,2039,2,"prec",33.8030847219613,"SSP1-2.6 (Sustainability)","Statistical"
2039-03-01,2039,3,"prec",55.7688445350913,"SSP1-2.6 (Sustainability)","Statistical"
2039-04-01,2039,4,"prec",90.7534842297966,"SSP1-2.6 (Sustainability)","Statistical"
2039-05-01,2039,5,"prec",206.52686799669,"SSP1-2.6 (Sustainability)","Statistical"
2039-06-01,2039,6,"prec",383.878745810307,"SSP1-2.6 (Sustainability)","Statistical"
2039-07-01,2039,7,"prec",533.383795887925,"SSP1-2.6 (Sustainability)","Statistical"
2039-08-01,2039,8,"prec",527.753442245009,"SSP1-2.6 (Sustainability)","Statistical"
2039-09-01,2039,9,"prec",212.232477229616,"SSP1-2.6 (Sustainability)","Statistical"
2039-10-01,2039,10,"prec",153.096570221707,"SSP1-2.6 (Sustainability)","Statistical"
2039-11-01,2039,11,"prec",56.5571765454123,"SSP1-2.6 (Sustainability)","Statistical"
2039-12-01,2039,12,"prec",40.7211242424479,"SSP1-2.6 (Sustainability)","Statistical"
2040-01-01,2040,1,"prec",33.1417002799675,"SSP1-2.6 (Sustainability)","Statistical"
2040-02-01,2040,2,"prec",23.9629796311506,"SSP1-2.6 (Sustainability)","Statistical"
2040-03-01,2040,3,"prec",53.8753130720421,"SSP1-2.6 (Sustainability)","Statistical"
2040-04-01,2040,4,"prec",88.1835969417658,"SSP1-2.6 (Sustainability)","Statistical"
2040-05-01,2040,5,"prec",139.461750017466,"SSP1-2.6 (Sustainability)","Statistical"
2040-06-01,2040,6,"prec",310.579047241365,"SSP1-2.6 (Sustainability)","Statistical"
2040-07-01,2040,7,"prec",587.886154277475,"SSP1-2.6 (Sustainability)","Statistical"
2040-08-01,2040,8,"prec",454.697035743788,"SSP1-2.6 (Sustainability)","Statistical"
2040-09-01,2040,9,"prec",282.890197075906,"SSP1-2.6 (Sustainability)","Statistical"
2040-10-01,2040,10,"prec",125.888560665848,"SSP1-2.6 (Sustainability)","Statistical"
2040-11-01,2040,11,"prec",46.3251857533509,"SSP1-2.6 (Sustainability)","Statistical"
2040-12-01,2040,12,"prec",27.5713541033136,"SSP1-2.6 (Sustainability)","Statistical"
2041-01-01,2041,1,"prec",29.2716463787534,"SSP1-2.6 (Sustainability)","Statistical"
2041-02-01,2041,2,"prec",40.9267622062075,"SSP1-2.6 (Sustainability)","Statistical"
2041-03-01,2041,3,"prec",43.7697208537562,"SSP1-2.6 (Sustainability)","Statistical"
2041-04-01,2041,4,"prec",79.5710792819836,"SSP1-2.6 (Sustainability)","Statistical"
2041-05-01,2041,5,"prec",167.160112405128,"SSP1-2.6 (Sustainability)","Statistical"
2041-06-01,2041,6,"prec",432.293014228095,"SSP1-2.6 (Sustainability)","Statistical"
2041-07-01,2041,7,"prec",493.919764717669,"SSP1-2.6 (Sustainability)","Statistical"
2041-08-01,2041,8,"prec",302.681200792132,"SSP1-2.6 (Sustainability)","Statistical"
2041-09-01,2041,9,"prec",271.055292814393,"SSP1-2.6 (Sustainability)","Statistical"
2041-10-01,2041,10,"prec",157.280893752846,"SSP1-2.6 (Sustainability)","Statistical"
2041-11-01,2041,11,"prec",63.6522848554591,"SSP1-2.6 (Sustainability)","Statistical"
2041-12-01,2041,12,"prec",34.6014953270928,"SSP1-2.6 (Sustainability)","Statistical"
2042-01-01,2042,1,"prec",15.2071790859179,"SSP1-2.6 (Sustainability)","Statistical"
2042-02-01,2042,2,"prec",36.5885241578537,"SSP1-2.6 (Sustainability)","Statistical"
2042-03-01,2042,3,"prec",50.0334598174701,"SSP1-2.6 (Sustainability)","Statistical"
2042-04-01,2042,4,"prec",93.0544678326671,"SSP1-2.6 (Sustainability)","Statistical"
2042-05-01,2042,5,"prec",127.41248948939,"SSP1-2.6 (Sustainability)","Statistical"
2042-06-01,2042,6,"prec",333.805925170261,"SSP1-2.6 (Sustainability)","Statistical"
2042-07-01,2042,7,"prec",626.440725301535,"SSP1-2.6 (Sustainability)","Statistical"
2042-08-01,2042,8,"prec",491.350353707658,"SSP1-2.6 (Sustainability)","Statistical"
2042-09-01,2042,9,"prec",312.844311726178,"SSP1-2.6 (Sustainability)","Statistical"
2042-10-01,2042,10,"prec",134.919498035356,"SSP1-2.6 (Sustainability)","Statistical"
2042-11-01,2042,11,"prec",45.5520690447329,"SSP1-2.6 (Sustainability)","Statistical"
2042-12-01,2042,12,"prec",35.0709941462105,"SSP1-2.6 (Sustainability)","Statistical"
2043-01-01,2043,1,"prec",20.4392903954366,"SSP1-2.6 (Sustainability)","Statistical"
2043-02-01,2043,2,"prec",40.3383435328911,"SSP1-2.6 (Sustainability)","Statistical"
2043-03-01,2043,3,"prec",51.1061646486259,"SSP1-2.6 (Sustainability)","Statistical"
2043-04-01,2043,4,"prec",92.0690110383991,"SSP1-2.6 (Sustainability)","Statistical"
2043-05-01,2043,5,"prec",219.085803705526,"SSP1-2.6 (Sustainability)","Statistical"
2043-06-01,2043,6,"prec",394.688390180454,"SSP1-2.6 (Sustainability)","Statistical"
2043-07-01,2043,7,"prec",620.527170046414,"SSP1-2.6 (Sustainability)","Statistical"
2043-08-01,2043,8,"prec",369.676235604048,"SSP1-2.6 (Sustainability)","Statistical"
2043-09-01,2043,9,"prec",288.127711645769,"SSP1-2.6 (Sustainability)","Statistical"
2043-10-01,2043,10,"prec",106.669041121126,"SSP1-2.6 (Sustainability)","Statistical"
2043-11-01,2043,11,"prec",52.2954715502766,"SSP1-2.6 (Sustainability)","Statistical"
2043-12-01,2043,12,"prec",30.3776531577506,"SSP1-2.6 (Sustainability)","Statistical"
2044-01-01,2044,1,"prec",23.6842732976683,"SSP1-2.6 (Sustainability)","Statistical"
2044-02-01,2044,2,"prec",28.7585698507554,"SSP1-2.6 (Sustainability)","Statistical"
2044-03-01,2044,3,"prec",40.6016569051317,"SSP1-2.6 (Sustainability)","Statistical"
2044-04-01,2044,4,"prec",84.1306050628601,"SSP1-2.6 (Sustainability)","Statistical"
2044-05-01,2044,5,"prec",179.810297446937,"SSP1-2.6 (Sustainability)","Statistical"
2044-06-01,2044,6,"prec",468.012632325451,"SSP1-2.6 (Sustainability)","Statistical"
2044-07-01,2044,7,"prec",434.765747557051,"SSP1-2.6 (Sustainability)","Statistical"
2044-08-01,2044,8,"prec",310.560666005927,"SSP1-2.6 (Sustainability)","Statistical"
2044-09-01,2044,9,"prec",284.731834662139,"SSP1-2.6 (Sustainability)","Statistical"
2044-10-01,2044,10,"prec",147.885118528845,"SSP1-2.6 (Sustainability)","Statistical"
2044-11-01,2044,11,"prec",65.304310760169,"SSP1-2.6 (Sustainability)","Statistical"
2044-12-01,2044,12,"prec",27.2267241361397,"SSP1-2.6 (Sustainability)","Statistical"
2045-01-01,2045,1,"prec",26.5792916864082,"SSP1-2.6 (Sustainability)","Statistical"
2045-02-01,2045,2,"prec",40.6545349642456,"SSP1-2.6 (Sustainability)","Statistical"
2045-03-01,2045,3,"prec",30.8801916272657,"SSP1-2.6 (Sustainability)","Statistical"
2045-04-01,2045,4,"prec",104.028807363228,"SSP1-2.6 (Sustainability)","Statistical"
2045-05-01,2045,5,"prec",160.316278316127,"SSP1-2.6 (Sustainability)","Statistical"
2045-06-01,2045,6,"prec",453.733486850363,"SSP1-2.6 (Sustainability)","Statistical"
2045-07-01,2045,7,"prec",595.095118291205,"SSP1-2.6 (Sustainability)","Statistical"
2045-08-01,2045,8,"prec",385.591930723158,"SSP1-2.6 (Sustainability)","Statistical"
2045-09-01,2045,9,"prec",356.266513672325,"SSP1-2.6 (Sustainability)","Statistical"
2045-10-01,2045,10,"prec",155.857300418638,"SSP1-2.6 (Sustainability)","Statistical"
2045-11-01,2045,11,"prec",42.008284886882,"SSP1-2.6 (Sustainability)","Statistical"
2045-12-01,2045,12,"prec",29.6791703810626,"SSP1-2.6 (Sustainability)","Statistical"
2046-01-01,2046,1,"prec",25.6688573639573,"SSP1-2.6 (Sustainability)","Statistical"
2046-02-01,2046,2,"prec",41.4703627409797,"SSP1-2.6 (Sustainability)","Statistical"
2046-03-01,2046,3,"prec",48.1710493710413,"SSP1-2.6 (Sustainability)","Statistical"
2046-04-01,2046,4,"prec",124.414954384499,"SSP1-2.6 (Sustainability)","Statistical"
2046-05-01,2046,5,"prec",203.824296325831,"SSP1-2.6 (Sustainability)","Statistical"
2046-06-01,2046,6,"prec",408.349276295137,"SSP1-2.6 (Sustainability)","Statistical"
2046-07-01,2046,7,"prec",491.071398224657,"SSP1-2.6 (Sustainability)","Statistical"
2046-08-01,2046,8,"prec",393.432182018268,"SSP1-2.6 (Sustainability)","Statistical"
2046-09-01,2046,9,"prec",258.977622151695,"SSP1-2.6 (Sustainability)","Statistical"
2046-10-01,2046,10,"prec",111.893433930534,"SSP1-2.6 (Sustainability)","Statistical"
2046-11-01,2046,11,"prec",40.0296495280813,"SSP1-2.6 (Sustainability)","Statistical"
2046-12-01,2046,12,"prec",34.0139335256124,"SSP1-2.6 (Sustainability)","Statistical"
2047-01-01,2047,1,"prec",28.8023041219644,"SSP1-2.6 (Sustainability)","Statistical"
2047-02-01,2047,2,"prec",38.9386534193318,"SSP1-2.6 (Sustainability)","Statistical"
2047-03-01,2047,3,"prec",45.1170277117683,"SSP1-2.6 (Sustainability)","Statistical"
2047-04-01,2047,4,"prec",95.5806924035419,"SSP1-2.6 (Sustainability)","Statistical"
2047-05-01,2047,5,"prec",213.387495651124,"SSP1-2.6 (Sustainability)","Statistical"
2047-06-01,2047,6,"prec",388.35774374777,"SSP1-2.6 (Sustainability)","Statistical"
2047-07-01,2047,7,"prec",665.410115652137,"SSP1-2.6 (Sustainability)","Statistical"
2047-08-01,2047,8,"prec",454.081253774795,"SSP1-2.6 (Sustainability)","Statistical"
2047-09-01,2047,9,"prec",335.465781740619,"SSP1-2.6 (Sustainability)","Statistical"
2047-10-01,2047,10,"prec",163.916981007982,"SSP1-2.6 (Sustainability)","Statistical"
2047-11-01,2047,11,"prec",61.2076922240058,"SSP1-2.6 (Sustainability)","Statistical"
2047-12-01,2047,12,"prec",30.608043489625,"SSP1-2.6 (Sustainability)","Statistical"
2048-01-01,2048,1,"prec",27.1958028443205,"SSP1-2.6 (Sustainability)","Statistical"
2048-02-01,2048,2,"prec",33.694054365054,"SSP1-2.6 (Sustainability)","Statistical"
2048-03-01,2048,3,"prec",44.2414741940602,"SSP1-2.6 (Sustainability)","Statistical"
2048-04-01,2048,4,"prec",110.490656366662,"SSP1-2.6 (Sustainability)","Statistical"
2048-05-01,2048,5,"prec",207.371946212863,"SSP1-2.6 (Sustainability)","Statistical"
2048-06-01,2048,6,"prec",469.376190833899,"SSP1-2.6 (Sustainability)","Statistical"
2048-07-01,2048,7,"prec",525.631767901403,"SSP1-2.6 (Sustainability)","Statistical"
2048-08-01,2048,8,"prec",621.708457904948,"SSP1-2.6 (Sustainability)","Statistical"
2048-09-01,2048,9,"prec",313.768335989187,"SSP1-2.6 (Sustainability)","Statistical"
2048-10-01,2048,10,"prec",131.059534595733,"SSP1-2.6 (Sustainability)","Statistical"
2048-11-01,2048,11,"prec",55.490125581913,"SSP1-2.6 (Sustainability)","Statistical"
2048-12-01,2048,12,"prec",29.301503489591,"SSP1-2.6 (Sustainability)","Statistical"
2049-01-01,2049,1,"prec",22.577915728711,"SSP1-2.6 (Sustainability)","Statistical"
2049-02-01,2049,2,"prec",35.764201846358,"SSP1-2.6 (Sustainability)","Statistical"
2049-03-01,2049,3,"prec",48.6578527970434,"SSP1-2.6 (Sustainability)","Statistical"
2049-04-01,2049,4,"prec",97.1746861679069,"SSP1-2.6 (Sustainability)","Statistical"
2049-05-01,2049,5,"prec",189.474170716015,"SSP1-2.6 (Sustainability)","Statistical"
2049-06-01,2049,6,"prec",334.22035447987,"SSP1-2.6 (Sustainability)","Statistical"
2049-07-01,2049,7,"prec",492.7142267565,"SSP1-2.6 (Sustainability)","Statistical"
2049-08-01,2049,8,"prec",523.335144544061,"SSP1-2.6 (Sustainability)","Statistical"
2049-09-01,2049,9,"prec",244.630096177004,"SSP1-2.6 (Sustainability)","Statistical"
2049-10-01,2049,10,"prec",148.70582682231,"SSP1-2.6 (Sustainability)","Statistical"
2049-11-01,2049,11,"prec",55.1399206799499,"SSP1-2.6 (Sustainability)","Statistical"
2049-12-01,2049,12,"prec",17.9102464651781,"SSP1-2.6 (Sustainability)","Statistical"
2050-01-01,2050,1,"prec",28.3833587971263,"SSP1-2.6 (Sustainability)","Statistical"
2050-02-01,2050,2,"prec",48.4269783324419,"SSP1-2.6 (Sustainability)","Statistical"
2050-03-01,2050,3,"prec",46.9427781363498,"SSP1-2.6 (Sustainability)","Statistical"
2050-04-01,2050,4,"prec",102.770237986325,"SSP1-2.6 (Sustainability)","Statistical"
2050-05-01,2050,5,"prec",196.950289444806,"SSP1-2.6 (Sustainability)","Statistical"
2050-06-01,2050,6,"prec",479.298589679843,"SSP1-2.6 (Sustainability)","Statistical"
2050-07-01,2050,7,"prec",508.557221058516,"SSP1-2.6 (Sustainability)","Statistical"
2050-08-01,2050,8,"prec",542.776590501623,"SSP1-2.6 (Sustainability)","Statistical"
2050-09-01,2050,9,"prec",302.54841661039,"SSP1-2.6 (Sustainability)","Statistical"
2050-10-01,2050,10,"prec",133.818776882137,"SSP1-2.6 (Sustainability)","Statistical"
2050-11-01,2050,11,"prec",60.0367936626174,"SSP1-2.6 (Sustainability)","Statistical"
2050-12-01,2050,12,"prec",33.9788042817413,"SSP1-2.6 (Sustainability)","Statistical"
2051-01-01,2051,1,"prec",23.7705383686915,"SSP1-2.6 (Sustainability)","Statistical"
2051-02-01,2051,2,"prec",44.7124778927345,"SSP1-2.6 (Sustainability)","Statistical"
2051-03-01,2051,3,"prec",60.898896667377,"SSP1-2.6 (Sustainability)","Statistical"
2051-04-01,2051,4,"prec",102.980911493207,"SSP1-2.6 (Sustainability)","Statistical"
2051-05-01,2051,5,"prec",215.648279098871,"SSP1-2.6 (Sustainability)","Statistical"
2051-06-01,2051,6,"prec",330.41278659866,"SSP1-2.6 (Sustainability)","Statistical"
2051-07-01,2051,7,"prec",666.101282829621,"SSP1-2.6 (Sustainability)","Statistical"
2051-08-01,2051,8,"prec",461.89175059897,"SSP1-2.6 (Sustainability)","Statistical"
2051-09-01,2051,9,"prec",224.198704233195,"SSP1-2.6 (Sustainability)","Statistical"
2051-10-01,2051,10,"prec",180.556075398462,"SSP1-2.6 (Sustainability)","Statistical"
2051-11-01,2051,11,"prec",44.9757479087466,"SSP1-2.6 (Sustainability)","Statistical"
2051-12-01,2051,12,"prec",24.1866182191062,"SSP1-2.6 (Sustainability)","Statistical"
2052-01-01,2052,1,"prec",28.441401986335,"SSP1-2.6 (Sustainability)","Statistical"
2052-02-01,2052,2,"prec",49.1265987726878,"SSP1-2.6 (Sustainability)","Statistical"
2052-03-01,2052,3,"prec",42.2670732208539,"SSP1-2.6 (Sustainability)","Statistical"
2052-04-01,2052,4,"prec",90.2081018760298,"SSP1-2.6 (Sustainability)","Statistical"
2052-05-01,2052,5,"prec",235.157794529464,"SSP1-2.6 (Sustainability)","Statistical"
2052-06-01,2052,6,"prec",552.016049029457,"SSP1-2.6 (Sustainability)","Statistical"
2052-07-01,2052,7,"prec",464.008661614027,"SSP1-2.6 (Sustainability)","Statistical"
2052-08-01,2052,8,"prec",500.582554538383,"SSP1-2.6 (Sustainability)","Statistical"
2052-09-01,2052,9,"prec",326.15462636224,"SSP1-2.6 (Sustainability)","Statistical"
2052-10-01,2052,10,"prec",152.205488563211,"SSP1-2.6 (Sustainability)","Statistical"
2052-11-01,2052,11,"prec",44.5241413336975,"SSP1-2.6 (Sustainability)","Statistical"
2052-12-01,2052,12,"prec",38.0157404793392,"SSP1-2.6 (Sustainability)","Statistical"
2053-01-01,2053,1,"prec",21.2474330450504,"SSP1-2.6 (Sustainability)","Statistical"
2053-02-01,2053,2,"prec",31.1371800123351,"SSP1-2.6 (Sustainability)","Statistical"
2053-03-01,2053,3,"prec",51.4469212879126,"SSP1-2.6 (Sustainability)","Statistical"
2053-04-01,2053,4,"prec",135.132472363908,"SSP1-2.6 (Sustainability)","Statistical"
2053-05-01,2053,5,"prec",202.077918705075,"SSP1-2.6 (Sustainability)","Statistical"
2053-06-01,2053,6,"prec",498.110151638563,"SSP1-2.6 (Sustainability)","Statistical"
2053-07-01,2053,7,"prec",650.556401441458,"SSP1-2.6 (Sustainability)","Statistical"
2053-08-01,2053,8,"prec",497.745503875329,"SSP1-2.6 (Sustainability)","Statistical"
2053-09-01,2053,9,"prec",283.855839196661,"SSP1-2.6 (Sustainability)","Statistical"
2053-10-01,2053,10,"prec",194.3433538573,"SSP1-2.6 (Sustainability)","Statistical"
2053-11-01,2053,11,"prec",60.7470541023481,"SSP1-2.6 (Sustainability)","Statistical"
2053-12-01,2053,12,"prec",33.7017705763781,"SSP1-2.6 (Sustainability)","Statistical"
2024-01-01,2024,1,"prec",41.1844611339711,"SSP1-2.6 (Sustainability)","ARIMA"
2024-02-01,2024,2,"prec",86.2187295013761,"SSP1-2.6 (Sustainability)","ARIMA"
2024-03-01,2024,3,"prec",154.588365882952,"SSP1-2.6 (Sustainability)","ARIMA"
2024-04-01,2024,4,"prec",311.224179577478,"SSP1-2.6 (Sustainability)","ARIMA"
2024-05-01,2024,5,"prec",429.786499628986,"SSP1-2.6 (Sustainability)","ARIMA"
2024-06-01,2024,6,"prec",390.516395972634,"SSP1-2.6 (Sustainability)","ARIMA"
2024-07-01,2024,7,"prec",242.121170955548,"SSP1-2.6 (Sustainability)","ARIMA"
2024-08-01,2024,8,"prec",121.24656270112,"SSP1-2.6 (Sustainability)","ARIMA"
2024-09-01,2024,9,"prec",46.0828268285532,"SSP1-2.6 (Sustainability)","ARIMA"
2024-10-01,2024,10,"prec",28.2489489324658,"SSP1-2.6 (Sustainability)","ARIMA"
2024-11-01,2024,11,"prec",22.6338288375865,"SSP1-2.6 (Sustainability)","ARIMA"
2024-12-01,2024,12,"prec",33.0137029402118,"SSP1-2.6 (Sustainability)","ARIMA"
2025-01-01,2025,1,"prec",42.0726175292842,"SSP1-2.6 (Sustainability)","ARIMA"
2025-02-01,2025,2,"prec",87.3576570782428,"SSP1-2.6 (Sustainability)","ARIMA"
2025-03-01,2025,3,"prec",156.275976707635,"SSP1-2.6 (Sustainability)","ARIMA"
2025-04-01,2025,4,"prec",314.164849701339,"SSP1-2.6 (Sustainability)","ARIMA"
2025-05-01,2025,5,"prec",433.675668742192,"SSP1-2.6 (Sustainability)","ARIMA"
2025-06-01,2025,6,"prec",394.113948105298,"SSP1-2.6 (Sustainability)","ARIMA"
2025-07-01,2025,7,"prec",244.531561288187,"SSP1-2.6 (Sustainability)","ARIMA"
2025-08-01,2025,8,"prec",122.689956167722,"SSP1-2.6 (Sustainability)","ARIMA"
2025-09-01,2025,9,"prec",46.9249104081745,"SSP1-2.6 (Sustainability)","ARIMA"
2025-10-01,2025,10,"prec",28.9258176334426,"SSP1-2.6 (Sustainability)","ARIMA"
2025-11-01,2025,11,"prec",23.2657765778043,"SSP1-2.6 (Sustainability)","ARIMA"
2025-12-01,2025,12,"prec",33.7286896732505,"SSP1-2.6 (Sustainability)","ARIMA"
2026-01-01,2026,1,"prec",42.8636825959116,"SSP1-2.6 (Sustainability)","ARIMA"
2026-02-01,2026,2,"prec",88.5110024612619,"SSP1-2.6 (Sustainability)","ARIMA"
2026-03-01,2026,3,"prec",157.98066864769,"SSP1-2.6 (Sustainability)","ARIMA"
2026-04-01,2026,4,"prec",317.132652625343,"SSP1-2.6 (Sustainability)","ARIMA"
2026-05-01,2026,5,"prec",437.599558218523,"SSP1-2.6 (Sustainability)","ARIMA"
2026-06-01,2026,6,"prec",397.744068022853,"SSP1-2.6 (Sustainability)","ARIMA"
2026-07-01,2026,7,"prec",246.965022111205,"SSP1-2.6 (Sustainability)","ARIMA"
2026-08-01,2026,8,"prec",124.148684149776,"SSP1-2.6 (Sustainability)","ARIMA"
2026-09-01,2026,9,"prec",47.7775180241527,"SSP1-2.6 (Sustainability)","ARIMA"
2026-10-01,2026,10,"prec",29.6117083009033,"SSP1-2.6 (Sustainability)","ARIMA"
2026-11-01,2026,11,"prec",23.9063869168199,"SSP1-2.6 (Sustainability)","ARIMA"
2026-12-01,2026,12,"prec",34.4530033170297,"SSP1-2.6 (Sustainability)","ARIMA"
2027-01-01,2027,1,"prec",43.6647120560832,"SSP1-2.6 (Sustainability)","ARIMA"
2027-02-01,2027,2,"prec",89.6772104803563,"SSP1-2.6 (Sustainability)","ARIMA"
2027-03-01,2027,3,"prec",159.702633996275,"SSP1-2.6 (Sustainability)","ARIMA"
2027-04-01,2027,4,"prec",320.12783384575,"SSP1-2.6 (Sustainability)","ARIMA"
2027-05-01,2027,5,"prec",441.558474683675,"SSP1-2.6 (Sustainability)","ARIMA"
2027-06-01,2027,6,"prec",401.40704656641,"SSP1-2.6 (Sustainability)","ARIMA"
2027-07-01,2027,7,"prec",249.421768287469,"SSP1-2.6 (Sustainability)","ARIMA"
2027-08-01,2027,8,"prec",125.622899622349,"SSP1-2.6 (Sustainability)","ARIMA"
2027-09-01,2027,9,"prec",48.6407641677205,"SSP1-2.6 (Sustainability)","ARIMA"
2027-10-01,2027,10,"prec",30.3067219667149,"SSP1-2.6 (Sustainability)","ARIMA"
2027-11-01,2027,11,"prec",24.5557580115588,"SSP1-2.6 (Sustainability)","ARIMA"
2027-12-01,2027,12,"prec",35.1867473429703,"SSP1-2.6 (Sustainability)","ARIMA"
2028-01-01,2028,1,"prec",44.4758147119315,"SSP1-2.6 (Sustainability)","ARIMA"
2028-02-01,2028,2,"prec",90.8564131235987,"SSP1-2.6 (Sustainability)","ARIMA"
2028-03-01,2028,3,"prec",161.442040027645,"SSP1-2.6 (Sustainability)","ARIMA"
2028-04-01,2028,4,"prec",323.150641475916,"SSP1-2.6 (Sustainability)","ARIMA"
2028-05-01,2028,5,"prec",445.552727440544,"SSP1-2.6 (Sustainability)","ARIMA"
2028-06-01,2028,6,"prec",405.103177146311,"SSP1-2.6 (Sustainability)","ARIMA"
2028-07-01,2028,7,"prec",251.902016641139,"SSP1-2.6 (Sustainability)","ARIMA"
2028-08-01,2028,8,"prec",127.112757026697,"SSP1-2.6 (Sustainability)","ARIMA"
2028-09-01,2028,9,"prec",49.5147644884319,"SSP1-2.6 (Sustainability)","ARIMA"
2028-10-01,2028,10,"prec",31.0109607018482,"SSP1-2.6 (Sustainability)","ARIMA"
2028-11-01,2028,11,"prec",25.2139890350509,"SSP1-2.6 (Sustainability)","ARIMA"
2028-12-01,2028,12,"prec",35.9300262811137,"SSP1-2.6 (Sustainability)","ARIMA"
2029-01-01,2029,1,"prec",45.2971004687018,"SSP1-2.6 (Sustainability)","ARIMA"
2029-02-01,2029,2,"prec",92.0487436676624,"SSP1-2.6 (Sustainability)","ARIMA"
2029-03-01,2029,3,"prec",163.199055586941,"SSP1-2.6 (Sustainability)","ARIMA"
2029-04-01,2029,4,"prec",326.201325846798,"SSP1-2.6 (Sustainability)","ARIMA"
2029-05-01,2029,5,"prec",449.582628499143,"SSP1-2.6 (Sustainability)","ARIMA"
2029-06-01,2029,6,"prec",408.83275576451,"SSP1-2.6 (Sustainability)","ARIMA"
2029-07-01,2029,7,"prec",254.405985975296,"SSP1-2.6 (Sustainability)","ARIMA"
2029-08-01,2029,8,"prec",128.61841228394,"SSP1-2.6 (Sustainability)","ARIMA"
2029-09-01,2029,9,"prec",50.3996358053679,"SSP1-2.6 (Sustainability)","ARIMA"
2029-10-01,2029,10,"prec",31.7245276265379,"SSP1-2.6 (Sustainability)","ARIMA"
2029-11-01,2029,11,"prec",25.8811801864061,"SSP1-2.6 (Sustainability)","ARIMA"
2029-12-01,2029,12,"prec",36.6829457304375,"SSP1-2.6 (Sustainability)","ARIMA"
2030-01-01,2030,1,"prec",46.1286803454388,"SSP1-2.6 (Sustainability)","ARIMA"
2030-02-01,2030,2,"prec",93.2543366899911,"SSP1-2.6 (Sustainability)","ARIMA"
2030-03-01,2030,3,"prec",164.973851104624,"SSP1-2.6 (Sustainability)","ARIMA"
2030-04-01,2030,4,"prec",329.280139526559,"SSP1-2.6 (Sustainability)","ARIMA"
2030-05-01,2030,5,"prec",453.648492600124,"SSP1-2.6 (Sustainability)","ARIMA"
2030-06-01,2030,6,"prec",412.596081037263,"SSP1-2.6 (Sustainability)","ARIMA"
2030-07-01,2030,7,"prec",256.933897089735,"SSP1-2.6 (Sustainability)","ARIMA"
2030-08-01,2030,8,"prec",130.140022808848,"SSP1-2.6 (Sustainability)","ARIMA"
2030-09-01,2030,9,"prec",51.2954961184477,"SSP1-2.6 (Sustainability)","ARIMA"
2030-10-01,2030,10,"prec",32.4475269205376,"SSP1-2.6 (Sustainability)","ARIMA"
2030-11-01,2030,11,"prec",26.5574327008848,"SSP1-2.6 (Sustainability)","ARIMA"
2030-12-01,2030,12,"prec",37.4456123692684,"SSP1-2.6 (Sustainability)","ARIMA"
2031-01-01,2031,1,"prec",46.9706664857736,"SSP1-2.6 (Sustainability)","ARIMA"
2031-02-01,2031,2,"prec",94.4733280810823,"SSP1-2.6 (Sustainability)","ARIMA"
2031-03-01,2031,3,"prec",166.766598611033,"SSP1-2.6 (Sustainability)","ARIMA"
2031-04-01,2031,4,"prec",332.387337340343,"SSP1-2.6 (Sustainability)","ARIMA"
2031-05-01,2031,5,"prec",457.750637238496,"SSP1-2.6 (Sustainability)","ARIMA"
2031-06-01,2031,6,"prec",416.393454218011,"SSP1-2.6 (Sustainability)","ARIMA"
2031-07-01,2031,7,"prec",259.485972798903,"SSP1-2.6 (Sustainability)","ARIMA"
2031-08-01,2031,8,"prec",131.677747523769,"SSP1-2.6 (Sustainability)","ARIMA"
2031-09-01,2031,9,"prec",52.2024646198451,"SSP1-2.6 (Sustainability)","ARIMA"
2031-10-01,2031,10,"prec",33.1800638334732,"SSP1-2.6 (Sustainability)","ARIMA"
2031-11-01,2031,11,"prec",27.2428488600632,"SSP1-2.6 (Sustainability)","ARIMA"
2031-12-01,2031,12,"prec",38.2181339657939,"SSP1-2.6 (Sustainability)","ARIMA"
2032-01-01,2032,1,"prec",47.8231721688117,"SSP1-2.6 (Sustainability)","ARIMA"
2032-02-01,2032,2,"prec",95.7058550568829,"SSP1-2.6 (Sustainability)","ARIMA"
2032-03-01,2032,3,"prec",168.577471751073,"SSP1-2.6 (Sustainability)","ARIMA"
2032-04-01,2032,4,"prec",335.523176390218,"SSP1-2.6 (Sustainability)","ARIMA"
2032-05-01,2032,5,"prec",461.889382687556,"SSP1-2.6 (Sustainability)","ARIMA"
2032-06-01,2032,6,"prec",420.225179220465,"SSP1-2.6 (Sustainability)","ARIMA"
2032-07-01,2032,7,"prec",262.062437950004,"SSP1-2.6 (Sustainability)","ARIMA"
2032-08-01,2032,8,"prec",133.231746872668,"SSP1-2.6 (Sustainability)","ARIMA"
2032-09-01,2032,9,"prec",53.1206617055134,"SSP1-2.6 (Sustainability)","ARIMA"
2032-10-01,2032,10,"prec",33.9222446952929,"SSP1-2.6 (Sustainability)","ARIMA"
2032-11-01,2032,11,"prec",27.9375320020956,"SSP1-2.6 (Sustainability)","ARIMA"
2032-12-01,2032,12,"prec",39.0006193886721,"SSP1-2.6 (Sustainability)","ARIMA"
2033-01-01,2033,1,"prec",48.6863118201233,"SSP1-2.6 (Sustainability)","ARIMA"
2033-02-01,2033,2,"prec",96.952056171299,"SSP1-2.6 (Sustainability)","ARIMA"
2033-03-01,2033,3,"prec",170.406645799042,"SSP1-2.6 (Sustainability)","ARIMA"
2033-04-01,2033,4,"prec",338.687916075301,"SSP1-2.6 (Sustainability)","ARIMA"
2033-05-01,2033,5,"prec",466.065052023018,"SSP1-2.6 (Sustainability)","ARIMA"
2033-06-01,2033,6,"prec",424.091562641887,"SSP1-2.6 (Sustainability)","ARIMA"
2033-07-01,2033,7,"prec",264.663519441263,"SSP1-2.6 (Sustainability)","ARIMA"
2033-08-01,2033,8,"prec",134.802182835309,"SSP1-2.6 (Sustainability)","ARIMA"
2033-09-01,2033,9,"prec",54.0502089868166,"SSP1-2.6 (Sustainability)","ARIMA"
2033-10-01,2033,10,"prec",34.6741769268163,"SSP1-2.6 (Sustainability)","ARIMA"
2033-11-01,2033,11,"prec",28.6415865320735,"SSP1-2.6 (Sustainability)","ARIMA"
2033-12-01,2033,12,"prec",39.7931786177426,"SSP1-2.6 (Sustainability)","ARIMA"
2034-01-01,2034,1,"prec",49.5602010228371,"SSP1-2.6 (Sustainability)","ARIMA"
2034-02-01,2034,2,"prec",98.2120713288222,"SSP1-2.6 (Sustainability)","ARIMA"
2034-03-01,2034,3,"prec",172.254297673588,"SSP1-2.6 (Sustainability)","ARIMA"
2034-04-01,2034,4,"prec",341.881818112056,"SSP1-2.6 (Sustainability)","ARIMA"
2034-05-01,2034,5,"prec",470.277971147355,"SSP1-2.6 (Sustainability)","ARIMA"
2034-06-01,2034,6,"prec",427.992913786583,"SSP1-2.6 (Sustainability)","ARIMA"
2034-07-01,2034,7,"prec",267.289446240354,"SSP1-2.6 (Sustainability)","ARIMA"
2034-08-01,2034,8,"prec",136.389218941552,"SSP1-2.6 (Sustainability)","ARIMA"
2034-09-01,2034,9,"prec",54.9912293022716,"SSP1-2.6 (Sustainability)","ARIMA"
2034-10-01,2034,10,"prec",35.4359690503836,"SSP1-2.6 (Sustainability)","ARIMA"
2034-11-01,2034,11,"prec",29.3551179324829,"SSP1-2.6 (Sustainability)","ARIMA"
2034-12-01,2034,12,"prec",40.5959227548373,"SSP1-2.6 (Sustainability)","ARIMA"
2035-01-01,2035,1,"prec",50.4449565288378,"SSP1-2.6 (Sustainability)","ARIMA"
2035-02-01,2035,2,"prec",99.4860417972708,"SSP1-2.6 (Sustainability)","ARIMA"
2035-03-01,2035,3,"prec",174.120605952794,"SSP1-2.6 (Sustainability)","ARIMA"
2035-04-01,2035,4,"prec",345.10514655477,"SSP1-2.6 (Sustainability)","ARIMA"
2035-05-01,2035,5,"prec",474.528468814351,"SSP1-2.6 (Sustainability)","ARIMA"
2035-06-01,2035,6,"prec",431.929544689584,"SSP1-2.6 (Sustainability)","ARIMA"
2035-07-01,2035,7,"prec",269.940449402985,"SSP1-2.6 (Sustainability)","ARIMA"
2035-08-01,2035,8,"prec",137.993020285793,"SSP1-2.6 (Sustainability)","ARIMA"
2035-09-01,2035,9,"prec",55.9438467293987,"SSP1-2.6 (Sustainability)","ARIMA"
2035-10-01,2035,10,"prec",36.2077307006047,"SSP1-2.6 (Sustainability)","ARIMA"
2035-11-01,2035,11,"prec",30.0782327737607,"SSP1-2.6 (Sustainability)","ARIMA"
2035-12-01,2035,12,"prec",41.408964034694,"SSP1-2.6 (Sustainability)","ARIMA"
2036-01-01,2036,1,"prec",51.3406962700691,"SSP1-2.6 (Sustainability)","ARIMA"
2036-02-01,2036,2,"prec",100.77411022065,"SSP1-2.6 (Sustainability)","ARIMA"
2036-03-01,2036,3,"prec",176.005750889417,"SSP1-2.6 (Sustainability)","ARIMA"
2036-04-01,2036,4,"prec",348.358167816209,"SSP1-2.6 (Sustainability)","ARIMA"
2036-05-01,2036,5,"prec",478.816876653867,"SSP1-2.6 (Sustainability)","ARIMA"
2036-06-01,2036,6,"prec",435.901770140552,"SSP1-2.6 (Sustainability)","ARIMA"
2036-07-01,2036,7,"prec",272.61676209166,"SSP1-2.6 (Sustainability)","ARIMA"
2036-08-01,2036,8,"prec",139.61375354153,"SSP1-2.6 (Sustainability)","ARIMA"
2036-09-01,2036,9,"prec",56.9081865966845,"SSP1-2.6 (Sustainability)","ARIMA"
2036-10-01,2036,10,"prec",36.9895726352101,"SSP1-2.6 (Sustainability)","ARIMA"
2036-11-01,2036,11,"prec",30.8110387249514,"SSP1-2.6 (Sustainability)","ARIMA"
2036-12-01,2036,12,"prec",42.2324158359721,"SSP1-2.6 (Sustainability)","ARIMA"
2037-01-01,2037,1,"prec",52.2475393699422,"SSP1-2.6 (Sustainability)","ARIMA"
2037-02-01,2037,2,"prec",102.076420632127,"SSP1-2.6 (Sustainability)","ARIMA"
2037-03-01,2037,3,"prec",177.909914426245,"SSP1-2.6 (Sustainability)","ARIMA"
2037-04-01,2037,4,"prec",351.641150688451,"SSP1-2.6 (Sustainability)","ARIMA"
2037-05-01,2037,5,"prec",483.14352919681,"SSP1-2.6 (Sustainability)","ARIMA"
2037-06-01,2037,6,"prec",439.909907707874,"SSP1-2.6 (Sustainability)","ARIMA"
2037-07-01,2037,7,"prec",275.318619594591,"SSP1-2.6 (Sustainability)","ARIMA"
2037-08-01,2037,8,"prec",141.25158697606,"SSP1-2.6 (Sustainability)","ARIMA"
2037-09-01,2037,9,"prec",57.8843754956561,"SSP1-2.6 (Sustainability)","ARIMA"
2037-10-01,2037,10,"prec",37.7816067460044,"SSP1-2.6 (Sustainability)","ARIMA"
2037-11-01,2037,11,"prec",31.5536445644635,"SSP1-2.6 (Sustainability)","ARIMA"
2037-12-01,2037,12,"prec",43.0663926923725,"SSP1-2.6 (Sustainability)","ARIMA"
2038-01-01,2038,1,"prec",53.165606154852,"SSP1-2.6 (Sustainability)","ARIMA"
2038-02-01,2038,2,"prec",103.393118467135,"SSP1-2.6 (Sustainability)","ARIMA"
2038-03-01,2038,3,"prec",179.833280211605,"SSP1-2.6 (Sustainability)","ARIMA"
2038-04-01,2038,4,"prec",354.954366363909,"SSP1-2.6 (Sustainability)","ARIMA"
2038-05-01,2038,5,"prec",487.508763900335,"SSP1-2.6 (Sustainability)","ARIMA"
2038-06-01,2038,6,"prec",443.954277762985,"SSP1-2.6 (Sustainability)","ARIMA"
2038-07-01,2038,7,"prec",278.046259344796,"SSP1-2.6 (Sustainability)","ARIMA"
2038-08-01,2038,8,"prec",142.906690465317,"SSP1-2.6 (Sustainability)","ARIMA"
2038-09-01,2038,9,"prec",58.8725412930692,"SSP1-2.6 (Sustainability)","ARIMA"
2038-10-01,2038,10,"prec",38.5839460699227,"SSP1-2.6 (Sustainability)","ARIMA"
2038-11-01,2038,11,"prec",32.3061601909295,"SSP1-2.6 (Sustainability)","ARIMA"
2038-12-01,2038,12,"prec",43.9110103038617,"SSP1-2.6 (Sustainability)","ARIMA"
2039-01-01,2039,1,"prec",54.0950181658007,"SSP1-2.6 (Sustainability)","ARIMA"
2039-02-01,2039,2,"prec",104.724350576582,"SSP1-2.6 (Sustainability)","ARIMA"
2039-03-01,2039,3,"prec",181.776033615008,"SSP1-2.6 (Sustainability)","ARIMA"
2039-04-01,2039,4,"prec",358.29808845653,"SSP1-2.6 (Sustainability)","ARIMA"
2039-05-01,2039,5,"prec",491.912921173248,"SSP1-2.6 (Sustainability)","ARIMA"
2039-06-01,2039,6,"prec",448.035203504884,"SSP1-2.6 (Sustainability)","ARIMA"
2039-07-01,2039,7,"prec",280.79992093935,"SSP1-2.6 (Sustainability)","ARIMA"
2039-08-01,2039,8,"prec",144.579235508834,"SSP1-2.6 (Sustainability)","ARIMA"
2039-09-01,2039,9,"prec",59.8728131432091,"SSP1-2.6 (Sustainability)","ARIMA"
2039-10-01,2039,10,"prec",39.3967048001919,"SSP1-2.6 (Sustainability)","ARIMA"
2039-11-01,2039,11,"prec",33.0686966341668,"SSP1-2.6 (Sustainability)","ARIMA"
2039-12-01,2039,12,"prec",44.7663855480025,"SSP1-2.6 (Sustainability)","ARIMA"
2040-01-01,2040,1,"prec",55.0358981701306,"SSP1-2.6 (Sustainability)","ARIMA"
2040-02-01,2040,2,"prec",106.070265240198,"SSP1-2.6 (Sustainability)","ARIMA"
2040-03-01,2040,3,"prec",183.738361742932,"SSP1-2.6 (Sustainability)","ARIMA"
2040-04-01,2040,4,"prec",361.672593023186,"SSP1-2.6 (Sustainability)","ARIMA"
2040-05-01,2040,5,"prec",496.356344401637,"SSP1-2.6 (Sustainability)","ARIMA"
2040-06-01,2040,6,"prec",452.153010984877,"SSP1-2.6 (Sustainability)","ARIMA"
2040-07-01,2040,7,"prec",283.579846158818,"SSP1-2.6 (Sustainability)","ARIMA"
2040-08-01,2040,8,"prec",146.269395244859,"SSP1-2.6 (Sustainability)","ARIMA"
2040-09-01,2040,9,"prec",60.8853215003085,"SSP1-2.6 (Sustainability)","ARIMA"
2040-10-01,2040,10,"prec",40.219998297597,"SSP1-2.6 (Sustainability)","ARIMA"
2040-11-01,2040,11,"prec",33.8413660662437,"SSP1-2.6 (Sustainability)","ARIMA"
2040-12-01,2040,12,"prec",45.63263649139,"SSP1-2.6 (Sustainability)","ARIMA"
2041-01-01,2041,1,"prec",55.9883701733672,"SSP1-2.6 (Sustainability)","ARIMA"
2041-02-01,2041,2,"prec",107.431012179995,"SSP1-2.6 (Sustainability)","ARIMA"
2041-03-01,2041,3,"prec",185.720453454751,"SSP1-2.6 (Sustainability)","ARIMA"
2041-04-01,2041,4,"prec",365.078158585247,"SSP1-2.6 (Sustainability)","ARIMA"
2041-05-01,2041,5,"prec",500.839379974726,"SSP1-2.6 (Sustainability)","ARIMA"
2041-06-01,2041,6,"prec",456.308029131526,"SSP1-2.6 (Sustainability)","ARIMA"
2041-07-01,2041,7,"prec",286.386278986858,"SSP1-2.6 (Sustainability)","ARIMA"
2041-08-01,2041,8,"prec",147.977344465587,"SSP1-2.6 (Sustainability)","ARIMA"
2041-09-01,2041,9,"prec",61.9101981310803,"SSP1-2.6 (Sustainability)","ARIMA"
2041-10-01,2041,10,"prec",41.0539431018533,"SSP1-2.6 (Sustainability)","ARIMA"
2041-11-01,2041,11,"prec",34.6242818126492,"SSP1-2.6 (Sustainability)","ARIMA"
2041-12-01,2041,12,"prec",46.5098824011967,"SSP1-2.6 (Sustainability)","ARIMA"
2042-01-01,2042,1,"prec",56.9525594311728,"SSP1-2.6 (Sustainability)","ARIMA"
2042-02-01,2042,2,"prec",108.806742573853,"SSP1-2.6 (Sustainability)","ARIMA"
2042-03-01,2042,3,"prec",187.722499378807,"SSP1-2.6 (Sustainability)","ARIMA"
2042-04-01,2042,4,"prec",368.515066150348,"SSP1-2.6 (Sustainability)","ARIMA"
2042-05-01,2042,5,"prec",505.362377310942,"SSP1-2.6 (Sustainability)","ARIMA"
2042-06-01,2042,6,"prec",460.500589775817,"SSP1-2.6 (Sustainability)","ARIMA"
2042-07-01,2042,7,"prec",289.219465629992,"SSP1-2.6 (Sustainability)","ARIMA"
2042-08-01,2042,8,"prec",149.703259632551,"SSP1-2.6 (Sustainability)","ARIMA"
2042-09-01,2042,9,"prec",62.9475761273684,"SSP1-2.6 (Sustainability)","ARIMA"
2042-10-01,2042,10,"prec",41.8986569430867,"SSP1-2.6 (Sustainability)","ARIMA"
2042-11-01,2042,11,"prec",35.417558363569,"SSP1-2.6 (Sustainability)","ARIMA"
2042-12-01,2042,12,"prec",47.3982437568249,"SSP1-2.6 (Sustainability)","ARIMA"
2043-01-01,2043,1,"prec",57.9285924614121,"SSP1-2.6 (Sustainability)","ARIMA"
2043-02-01,2043,2,"prec",110.197609069234,"SSP1-2.6 (Sustainability)","ARIMA"
2043-03-01,2043,3,"prec",189.744691928628,"SSP1-2.6 (Sustainability)","ARIMA"
2043-04-01,2043,4,"prec",371.98359923434,"SSP1-2.6 (Sustainability)","ARIMA"
2043-05-01,2043,5,"prec",509.92568888422,"SSP1-2.6 (Sustainability)","ARIMA"
2043-06-01,2043,6,"prec",464.731027676553,"SSP1-2.6 (Sustainability)","ARIMA"
2043-07-01,2043,7,"prec",292.079654537562,"SSP1-2.6 (Sustainability)","ARIMA"
2043-08-01,2043,8,"prec",151.447318892141,"SSP1-2.6 (Sustainability)","ARIMA"
2043-09-01,2043,9,"prec",63.9975899189168,"SSP1-2.6 (Sustainability)","ARIMA"
2043-10-01,2043,10,"prec",42.7542587534214,"SSP1-2.6 (Sustainability)","ARIMA"
2043-11-01,2043,11,"prec",36.2213113852675,"SSP1-2.6 (Sustainability)","ARIMA"
2043-12-01,2043,12,"prec",48.2978422616694,"SSP1-2.6 (Sustainability)","ARIMA"
2044-01-01,2044,1,"prec",58.9165970563316,"SSP1-2.6 (Sustainability)","ARIMA"
2044-02-01,2044,2,"prec",111.603765797016,"SSP1-2.6 (Sustainability)","ARIMA"
2044-03-01,2044,3,"prec",191.787225319285,"SSP1-2.6 (Sustainability)","ARIMA"
2044-04-01,2044,4,"prec",375.484043883443,"SSP1-2.6 (Sustainability)","ARIMA"
2044-05-01,2044,5,"prec",514.529670250522,"SSP1-2.6 (Sustainability)","ARIMA"
2044-06-01,2044,6,"prec",468.999680545955,"SSP1-2.6 (Sustainability)","ARIMA"
2044-07-01,2044,7,"prec",294.967096421852,"SSP1-2.6 (Sustainability)","ARIMA"
2044-08-01,2044,8,"prec",153.209702091268,"SSP1-2.6 (Sustainability)","ARIMA"
2044-09-01,2044,9,"prec",65.0603752862578,"SSP1-2.6 (Sustainability)","ARIMA"
2044-10-01,2044,10,"prec",43.620868678677,"SSP1-2.6 (Sustainability)","ARIMA"
2044-11-01,2044,11,"prec",37.0356577315779,"SSP1-2.6 (Sustainability)","ARIMA"
2044-12-01,2044,12,"prec",49.208800854991,"SSP1-2.6 (Sustainability)","ARIMA"
2045-01-01,2045,1,"prec",59.9167022948523,"SSP1-2.6 (Sustainability)","ARIMA"
2045-02-01,2045,2,"prec",113.025368385462,"SSP1-2.6 (Sustainability)","ARIMA"
2045-03-01,2045,3,"prec",193.850295583909,"SSP1-2.6 (Sustainability)","ARIMA"
2045-04-01,2045,4,"prec",379.016688696581,"SSP1-2.6 (Sustainability)","ARIMA"
2045-05-01,2045,5,"prec",519.174680074596,"SSP1-2.6 (Sustainability)","ARIMA"
2045-06-01,2045,6,"prec",473.306889075497,"SSP1-2.6 (Sustainability)","ARIMA"
2045-07-01,2045,7,"prec",297.8820442784,"SSP1-2.6 (Sustainability)","ARIMA"
2045-08-01,2045,8,"prec",154.990590793172,"SSP1-2.6 (Sustainability)","ARIMA"
2045-09-01,2045,9,"prec",66.1360693737214,"SSP1-2.6 (Sustainability)","ARIMA"
2045-10-01,2045,10,"prec",44.4986080901765,"SSP1-2.6 (Sustainability)","ARIMA"
2045-11-01,2045,11,"prec",37.8607154555006,"SSP1-2.6 (Sustainability)","ARIMA"
2045-12-01,2045,12,"prec",50.131243723901,"SSP1-2.6 (Sustainability)","ARIMA"
2046-01-01,2046,1,"prec",60.9290385549778,"SSP1-2.6 (Sustainability)","ARIMA"
2046-02-01,2046,2,"prec",114.462573974313,"SSP1-2.6 (Sustainability)","ARIMA"
2046-03-01,2046,3,"prec",195.934100590347,"SSP1-2.6 (Sustainability)","ARIMA"
2046-04-01,2046,4,"prec",382.58182484792,"SSP1-2.6 (Sustainability)","ARIMA"
2046-05-01,2046,5,"prec",523.861080156959,"SSP1-2.6 (Sustainability)","ARIMA"
2046-06-01,2046,6,"prec",477.652996961956,"SSP1-2.6 (Sustainability)","ARIMA"
2046-07-01,2046,7,"prec",300.824753406482,"SSP1-2.6 (Sustainability)","ARIMA"
2046-08-01,2046,8,"prec",156.790168293372,"SSP1-2.6 (Sustainability)","ARIMA"
2046-09-01,2046,9,"prec",67.2248107025662,"SSP1-2.6 (Sustainability)","ARIMA"
2046-10-01,2046,10,"prec",45.3875995966645,"SSP1-2.6 (Sustainability)","ARIMA"
2046-11-01,2046,11,"prec",38.6966038209112,"SSP1-2.6 (Sustainability)","ARIMA"
2046-12-01,2046,12,"prec",51.0652963154589,"SSP1-2.6 (Sustainability)","ARIMA"
2047-01-01,2047,1,"prec",61.9537375263184,"SSP1-2.6 (Sustainability)","ARIMA"
2047-02-01,2047,2,"prec",115.915541229008,"SSP1-2.6 (Sustainability)","ARIMA"
2047-03-01,2047,3,"prec",198.038840057971,"SSP1-2.6 (Sustainability)","ARIMA"
2047-04-01,2047,4,"prec",386.179746109605,"SSP1-2.6 (Sustainability)","ARIMA"
2047-05-01,2047,5,"prec",528.589235461116,"SSP1-2.6 (Sustainability)","ARIMA"
2047-06-01,2047,6,"prec",482.038350933697,"SSP1-2.6 (Sustainability)","ARIMA"
2047-07-01,2047,7,"prec",303.79548142978,"SSP1-2.6 (Sustainability)","ARIMA"
2047-08-01,2047,8,"prec",158.608619635765,"SSP1-2.6 (Sustainability)","ARIMA"
2047-09-01,2047,9,"prec",68.3267391842325,"SSP1-2.6 (Sustainability)","ARIMA"
2047-10-01,2047,10,"prec",46.2879670563386,"SSP1-2.6 (Sustainability)","ARIMA"
2047-11-01,2047,11,"prec",39.5434433143793,"SSP1-2.6 (Sustainability)","ARIMA"
2047-12-01,2047,12,"prec",52.0110853488833,"SSP1-2.6 (Sustainability)","ARIMA"
2048-01-01,2048,1,"prec",62.9909322227329,"SSP1-2.6 (Sustainability)","ARIMA"
2048-02-01,2048,2,"prec",117.384430355044,"SSP1-2.6 (Sustainability)","ARIMA"
2048-03-01,2048,3,"prec",200.164715574638,"SSP1-2.6 (Sustainability)","ARIMA"
2048-04-01,2048,4,"prec",389.810748874685,"SSP1-2.6 (Sustainability)","ARIMA"
2048-05-01,2048,5,"prec",533.359514141009,"SSP1-2.6 (Sustainability)","ARIMA"
2048-06-01,2048,6,"prec",486.463300777181,"SSP1-2.6 (Sustainability)","ARIMA"
2048-07-01,2048,7,"prec",306.794488317232,"SSP1-2.6 (Sustainability)","ARIMA"
2048-08-01,2048,8,"prec",160.446131628865,"SSP1-2.6 (Sustainability)","ARIMA"
2048-09-01,2048,9,"prec",69.4419961337205,"SSP1-2.6 (Sustainability)","ARIMA"
2048-10-01,2048,10,"prec",47.1998355889933,"SSP1-2.6 (Sustainability)","ARIMA"
2048-11-01,2048,11,"prec",40.4013556570983,"SSP1-2.6 (Sustainability)","ARIMA"
2048-12-01,2048,12,"prec",52.9687388278783,"SSP1-2.6 (Sustainability)","ARIMA"
2049-01-01,2049,1,"prec",64.0407569950883,"SSP1-2.6 (Sustainability)","ARIMA"
2049-02-01,2049,2,"prec",118.869403112458,"SSP1-2.6 (Sustainability)","ARIMA"
2049-03-01,2049,3,"prec",202.311930613809,"SSP1-2.6 (Sustainability)","ARIMA"
2049-04-01,2049,4,"prec",393.475132180256,"SSP1-2.6 (Sustainability)","ARIMA"
2049-05-01,2049,5,"prec",538.17228756871,"SSP1-2.6 (Sustainability)","ARIMA"
2049-06-01,2049,6,"prec",490.928199363701,"SSP1-2.6 (Sustainability)","ARIMA"
2049-07-01,2049,7,"prec",309.822036404073,"SSP1-2.6 (Sustainability)","ARIMA"
2049-08-01,2049,8,"prec",162.302892862198,"SSP1-2.6 (Sustainability)","ARIMA"
2049-09-01,2049,9,"prec",70.5707242830926,"SSP1-2.6 (Sustainability)","ARIMA"
2049-10-01,2049,10,"prec",48.1233315882788,"SSP1-2.6 (Sustainability)","ARIMA"
2049-11-01,2049,11,"prec",41.2704638169286,"SSP1-2.6 (Sustainability)","ARIMA"
2049-12-01,2049,12,"prec",53.938386053075,"SSP1-2.6 (Sustainability)","ARIMA"
2050-01-01,2050,1,"prec",65.1033475441393,"SSP1-2.6 (Sustainability)","ARIMA"
2050-02-01,2050,2,"prec",120.370622830448,"SSP1-2.6 (Sustainability)","ARIMA"
2050-03-01,2050,3,"prec",204.48069055181,"SSP1-2.6 (Sustainability)","ARIMA"
2050-04-01,2050,4,"prec",397.173197730789,"SSP1-2.6 (Sustainability)","ARIMA"
2050-05-01,2050,5,"prec",543.02793036235,"SSP1-2.6 (Sustainability)","ARIMA"
2050-06-01,2050,6,"prec",495.433402676355,"SSP1-2.6 (Sustainability)","ARIMA"
2050-07-01,2050,7,"prec",312.87839041305,"SSP1-2.6 (Sustainability)","ARIMA"
2050-08-01,2050,8,"prec",164.179093722841,"SSP1-2.6 (Sustainability)","ARIMA"
2050-09-01,2050,9,"prec",71.713067795102,"SSP1-2.6 (Sustainability)","ARIMA"
2050-10-01,2050,10,"prec",49.0585827340753,"SSP1-2.6 (Sustainability)","ARIMA"
2050-11-01,2050,11,"prec",42.1508920205543,"SSP1-2.6 (Sustainability)","ARIMA"
2050-12-01,2050,12,"prec",54.9201576345897,"SSP1-2.6 (Sustainability)","ARIMA"
2051-01-01,2051,1,"prec",66.1788409335273,"SSP1-2.6 (Sustainability)","ARIMA"
2051-02-01,2051,2,"prec",121.888254422126,"SSP1-2.6 (Sustainability)","ARIMA"
2051-03-01,2051,3,"prec",206.671202685259,"SSP1-2.6 (Sustainability)","ARIMA"
2051-04-01,2051,4,"prec",400.90524992167,"SSP1-2.6 (Sustainability)","ARIMA"
2051-05-01,2051,5,"prec",547.926820414284,"SSP1-2.6 (Sustainability)","ARIMA"
2051-06-01,2051,6,"prec",499.979269837252,"SSP1-2.6 (Sustainability)","ARIMA"
2051-07-01,2051,7,"prec",315.963817475841,"SSP1-2.6 (Sustainability)","ARIMA"
2051-08-01,2051,8,"prec",166.07492641211,"SSP1-2.6 (Sustainability)","ARIMA"
2051-09-01,2051,9,"prec",72.8691722769495,"SSP1-2.6 (Sustainability)","ARIMA"
2051-10-01,2051,10,"prec",50.0057180049828,"SSP1-2.6 (Sustainability)","ARIMA"
2051-11-01,2051,11,"prec",43.0427657657536,"SSP1-2.6 (Sustainability)","ARIMA"
2051-12-01,2051,12,"prec",55.9141855047014,"SSP1-2.6 (Sustainability)","ARIMA"
2052-01-01,2052,1,"prec",67.2673756029027,"SSP1-2.6 (Sustainability)","ARIMA"
2052-02-01,2052,2,"prec",123.422464399411,"SSP1-2.6 (Sustainability)","ARIMA"
2052-03-01,2052,3,"prec",208.883676248648,"SSP1-2.6 (Sustainability)","ARIMA"
2052-04-01,2052,4,"prec",404.67159586295,"SSP1-2.6 (Sustainability)","ARIMA"
2052-05-01,2052,5,"prec",552.869338919505,"SSP1-2.6 (Sustainability)","ARIMA"
2052-06-01,2052,6,"prec",504.566163134953,"SSP1-2.6 (Sustainability)","ARIMA"
2052-07-01,2052,7,"prec",319.07858715465,"SSP1-2.6 (Sustainability)","ARIMA"
2052-08-01,2052,8,"prec",167.990584962409,"SSP1-2.6 (Sustainability)","ARIMA"
2052-09-01,2052,9,"prec",74.0391847941677,"SSP1-2.6 (Sustainability)","ARIMA"
2052-10-01,2052,10,"prec",50.9648676909298,"SSP1-2.6 (Sustainability)","ARIMA"
2052-11-01,2052,11,"prec",43.9462118337868,"SSP1-2.6 (Sustainability)","ARIMA"
2052-12-01,2052,12,"prec",56.9206029306462,"SSP1-2.6 (Sustainability)","ARIMA"
2053-01-01,2053,1,"prec",68.3690913811684,"SSP1-2.6 (Sustainability)","ARIMA"
2053-02-01,2053,2,"prec",124.973420888048,"SSP1-2.6 (Sustainability)","ARIMA"
2053-03-01,2053,3,"prec",211.11832243208,"SSP1-2.6 (Sustainability)","ARIMA"
2053-04-01,2053,4,"prec",408.472545403297,"SSP1-2.6 (Sustainability)","ARIMA"
2053-05-01,2053,5,"prec",557.855870404304,"SSP1-2.6 (Sustainability)","ARIMA"
2053-06-01,2053,6,"prec",509.194448052147,"SSP1-2.6 (Sustainability)","ARIMA"
2053-07-01,2053,7,"prec",322.222971464002,"SSP1-2.6 (Sustainability)","ARIMA"
2053-08-01,2053,8,"prec",169.926265254223,"SSP1-2.6 (Sustainability)","ARIMA"
2053-09-01,2053,9,"prec",75.2232538846356,"SSP1-2.6 (Sustainability)","ARIMA"
2053-10-01,2053,10,"prec",51.9361634058997,"SSP1-2.6 (Sustainability)","ARIMA"
2053-11-01,2053,11,"prec",44.8613583018996,"SSP1-2.6 (Sustainability)","ARIMA"
2053-12-01,2053,12,"prec",57.9395445275338,"SSP1-2.6 (Sustainability)","ARIMA"
2024-01-01,2024,1,"prec",22.2159544021309,"SSP1-2.6 (Sustainability)","ML-Enhanced"
2024-02-01,2024,2,"prec",37.7184268013093,"SSP1-2.6 (Sustainability)","ML-Enhanced"
2024-03-01,2024,3,"prec",47.9697510964318,"SSP1-2.6 (Sustainability)","ML-Enhanced"
2024-04-01,2024,4,"prec",74.1808350989158,"SSP1-2.6 (Sustainability)","ML-Enhanced"
2024-05-01,2024,5,"prec",167.682920010992,"SSP1-2.6 (Sustainability)","ML-Enhanced"
2024-06-01,2024,6,"prec",345.824292033786,"SSP1-2.6 (Sustainability)","ML-Enhanced"
2024-07-01,2024,7,"prec",463.481593451163,"SSP1-2.6 (Sustainability)","ML-Enhanced"
2024-08-01,2024,8,"prec",452.299268233616,"SSP1-2.6 (Sustainability)","ML-Enhanced"
2024-09-01,2024,9,"prec",227.034014799224,"SSP1-2.6 (Sustainability)","ML-Enhanced"
2024-10-01,2024,10,"prec",129.565249267101,"SSP1-2.6 (Sustainability)","ML-Enhanced"
2024-11-01,2024,11,"prec",45.2928624034565,"SSP1-2.6 (Sustainability)","ML-Enhanced"
2024-12-01,2024,12,"prec",28.3279327107079,"SSP1-2.6 (Sustainability)","ML-Enhanced"
2025-01-01,2025,1,"prec",15.7252014249456,"SSP1-2.6 (Sustainability)","ML-Enhanced"
2025-02-01,2025,2,"prec",39.9945003528867,"SSP1-2.6 (Sustainability)","ML-Enhanced"
2025-03-01,2025,3,"prec",49.7403741137387,"SSP1-2.6 (Sustainability)","ML-Enhanced"
2025-04-01,2025,4,"prec",74.9343339086855,"SSP1-2.6 (Sustainability)","ML-Enhanced"
2025-05-01,2025,5,"prec",196.182651308781,"SSP1-2.6 (Sustainability)","ML-Enhanced"
2025-06-01,2025,6,"prec",283.671100857667,"SSP1-2.6 (Sustainability)","ML-Enhanced"
2025-07-01,2025,7,"prec",516.854184535015,"SSP1-2.6 (Sustainability)","ML-Enhanced"
2025-08-01,2025,8,"prec",482.74003662095,"SSP1-2.6 (Sustainability)","ML-Enhanced"
2025-09-01,2025,9,"prec",250.086448316914,"SSP1-2.6 (Sustainability)","ML-Enhanced"
2025-10-01,2025,10,"prec",108.591429395246,"SSP1-2.6 (Sustainability)","ML-Enhanced"
2025-11-01,2025,11,"prec",50.4001787602144,"SSP1-2.6 (Sustainability)","ML-Enhanced"
2025-12-01,2025,12,"prec",32.1260795985761,"SSP1-2.6 (Sustainability)","ML-Enhanced"
2026-01-01,2026,1,"prec",26.1615778775338,"SSP1-2.6 (Sustainability)","ML-Enhanced"
2026-02-01,2026,2,"prec",33.2029536273178,"SSP1-2.6 (Sustainability)","ML-Enhanced"
2026-03-01,2026,3,"prec",46.8775931335929,"SSP1-2.6 (Sustainability)","ML-Enhanced"
2026-04-01,2026,4,"prec",96.4306612223217,"SSP1-2.6 (Sustainability)","ML-Enhanced"
2026-05-01,2026,5,"prec",169.468579089928,"SSP1-2.6 (Sustainability)","ML-Enhanced"
2026-06-01,2026,6,"prec",311.115762560369,"SSP1-2.6 (Sustainability)","ML-Enhanced"
2026-07-01,2026,7,"prec",490.51511841156,"SSP1-2.6 (Sustainability)","ML-Enhanced"
2026-08-01,2026,8,"prec",416.031546144676,"SSP1-2.6 (Sustainability)","ML-Enhanced"
2026-09-01,2026,9,"prec",259.95517905203,"SSP1-2.6 (Sustainability)","ML-Enhanced"
2026-10-01,2026,10,"prec",133.118929445311,"SSP1-2.6 (Sustainability)","ML-Enhanced"
2026-11-01,2026,11,"prec",31.5312996982302,"SSP1-2.6 (Sustainability)","ML-Enhanced"
2026-12-01,2026,12,"prec",27.2890001651573,"SSP1-2.6 (Sustainability)","ML-Enhanced"
2027-01-01,2027,1,"prec",21.7559723596335,"SSP1-2.6 (Sustainability)","ML-Enhanced"
2027-02-01,2027,2,"prec",37.3966136464921,"SSP1-2.6 (Sustainability)","ML-Enhanced"
2027-03-01,2027,3,"prec",40.4005966965087,"SSP1-2.6 (Sustainability)","ML-Enhanced"
2027-04-01,2027,4,"prec",72.5029321563606,"SSP1-2.6 (Sustainability)","ML-Enhanced"
2027-05-01,2027,5,"prec",174.723814224477,"SSP1-2.6 (Sustainability)","ML-Enhanced"
2027-06-01,2027,6,"prec",379.733541927934,"SSP1-2.6 (Sustainability)","ML-Enhanced"
2027-07-01,2027,7,"prec",497.414815228784,"SSP1-2.6 (Sustainability)","ML-Enhanced"
2027-08-01,2027,8,"prec",406.420629994885,"SSP1-2.6 (Sustainability)","ML-Enhanced"
2027-09-01,2027,9,"prec",257.503028813095,"SSP1-2.6 (Sustainability)","ML-Enhanced"
2027-10-01,2027,10,"prec",145.672928609586,"SSP1-2.6 (Sustainability)","ML-Enhanced"
2027-11-01,2027,11,"prec",52.1804144443278,"SSP1-2.6 (Sustainability)","ML-Enhanced"
2027-12-01,2027,12,"prec",28.3985286297479,"SSP1-2.6 (Sustainability)","ML-Enhanced"
2028-01-01,2028,1,"prec",25.9034478731228,"SSP1-2.6 (Sustainability)","ML-Enhanced"
2028-02-01,2028,2,"prec",38.0881027847272,"SSP1-2.6 (Sustainability)","ML-Enhanced"
2028-03-01,2028,3,"prec",45.8829531357521,"SSP1-2.6 (Sustainability)","ML-Enhanced"
2028-04-01,2028,4,"prec",68.4063236835176,"SSP1-2.6 (Sustainability)","ML-Enhanced"
2028-05-01,2028,5,"prec",147.576857011005,"SSP1-2.6 (Sustainability)","ML-Enhanced"
2028-06-01,2028,6,"prec",384.753531479635,"SSP1-2.6 (Sustainability)","ML-Enhanced"
2028-07-01,2028,7,"prec",473.707603437734,"SSP1-2.6 (Sustainability)","ML-Enhanced"
2028-08-01,2028,8,"prec",388.990549720059,"SSP1-2.6 (Sustainability)","ML-Enhanced"
2028-09-01,2028,9,"prec",252.445620479358,"SSP1-2.6 (Sustainability)","ML-Enhanced"
2028-10-01,2028,10,"prec",86.9602292173958,"SSP1-2.6 (Sustainability)","ML-Enhanced"
2028-11-01,2028,11,"prec",46.0701090762049,"SSP1-2.6 (Sustainability)","ML-Enhanced"
2028-12-01,2028,12,"prec",29.1499249168594,"SSP1-2.6 (Sustainability)","ML-Enhanced"
2029-01-01,2029,1,"prec",21.7130563545081,"SSP1-2.6 (Sustainability)","ML-Enhanced"
2029-02-01,2029,2,"prec",33.3620465230054,"SSP1-2.6 (Sustainability)","ML-Enhanced"
2029-03-01,2029,3,"prec",51.1706038707158,"SSP1-2.6 (Sustainability)","ML-Enhanced"
2029-04-01,2029,4,"prec",93.8933256040165,"SSP1-2.6 (Sustainability)","ML-Enhanced"
2029-05-01,2029,5,"prec",140.173895784144,"SSP1-2.6 (Sustainability)","ML-Enhanced"
2029-06-01,2029,6,"prec",330.738362501935,"SSP1-2.6 (Sustainability)","ML-Enhanced"
2029-07-01,2029,7,"prec",344.240798312464,"SSP1-2.6 (Sustainability)","ML-Enhanced"
2029-08-01,2029,8,"prec",415.803891092155,"SSP1-2.6 (Sustainability)","ML-Enhanced"
2029-09-01,2029,9,"prec",232.638748339211,"SSP1-2.6 (Sustainability)","ML-Enhanced"
2029-10-01,2029,10,"prec",145.233785068795,"SSP1-2.6 (Sustainability)","ML-Enhanced"
2029-11-01,2029,11,"prec",45.0179174357626,"SSP1-2.6 (Sustainability)","ML-Enhanced"
2029-12-01,2029,12,"prec",20.7241601844214,"SSP1-2.6 (Sustainability)","ML-Enhanced"
2030-01-01,2030,1,"prec",24.2152013530427,"SSP1-2.6 (Sustainability)","ML-Enhanced"
2030-02-01,2030,2,"prec",39.8666932842361,"SSP1-2.6 (Sustainability)","ML-Enhanced"
2030-03-01,2030,3,"prec",45.3628300466215,"SSP1-2.6 (Sustainability)","ML-Enhanced"
2030-04-01,2030,4,"prec",86.2868057157892,"SSP1-2.6 (Sustainability)","ML-Enhanced"
2030-05-01,2030,5,"prec",216.450395297486,"SSP1-2.6 (Sustainability)","ML-Enhanced"
2030-06-01,2030,6,"prec",357.272458914284,"SSP1-2.6 (Sustainability)","ML-Enhanced"
2030-07-01,2030,7,"prec",454.615107165153,"SSP1-2.6 (Sustainability)","ML-Enhanced"
2030-08-01,2030,8,"prec",356.881804789697,"SSP1-2.6 (Sustainability)","ML-Enhanced"
2030-09-01,2030,9,"prec",240.076923286367,"SSP1-2.6 (Sustainability)","ML-Enhanced"
2030-10-01,2030,10,"prec",146.421739986553,"SSP1-2.6 (Sustainability)","ML-Enhanced"
2030-11-01,2030,11,"prec",55.2496279214431,"SSP1-2.6 (Sustainability)","ML-Enhanced"
2030-12-01,2030,12,"prec",29.6294334028645,"SSP1-2.6 (Sustainability)","ML-Enhanced"
2031-01-01,2031,1,"prec",22.0581249326209,"SSP1-2.6 (Sustainability)","ML-Enhanced"
2031-02-01,2031,2,"prec",37.125493432247,"SSP1-2.6 (Sustainability)","ML-Enhanced"
2031-03-01,2031,3,"prec",45.1227325436478,"SSP1-2.6 (Sustainability)","ML-Enhanced"
2031-04-01,2031,4,"prec",81.3666938974413,"SSP1-2.6 (Sustainability)","ML-Enhanced"
2031-05-01,2031,5,"prec",200.913425038252,"SSP1-2.6 (Sustainability)","ML-Enhanced"
2031-06-01,2031,6,"prec",345.816660865767,"SSP1-2.6 (Sustainability)","ML-Enhanced"
2031-07-01,2031,7,"prec",550.285300567705,"SSP1-2.6 (Sustainability)","ML-Enhanced"
2031-08-01,2031,8,"prec",415.07865436891,"SSP1-2.6 (Sustainability)","ML-Enhanced"
2031-09-01,2031,9,"prec",209.071887100382,"SSP1-2.6 (Sustainability)","ML-Enhanced"
2031-10-01,2031,10,"prec",116.036799528112,"SSP1-2.6 (Sustainability)","ML-Enhanced"
2031-11-01,2031,11,"prec",46.1155908547292,"SSP1-2.6 (Sustainability)","ML-Enhanced"
2031-12-01,2031,12,"prec",26.7493887804539,"SSP1-2.6 (Sustainability)","ML-Enhanced"
2032-01-01,2032,1,"prec",29.9731656554563,"SSP1-2.6 (Sustainability)","ML-Enhanced"
2032-02-01,2032,2,"prec",41.3977090885427,"SSP1-2.6 (Sustainability)","ML-Enhanced"
2032-03-01,2032,3,"prec",43.3306175785214,"SSP1-2.6 (Sustainability)","ML-Enhanced"
2032-04-01,2032,4,"prec",96.2904285304183,"SSP1-2.6 (Sustainability)","ML-Enhanced"
2032-05-01,2032,5,"prec",153.225578787593,"SSP1-2.6 (Sustainability)","ML-Enhanced"
2032-06-01,2032,6,"prec",426.804889818658,"SSP1-2.6 (Sustainability)","ML-Enhanced"
2032-07-01,2032,7,"prec",509.443475314686,"SSP1-2.6 (Sustainability)","ML-Enhanced"
2032-08-01,2032,8,"prec",394.849090574306,"SSP1-2.6 (Sustainability)","ML-Enhanced"
2032-09-01,2032,9,"prec",297.486614788044,"SSP1-2.6 (Sustainability)","ML-Enhanced"
2032-10-01,2032,10,"prec",149.230030814717,"SSP1-2.6 (Sustainability)","ML-Enhanced"
2032-11-01,2032,11,"prec",52.5049305628588,"SSP1-2.6 (Sustainability)","ML-Enhanced"
2032-12-01,2032,12,"prec",33.079971214715,"SSP1-2.6 (Sustainability)","ML-Enhanced"
2033-01-01,2033,1,"prec",22.4142887005873,"SSP1-2.6 (Sustainability)","ML-Enhanced"
2033-02-01,2033,2,"prec",39.8864485167281,"SSP1-2.6 (Sustainability)","ML-Enhanced"
2033-03-01,2033,3,"prec",40.9516319220168,"SSP1-2.6 (Sustainability)","ML-Enhanced"
2033-04-01,2033,4,"prec",116.32854759805,"SSP1-2.6 (Sustainability)","ML-Enhanced"
2033-05-01,2033,5,"prec",213.40629558922,"SSP1-2.6 (Sustainability)","ML-Enhanced"
2033-06-01,2033,6,"prec",402.251221116794,"SSP1-2.6 (Sustainability)","ML-Enhanced"
2033-07-01,2033,7,"prec",538.037140335562,"SSP1-2.6 (Sustainability)","ML-Enhanced"
2033-08-01,2033,8,"prec",434.970566421737,"SSP1-2.6 (Sustainability)","ML-Enhanced"
2033-09-01,2033,9,"prec",243.279693783668,"SSP1-2.6 (Sustainability)","ML-Enhanced"
2033-10-01,2033,10,"prec",88.0082463457713,"SSP1-2.6 (Sustainability)","ML-Enhanced"
2033-11-01,2033,11,"prec",40.0258259848638,"SSP1-2.6 (Sustainability)","ML-Enhanced"
2033-12-01,2033,12,"prec",34.2831214167344,"SSP1-2.6 (Sustainability)","ML-Enhanced"
2034-01-01,2034,1,"prec",20.824802480534,"SSP1-2.6 (Sustainability)","ML-Enhanced"
2034-02-01,2034,2,"prec",27.0579565511957,"SSP1-2.6 (Sustainability)","ML-Enhanced"
2034-03-01,2034,3,"prec",49.6503021938766,"SSP1-2.6 (Sustainability)","ML-Enhanced"
2034-04-01,2034,4,"prec",92.6576872285995,"SSP1-2.6 (Sustainability)","ML-Enhanced"
2034-05-01,2034,5,"prec",198.345858045958,"SSP1-2.6 (Sustainability)","ML-Enhanced"
2034-06-01,2034,6,"prec",344.539771994441,"SSP1-2.6 (Sustainability)","ML-Enhanced"
2034-07-01,2034,7,"prec",487.37100030547,"SSP1-2.6 (Sustainability)","ML-Enhanced"
2034-08-01,2034,8,"prec",425.252237570708,"SSP1-2.6 (Sustainability)","ML-Enhanced"
2034-09-01,2034,9,"prec",283.561967212335,"SSP1-2.6 (Sustainability)","ML-Enhanced"
2034-10-01,2034,10,"prec",119.179340847994,"SSP1-2.6 (Sustainability)","ML-Enhanced"
2034-11-01,2034,11,"prec",48.1655128345004,"SSP1-2.6 (Sustainability)","ML-Enhanced"
2034-12-01,2034,12,"prec",30.6391396316184,"SSP1-2.6 (Sustainability)","ML-Enhanced"
2035-01-01,2035,1,"prec",21.7492617377261,"SSP1-2.6 (Sustainability)","ML-Enhanced"
2035-02-01,2035,2,"prec",34.6478910539225,"SSP1-2.6 (Sustainability)","ML-Enhanced"
2035-03-01,2035,3,"prec",57.3591269483349,"SSP1-2.6 (Sustainability)","ML-Enhanced"
2035-04-01,2035,4,"prec",106.509572429263,"SSP1-2.6 (Sustainability)","ML-Enhanced"
2035-05-01,2035,5,"prec",175.11833576059,"SSP1-2.6 (Sustainability)","ML-Enhanced"
2035-06-01,2035,6,"prec",418.986653421273,"SSP1-2.6 (Sustainability)","ML-Enhanced"
2035-07-01,2035,7,"prec",537.161821690484,"SSP1-2.6 (Sustainability)","ML-Enhanced"
2035-08-01,2035,8,"prec",405.133205303035,"SSP1-2.6 (Sustainability)","ML-Enhanced"
2035-09-01,2035,9,"prec",287.811042625511,"SSP1-2.6 (Sustainability)","ML-Enhanced"
2035-10-01,2035,10,"prec",130.70608673198,"SSP1-2.6 (Sustainability)","ML-Enhanced"
2035-11-01,2035,11,"prec",49.6984775914452,"SSP1-2.6 (Sustainability)","ML-Enhanced"
2035-12-01,2035,12,"prec",28.9075117719772,"SSP1-2.6 (Sustainability)","ML-Enhanced"
2036-01-01,2036,1,"prec",21.0019698845835,"SSP1-2.6 (Sustainability)","ML-Enhanced"
2036-02-01,2036,2,"prec",36.377799848553,"SSP1-2.6 (Sustainability)","ML-Enhanced"
2036-03-01,2036,3,"prec",44.0080589485074,"SSP1-2.6 (Sustainability)","ML-Enhanced"
2036-04-01,2036,4,"prec",103.559470759612,"SSP1-2.6 (Sustainability)","ML-Enhanced"
2036-05-01,2036,5,"prec",161.879788606529,"SSP1-2.6 (Sustainability)","ML-Enhanced"
2036-06-01,2036,6,"prec",482.703374331456,"SSP1-2.6 (Sustainability)","ML-Enhanced"
2036-07-01,2036,7,"prec",616.416495905216,"SSP1-2.6 (Sustainability)","ML-Enhanced"
2036-08-01,2036,8,"prec",441.512807359841,"SSP1-2.6 (Sustainability)","ML-Enhanced"
2036-09-01,2036,9,"prec",299.274743780712,"SSP1-2.6 (Sustainability)","ML-Enhanced"
2036-10-01,2036,10,"prec",148.214543224525,"SSP1-2.6 (Sustainability)","ML-Enhanced"
2036-11-01,2036,11,"prec",42.51491272286,"SSP1-2.6 (Sustainability)","ML-Enhanced"
2036-12-01,2036,12,"prec",32.1362262627191,"SSP1-2.6 (Sustainability)","ML-Enhanced"
2037-01-01,2037,1,"prec",23.8662130609055,"SSP1-2.6 (Sustainability)","ML-Enhanced"
2037-02-01,2037,2,"prec",38.778422449305,"SSP1-2.6 (Sustainability)","ML-Enhanced"
2037-03-01,2037,3,"prec",57.05858171479,"SSP1-2.6 (Sustainability)","ML-Enhanced"
2037-04-01,2037,4,"prec",120.994393468526,"SSP1-2.6 (Sustainability)","ML-Enhanced"
2037-05-01,2037,5,"prec",189.861993466233,"SSP1-2.6 (Sustainability)","ML-Enhanced"
2037-06-01,2037,6,"prec",364.697633104325,"SSP1-2.6 (Sustainability)","ML-Enhanced"
2037-07-01,2037,7,"prec",542.95132269551,"SSP1-2.6 (Sustainability)","ML-Enhanced"
2037-08-01,2037,8,"prec",437.321138591585,"SSP1-2.6 (Sustainability)","ML-Enhanced"
2037-09-01,2037,9,"prec",311.369878154263,"SSP1-2.6 (Sustainability)","ML-Enhanced"
2037-10-01,2037,10,"prec",156.417612341365,"SSP1-2.6 (Sustainability)","ML-Enhanced"
2037-11-01,2037,11,"prec",40.933732238583,"SSP1-2.6 (Sustainability)","ML-Enhanced"
2037-12-01,2037,12,"prec",31.4170206806008,"SSP1-2.6 (Sustainability)","ML-Enhanced"
2038-01-01,2038,1,"prec",29.6864921198793,"SSP1-2.6 (Sustainability)","ML-Enhanced"
2038-02-01,2038,2,"prec",44.1281594245248,"SSP1-2.6 (Sustainability)","ML-Enhanced"
2038-03-01,2038,3,"prec",46.6933881615594,"SSP1-2.6 (Sustainability)","ML-Enhanced"
2038-04-01,2038,4,"prec",105.056821480216,"SSP1-2.6 (Sustainability)","ML-Enhanced"
2038-05-01,2038,5,"prec",160.852328085475,"SSP1-2.6 (Sustainability)","ML-Enhanced"
2038-06-01,2038,6,"prec",427.051391338171,"SSP1-2.6 (Sustainability)","ML-Enhanced"
2038-07-01,2038,7,"prec",507.675956929501,"SSP1-2.6 (Sustainability)","ML-Enhanced"
2038-08-01,2038,8,"prec",406.202431988876,"SSP1-2.6 (Sustainability)","ML-Enhanced"
2038-09-01,2038,9,"prec",293.260681156478,"SSP1-2.6 (Sustainability)","ML-Enhanced"
2038-10-01,2038,10,"prec",126.488626330974,"SSP1-2.6 (Sustainability)","ML-Enhanced"
2038-11-01,2038,11,"prec",63.7912892925428,"SSP1-2.6 (Sustainability)","ML-Enhanced"
2038-12-01,2038,12,"prec",31.0064395909223,"SSP1-2.6 (Sustainability)","ML-Enhanced"
2039-01-01,2039,1,"prec",30.0800940700542,"SSP1-2.6 (Sustainability)","ML-Enhanced"
2039-02-01,2039,2,"prec",38.7836357545541,"SSP1-2.6 (Sustainability)","ML-Enhanced"
2039-03-01,2039,3,"prec",50.6546086262663,"SSP1-2.6 (Sustainability)","ML-Enhanced"
2039-04-01,2039,4,"prec",92.0800117698182,"SSP1-2.6 (Sustainability)","ML-Enhanced"
2039-05-01,2039,5,"prec",179.928037056291,"SSP1-2.6 (Sustainability)","ML-Enhanced"
2039-06-01,2039,6,"prec",395.816752658753,"SSP1-2.6 (Sustainability)","ML-Enhanced"
2039-07-01,2039,7,"prec",418.455349667873,"SSP1-2.6 (Sustainability)","ML-Enhanced"
2039-08-01,2039,8,"prec",483.080133927766,"SSP1-2.6 (Sustainability)","ML-Enhanced"
2039-09-01,2039,9,"prec",286.447096772572,"SSP1-2.6 (Sustainability)","ML-Enhanced"
2039-10-01,2039,10,"prec",152.384325764951,"SSP1-2.6 (Sustainability)","ML-Enhanced"
2039-11-01,2039,11,"prec",49.0267836118395,"SSP1-2.6 (Sustainability)","ML-Enhanced"
2039-12-01,2039,12,"prec",31.72832641774,"SSP1-2.6 (Sustainability)","ML-Enhanced"
2040-01-01,2040,1,"prec",27.3167937855714,"SSP1-2.6 (Sustainability)","ML-Enhanced"
2040-02-01,2040,2,"prec",44.6483023495604,"SSP1-2.6 (Sustainability)","ML-Enhanced"
2040-03-01,2040,3,"prec",51.2998799507613,"SSP1-2.6 (Sustainability)","ML-Enhanced"
2040-04-01,2040,4,"prec",107.467234507203,"SSP1-2.6 (Sustainability)","ML-Enhanced"
2040-05-01,2040,5,"prec",131.332536988997,"SSP1-2.6 (Sustainability)","ML-Enhanced"
2040-06-01,2040,6,"prec",405.18115386289,"SSP1-2.6 (Sustainability)","ML-Enhanced"
2040-07-01,2040,7,"prec",480.544999724064,"SSP1-2.6 (Sustainability)","ML-Enhanced"
2040-08-01,2040,8,"prec",402.019374027841,"SSP1-2.6 (Sustainability)","ML-Enhanced"
2040-09-01,2040,9,"prec",263.695060372268,"SSP1-2.6 (Sustainability)","ML-Enhanced"
2040-10-01,2040,10,"prec",114.655987040647,"SSP1-2.6 (Sustainability)","ML-Enhanced"
2040-11-01,2040,11,"prec",61.3249465348498,"SSP1-2.6 (Sustainability)","ML-Enhanced"
2040-12-01,2040,12,"prec",39.8133107250147,"SSP1-2.6 (Sustainability)","ML-Enhanced"
2041-01-01,2041,1,"prec",29.2211125836112,"SSP1-2.6 (Sustainability)","ML-Enhanced"
2041-02-01,2041,2,"prec",44.3921161670529,"SSP1-2.6 (Sustainability)","ML-Enhanced"
2041-03-01,2041,3,"prec",36.2772734730905,"SSP1-2.6 (Sustainability)","ML-Enhanced"
2041-04-01,2041,4,"prec",96.1098673147384,"SSP1-2.6 (Sustainability)","ML-Enhanced"
2041-05-01,2041,5,"prec",213.838991835412,"SSP1-2.6 (Sustainability)","ML-Enhanced"
2041-06-01,2041,6,"prec",407.78758600605,"SSP1-2.6 (Sustainability)","ML-Enhanced"
2041-07-01,2041,7,"prec",643.066790966403,"SSP1-2.6 (Sustainability)","ML-Enhanced"
2041-08-01,2041,8,"prec",408.931889979799,"SSP1-2.6 (Sustainability)","ML-Enhanced"
2041-09-01,2041,9,"prec",218.869990601239,"SSP1-2.6 (Sustainability)","ML-Enhanced"
2041-10-01,2041,10,"prec",148.762176975513,"SSP1-2.6 (Sustainability)","ML-Enhanced"
2041-11-01,2041,11,"prec",55.7206870034328,"SSP1-2.6 (Sustainability)","ML-Enhanced"
2041-12-01,2041,12,"prec",28.217731831371,"SSP1-2.6 (Sustainability)","ML-Enhanced"
2042-01-01,2042,1,"prec",26.6864395769479,"SSP1-2.6 (Sustainability)","ML-Enhanced"
2042-02-01,2042,2,"prec",48.3401100437584,"SSP1-2.6 (Sustainability)","ML-Enhanced"
2042-03-01,2042,3,"prec",39.6778119223201,"SSP1-2.6 (Sustainability)","ML-Enhanced"
2042-04-01,2042,4,"prec",107.919097933044,"SSP1-2.6 (Sustainability)","ML-Enhanced"
2042-05-01,2042,5,"prec",189.280342297979,"SSP1-2.6 (Sustainability)","ML-Enhanced"
2042-06-01,2042,6,"prec",415.770366488977,"SSP1-2.6 (Sustainability)","ML-Enhanced"
2042-07-01,2042,7,"prec",697.876224954986,"SSP1-2.6 (Sustainability)","ML-Enhanced"
2042-08-01,2042,8,"prec",435.684234861912,"SSP1-2.6 (Sustainability)","ML-Enhanced"
2042-09-01,2042,9,"prec",341.240427234317,"SSP1-2.6 (Sustainability)","ML-Enhanced"
2042-10-01,2042,10,"prec",128.759263629161,"SSP1-2.6 (Sustainability)","ML-Enhanced"
2042-11-01,2042,11,"prec",50.7732923509295,"SSP1-2.6 (Sustainability)","ML-Enhanced"
2042-12-01,2042,12,"prec",31.5935664767003,"SSP1-2.6 (Sustainability)","ML-Enhanced"
2043-01-01,2043,1,"prec",26.080917326723,"SSP1-2.6 (Sustainability)","ML-Enhanced"
2043-02-01,2043,2,"prec",36.1418187640631,"SSP1-2.6 (Sustainability)","ML-Enhanced"
2043-03-01,2043,3,"prec",49.9075566799469,"SSP1-2.6 (Sustainability)","ML-Enhanced"
2043-04-01,2043,4,"prec",98.7089796749956,"SSP1-2.6 (Sustainability)","ML-Enhanced"
2043-05-01,2043,5,"prec",195.747161343507,"SSP1-2.6 (Sustainability)","ML-Enhanced"
2043-06-01,2043,6,"prec",311.814604090473,"SSP1-2.6 (Sustainability)","ML-Enhanced"
2043-07-01,2043,7,"prec",564.079327985332,"SSP1-2.6 (Sustainability)","ML-Enhanced"
2043-08-01,2043,8,"prec",454.721367143196,"SSP1-2.6 (Sustainability)","ML-Enhanced"
2043-09-01,2043,9,"prec",293.927823054005,"SSP1-2.6 (Sustainability)","ML-Enhanced"
2043-10-01,2043,10,"prec",127.341606379219,"SSP1-2.6 (Sustainability)","ML-Enhanced"
2043-11-01,2043,11,"prec",52.7687980271504,"SSP1-2.6 (Sustainability)","ML-Enhanced"
2043-12-01,2043,12,"prec",36.6098634205295,"SSP1-2.6 (Sustainability)","ML-Enhanced"
2044-01-01,2044,1,"prec",26.3519049163901,"SSP1-2.6 (Sustainability)","ML-Enhanced"
2044-02-01,2044,2,"prec",37.7973296996916,"SSP1-2.6 (Sustainability)","ML-Enhanced"
2044-03-01,2044,3,"prec",46.9807159212958,"SSP1-2.6 (Sustainability)","ML-Enhanced"
2044-04-01,2044,4,"prec",99.9529887018038,"SSP1-2.6 (Sustainability)","ML-Enhanced"
2044-05-01,2044,5,"prec",200.292936809389,"SSP1-2.6 (Sustainability)","ML-Enhanced"
2044-06-01,2044,6,"prec",407.881803331404,"SSP1-2.6 (Sustainability)","ML-Enhanced"
2044-07-01,2044,7,"prec",593.118324329991,"SSP1-2.6 (Sustainability)","ML-Enhanced"
2044-08-01,2044,8,"prec",567.390607514459,"SSP1-2.6 (Sustainability)","ML-Enhanced"
2044-09-01,2044,9,"prec",313.137960467369,"SSP1-2.6 (Sustainability)","ML-Enhanced"
2044-10-01,2044,10,"prec",129.167692929698,"SSP1-2.6 (Sustainability)","ML-Enhanced"
2044-11-01,2044,11,"prec",54.1738980911426,"SSP1-2.6 (Sustainability)","ML-Enhanced"
2044-12-01,2044,12,"prec",39.6781376624044,"SSP1-2.6 (Sustainability)","ML-Enhanced"
2045-01-01,2045,1,"prec",34.9124364896389,"SSP1-2.6 (Sustainability)","ML-Enhanced"
2045-02-01,2045,2,"prec",39.3506026905593,"SSP1-2.6 (Sustainability)","ML-Enhanced"
2045-03-01,2045,3,"prec",45.9118798886739,"SSP1-2.6 (Sustainability)","ML-Enhanced"
2045-04-01,2045,4,"prec",132.60946913662,"SSP1-2.6 (Sustainability)","ML-Enhanced"
2045-05-01,2045,5,"prec",203.604130131829,"SSP1-2.6 (Sustainability)","ML-Enhanced"
2045-06-01,2045,6,"prec",383.612989139411,"SSP1-2.6 (Sustainability)","ML-Enhanced"
2045-07-01,2045,7,"prec",458.173263212219,"SSP1-2.6 (Sustainability)","ML-Enhanced"
2045-08-01,2045,8,"prec",494.177530824468,"SSP1-2.6 (Sustainability)","ML-Enhanced"
2045-09-01,2045,9,"prec",298.6971272687,"SSP1-2.6 (Sustainability)","ML-Enhanced"
2045-10-01,2045,10,"prec",148.968008216803,"SSP1-2.6 (Sustainability)","ML-Enhanced"
2045-11-01,2045,11,"prec",55.1112838800324,"SSP1-2.6 (Sustainability)","ML-Enhanced"
2045-12-01,2045,12,"prec",29.6332733399835,"SSP1-2.6 (Sustainability)","ML-Enhanced"
2046-01-01,2046,1,"prec",28.7288105642702,"SSP1-2.6 (Sustainability)","ML-Enhanced"
2046-02-01,2046,2,"prec",48.9006800491367,"SSP1-2.6 (Sustainability)","ML-Enhanced"
2046-03-01,2046,3,"prec",53.157924440144,"SSP1-2.6 (Sustainability)","ML-Enhanced"
2046-04-01,2046,4,"prec",119.522428693132,"SSP1-2.6 (Sustainability)","ML-Enhanced"
2046-05-01,2046,5,"prec",176.356634284641,"SSP1-2.6 (Sustainability)","ML-Enhanced"
2046-06-01,2046,6,"prec",395.318853484825,"SSP1-2.6 (Sustainability)","ML-Enhanced"
2046-07-01,2046,7,"prec",615.188879742914,"SSP1-2.6 (Sustainability)","ML-Enhanced"
2046-08-01,2046,8,"prec",474.442918164446,"SSP1-2.6 (Sustainability)","ML-Enhanced"
2046-09-01,2046,9,"prec",348.147512515304,"SSP1-2.6 (Sustainability)","ML-Enhanced"
2046-10-01,2046,10,"prec",123.31721616447,"SSP1-2.6 (Sustainability)","ML-Enhanced"
2046-11-01,2046,11,"prec",64.1697260497838,"SSP1-2.6 (Sustainability)","ML-Enhanced"
2046-12-01,2046,12,"prec",30.6681186000709,"SSP1-2.6 (Sustainability)","ML-Enhanced"
2047-01-01,2047,1,"prec",26.8093230438562,"SSP1-2.6 (Sustainability)","ML-Enhanced"
2047-02-01,2047,2,"prec",39.9253605035971,"SSP1-2.6 (Sustainability)","ML-Enhanced"
2047-03-01,2047,3,"prec",44.8138974433907,"SSP1-2.6 (Sustainability)","ML-Enhanced"
2047-04-01,2047,4,"prec",115.397782740769,"SSP1-2.6 (Sustainability)","ML-Enhanced"
2047-05-01,2047,5,"prec",172.744855027038,"SSP1-2.6 (Sustainability)","ML-Enhanced"
2047-06-01,2047,6,"prec",410.551924083239,"SSP1-2.6 (Sustainability)","ML-Enhanced"
2047-07-01,2047,7,"prec",584.383961524641,"SSP1-2.6 (Sustainability)","ML-Enhanced"
2047-08-01,2047,8,"prec",573.672835860949,"SSP1-2.6 (Sustainability)","ML-Enhanced"
2047-09-01,2047,9,"prec",279.860552537573,"SSP1-2.6 (Sustainability)","ML-Enhanced"
2047-10-01,2047,10,"prec",152.587520749383,"SSP1-2.6 (Sustainability)","ML-Enhanced"
2047-11-01,2047,11,"prec",48.0561603528178,"SSP1-2.6 (Sustainability)","ML-Enhanced"
2047-12-01,2047,12,"prec",46.7676688801396,"SSP1-2.6 (Sustainability)","ML-Enhanced"
2048-01-01,2048,1,"prec",28.8725605036268,"SSP1-2.6 (Sustainability)","ML-Enhanced"
2048-02-01,2048,2,"prec",53.224987309347,"SSP1-2.6 (Sustainability)","ML-Enhanced"
2048-03-01,2048,3,"prec",41.0341975188258,"SSP1-2.6 (Sustainability)","ML-Enhanced"
2048-04-01,2048,4,"prec",115.510532772497,"SSP1-2.6 (Sustainability)","ML-Enhanced"
2048-05-01,2048,5,"prec",224.125466799339,"SSP1-2.6 (Sustainability)","ML-Enhanced"
2048-06-01,2048,6,"prec",485.7906000736,"SSP1-2.6 (Sustainability)","ML-Enhanced"
2048-07-01,2048,7,"prec",594.677333304024,"SSP1-2.6 (Sustainability)","ML-Enhanced"
2048-08-01,2048,8,"prec",453.993034233603,"SSP1-2.6 (Sustainability)","ML-Enhanced"
2048-09-01,2048,9,"prec",302.982963082636,"SSP1-2.6 (Sustainability)","ML-Enhanced"
2048-10-01,2048,10,"prec",93.8948547232674,"SSP1-2.6 (Sustainability)","ML-Enhanced"
2048-11-01,2048,11,"prec",48.6938181147765,"SSP1-2.6 (Sustainability)","ML-Enhanced"
2048-12-01,2048,12,"prec",30.9747543453931,"SSP1-2.6 (Sustainability)","ML-Enhanced"
2049-01-01,2049,1,"prec",21.9687892913671,"SSP1-2.6 (Sustainability)","ML-Enhanced"
2049-02-01,2049,2,"prec",38.2651403098941,"SSP1-2.6 (Sustainability)","ML-Enhanced"
2049-03-01,2049,3,"prec",49.2520836219885,"SSP1-2.6 (Sustainability)","ML-Enhanced"
2049-04-01,2049,4,"prec",134.512188159465,"SSP1-2.6 (Sustainability)","ML-Enhanced"
2049-05-01,2049,5,"prec",189.030481457302,"SSP1-2.6 (Sustainability)","ML-Enhanced"
2049-06-01,2049,6,"prec",537.27437268764,"SSP1-2.6 (Sustainability)","ML-Enhanced"
2049-07-01,2049,7,"prec",609.866333344066,"SSP1-2.6 (Sustainability)","ML-Enhanced"
2049-08-01,2049,8,"prec",453.127869848454,"SSP1-2.6 (Sustainability)","ML-Enhanced"
2049-09-01,2049,9,"prec",372.547137235794,"SSP1-2.6 (Sustainability)","ML-Enhanced"
2049-10-01,2049,10,"prec",122.39801926676,"SSP1-2.6 (Sustainability)","ML-Enhanced"
2049-11-01,2049,11,"prec",54.7558101226142,"SSP1-2.6 (Sustainability)","ML-Enhanced"
2049-12-01,2049,12,"prec",41.1239254255518,"SSP1-2.6 (Sustainability)","ML-Enhanced"
2050-01-01,2050,1,"prec",28.2770743886012,"SSP1-2.6 (Sustainability)","ML-Enhanced"
2050-02-01,2050,2,"prec",32.5793756080702,"SSP1-2.6 (Sustainability)","ML-Enhanced"
2050-03-01,2050,3,"prec",40.7797723736932,"SSP1-2.6 (Sustainability)","ML-Enhanced"
2050-04-01,2050,4,"prec",84.7587177684397,"SSP1-2.6 (Sustainability)","ML-Enhanced"
2050-05-01,2050,5,"prec",207.474098967668,"SSP1-2.6 (Sustainability)","ML-Enhanced"
2050-06-01,2050,6,"prec",415.66954091192,"SSP1-2.6 (Sustainability)","ML-Enhanced"
2050-07-01,2050,7,"prec",589.124362848416,"SSP1-2.6 (Sustainability)","ML-Enhanced"
2050-08-01,2050,8,"prec",494.230804801055,"SSP1-2.6 (Sustainability)","ML-Enhanced"
2050-09-01,2050,9,"prec",297.207477206359,"SSP1-2.6 (Sustainability)","ML-Enhanced"
2050-10-01,2050,10,"prec",117.796567845419,"SSP1-2.6 (Sustainability)","ML-Enhanced"
2050-11-01,2050,11,"prec",67.4950610965795,"SSP1-2.6 (Sustainability)","ML-Enhanced"
2050-12-01,2050,12,"prec",30.6639013190966,"SSP1-2.6 (Sustainability)","ML-Enhanced"
2051-01-01,2051,1,"prec",25.6562772085166,"SSP1-2.6 (Sustainability)","ML-Enhanced"
2051-02-01,2051,2,"prec",47.0011679493197,"SSP1-2.6 (Sustainability)","ML-Enhanced"
2051-03-01,2051,3,"prec",55.8033153999821,"SSP1-2.6 (Sustainability)","ML-Enhanced"
2051-04-01,2051,4,"prec",109.133706650262,"SSP1-2.6 (Sustainability)","ML-Enhanced"
2051-05-01,2051,5,"prec",228.427957814018,"SSP1-2.6 (Sustainability)","ML-Enhanced"
2051-06-01,2051,6,"prec",374.659088251704,"SSP1-2.6 (Sustainability)","ML-Enhanced"
2051-07-01,2051,7,"prec",644.481284473942,"SSP1-2.6 (Sustainability)","ML-Enhanced"
2051-08-01,2051,8,"prec",376.178124899234,"SSP1-2.6 (Sustainability)","ML-Enhanced"
2051-09-01,2051,9,"prec",330.31203029845,"SSP1-2.6 (Sustainability)","ML-Enhanced"
2051-10-01,2051,10,"prec",143.932331482362,"SSP1-2.6 (Sustainability)","ML-Enhanced"
2051-11-01,2051,11,"prec",59.5579411166964,"SSP1-2.6 (Sustainability)","ML-Enhanced"
2051-12-01,2051,12,"prec",33.3128068774617,"SSP1-2.6 (Sustainability)","ML-Enhanced"
2052-01-01,2052,1,"prec",29.6739289828281,"SSP1-2.6 (Sustainability)","ML-Enhanced"
2052-02-01,2052,2,"prec",39.422008136063,"SSP1-2.6 (Sustainability)","ML-Enhanced"
2052-03-01,2052,3,"prec",60.5430029757269,"SSP1-2.6 (Sustainability)","ML-Enhanced"
2052-04-01,2052,4,"prec",114.26564653102,"SSP1-2.6 (Sustainability)","ML-Enhanced"
2052-05-01,2052,5,"prec",220.207461082595,"SSP1-2.6 (Sustainability)","ML-Enhanced"
2052-06-01,2052,6,"prec",498.924229740513,"SSP1-2.6 (Sustainability)","ML-Enhanced"
2052-07-01,2052,7,"prec",531.601013772774,"SSP1-2.6 (Sustainability)","ML-Enhanced"
2052-08-01,2052,8,"prec",504.263912684625,"SSP1-2.6 (Sustainability)","ML-Enhanced"
2052-09-01,2052,9,"prec",321.083541417537,"SSP1-2.6 (Sustainability)","ML-Enhanced"
2052-10-01,2052,10,"prec",184.899052598037,"SSP1-2.6 (Sustainability)","ML-Enhanced"
2052-11-01,2052,11,"prec",48.3655298347753,"SSP1-2.6 (Sustainability)","ML-Enhanced"
2052-12-01,2052,12,"prec",43.2796056344832,"SSP1-2.6 (Sustainability)","ML-Enhanced"
2053-01-01,2053,1,"prec",35.9961572722654,"SSP1-2.6 (Sustainability)","ML-Enhanced"
2053-02-01,2053,2,"prec",41.4791568295274,"SSP1-2.6 (Sustainability)","ML-Enhanced"
2053-03-01,2053,3,"prec",54.1919648687034,"SSP1-2.6 (Sustainability)","ML-Enhanced"
2053-04-01,2053,4,"prec",98.1486588366731,"SSP1-2.6 (Sustainability)","ML-Enhanced"
2053-05-01,2053,5,"prec",244.056228635693,"SSP1-2.6 (Sustainability)","ML-Enhanced"
2053-06-01,2053,6,"prec",418.876573197418,"SSP1-2.6 (Sustainability)","ML-Enhanced"
2053-07-01,2053,7,"prec",658.046185277484,"SSP1-2.6 (Sustainability)","ML-Enhanced"
2053-08-01,2053,8,"prec",499.837593314124,"SSP1-2.6 (Sustainability)","ML-Enhanced"
2053-09-01,2053,9,"prec",333.378487848876,"SSP1-2.6 (Sustainability)","ML-Enhanced"
2053-10-01,2053,10,"prec",145.697134319132,"SSP1-2.6 (Sustainability)","ML-Enhanced"
2053-11-01,2053,11,"prec",43.874086984346,"SSP1-2.6 (Sustainability)","ML-Enhanced"
2053-12-01,2053,12,"prec",38.8705282008098,"SSP1-2.6 (Sustainability)","ML-Enhanced"
2024-01-01,2024,1,"tavg",22.7005479035293,"SSP2-4.5 (Middle of the Road)","Statistical"
2024-02-01,2024,2,"tavg",24.5073242876383,"SSP2-4.5 (Middle of the Road)","Statistical"
2024-03-01,2024,3,"tavg",25.8102375249356,"SSP2-4.5 (Middle of the Road)","Statistical"
2024-04-01,2024,4,"tavg",26.969377060831,"SSP2-4.5 (Middle of the Road)","Statistical"
2024-05-01,2024,5,"tavg",27.6536898590273,"SSP2-4.5 (Middle of the Road)","Statistical"
2024-06-01,2024,6,"tavg",28.0168115422122,"SSP2-4.5 (Middle of the Road)","Statistical"
2024-07-01,2024,7,"tavg",28.2346070118329,"SSP2-4.5 (Middle of the Road)","Statistical"
2024-08-01,2024,8,"tavg",27.6036794841437,"SSP2-4.5 (Middle of the Road)","Statistical"
2024-09-01,2024,9,"tavg",26.6739768817149,"SSP2-4.5 (Middle of the Road)","Statistical"
2024-10-01,2024,10,"tavg",23.8890469233359,"SSP2-4.5 (Middle of the Road)","Statistical"
2024-11-01,2024,11,"tavg",23.7536340581447,"SSP2-4.5 (Middle of the Road)","Statistical"
2024-12-01,2024,12,"tavg",21.9694243524257,"SSP2-4.5 (Middle of the Road)","Statistical"
2025-01-01,2025,1,"tavg",22.356450704292,"SSP2-4.5 (Middle of the Road)","Statistical"
2025-02-01,2025,2,"tavg",24.2852171547056,"SSP2-4.5 (Middle of the Road)","Statistical"
2025-03-01,2025,3,"tavg",25.9416333189454,"SSP2-4.5 (Middle of the Road)","Statistical"
2025-04-01,2025,4,"tavg",27.3814009764922,"SSP2-4.5 (Middle of the Road)","Statistical"
2025-05-01,2025,5,"tavg",28.8991868776469,"SSP2-4.5 (Middle of the Road)","Statistical"
2025-06-01,2025,6,"tavg",27.9203069127726,"SSP2-4.5 (Middle of the Road)","Statistical"
2025-07-01,2025,7,"tavg",26.864927509993,"SSP2-4.5 (Middle of the Road)","Statistical"
2025-08-01,2025,8,"tavg",27.1669057411156,"SSP2-4.5 (Middle of the Road)","Statistical"
2025-09-01,2025,9,"tavg",25.8741290743791,"SSP2-4.5 (Middle of the Road)","Statistical"
2025-10-01,2025,10,"tavg",24.1326300271003,"SSP2-4.5 (Middle of the Road)","Statistical"
2025-11-01,2025,11,"tavg",23.3416848215465,"SSP2-4.5 (Middle of the Road)","Statistical"
2025-12-01,2025,12,"tavg",22.0963016922432,"SSP2-4.5 (Middle of the Road)","Statistical"
2026-01-01,2026,1,"tavg",23.2260632770536,"SSP2-4.5 (Middle of the Road)","Statistical"
2026-02-01,2026,2,"tavg",23.8956568101423,"SSP2-4.5 (Middle of the Road)","Statistical"
2026-03-01,2026,3,"tavg",25.9319119014624,"SSP2-4.5 (Middle of the Road)","Statistical"
2026-04-01,2026,4,"tavg",27.0073400105184,"SSP2-4.5 (Middle of the Road)","Statistical"
2026-05-01,2026,5,"tavg",28.5573632206659,"SSP2-4.5 (Middle of the Road)","Statistical"
2026-06-01,2026,6,"tavg",28.5945428007233,"SSP2-4.5 (Middle of the Road)","Statistical"
2026-07-01,2026,7,"tavg",28.8087142940131,"SSP2-4.5 (Middle of the Road)","Statistical"
2026-08-01,2026,8,"tavg",27.6521118179604,"SSP2-4.5 (Middle of the Road)","Statistical"
2026-09-01,2026,9,"tavg",25.4334578186186,"SSP2-4.5 (Middle of the Road)","Statistical"
2026-10-01,2026,10,"tavg",24.5037575591882,"SSP2-4.5 (Middle of the Road)","Statistical"
2026-11-01,2026,11,"tavg",23.3691853940991,"SSP2-4.5 (Middle of the Road)","Statistical"
2026-12-01,2026,12,"tavg",22.6028149445821,"SSP2-4.5 (Middle of the Road)","Statistical"
2027-01-01,2027,1,"tavg",23.217580683758,"SSP2-4.5 (Middle of the Road)","Statistical"
2027-02-01,2027,2,"tavg",25.1806500776821,"SSP2-4.5 (Middle of the Road)","Statistical"
2027-03-01,2027,3,"tavg",25.2847223494761,"SSP2-4.5 (Middle of the Road)","Statistical"
2027-04-01,2027,4,"tavg",27.5822069168856,"SSP2-4.5 (Middle of the Road)","Statistical"
2027-05-01,2027,5,"tavg",29.0797904568071,"SSP2-4.5 (Middle of the Road)","Statistical"
2027-06-01,2027,6,"tavg",28.3041153055633,"SSP2-4.5 (Middle of the Road)","Statistical"
2027-07-01,2027,7,"tavg",28.4740266121767,"SSP2-4.5 (Middle of the Road)","Statistical"
2027-08-01,2027,8,"tavg",26.7479731893641,"SSP2-4.5 (Middle of the Road)","Statistical"
2027-09-01,2027,9,"tavg",26.1464080453646,"SSP2-4.5 (Middle of the Road)","Statistical"
2027-10-01,2027,10,"tavg",24.8190316473412,"SSP2-4.5 (Middle of the Road)","Statistical"
2027-11-01,2027,11,"tavg",23.0795595722086,"SSP2-4.5 (Middle of the Road)","Statistical"
2027-12-01,2027,12,"tavg",23.4459903104515,"SSP2-4.5 (Middle of the Road)","Statistical"
2028-01-01,2028,1,"tavg",23.9299981957134,"SSP2-4.5 (Middle of the Road)","Statistical"
2028-02-01,2028,2,"tavg",24.7373900167542,"SSP2-4.5 (Middle of the Road)","Statistical"
2028-03-01,2028,3,"tavg",25.6579681787595,"SSP2-4.5 (Middle of the Road)","Statistical"
2028-04-01,2028,4,"tavg",26.6592070800444,"SSP2-4.5 (Middle of the Road)","Statistical"
2028-05-01,2028,5,"tavg",28.7947218525218,"SSP2-4.5 (Middle of the Road)","Statistical"
2028-06-01,2028,6,"tavg",29.2333294086986,"SSP2-4.5 (Middle of the Road)","Statistical"
2028-07-01,2028,7,"tavg",27.6549602783949,"SSP2-4.5 (Middle of the Road)","Statistical"
2028-08-01,2028,8,"tavg",26.821231881788,"SSP2-4.5 (Middle of the Road)","Statistical"
2028-09-01,2028,9,"tavg",25.7908381765131,"SSP2-4.5 (Middle of the Road)","Statistical"
2028-10-01,2028,10,"tavg",24.4730532416852,"SSP2-4.5 (Middle of the Road)","Statistical"
2028-11-01,2028,11,"tavg",23.0906124468609,"SSP2-4.5 (Middle of the Road)","Statistical"
2028-12-01,2028,12,"tavg",23.023723326194,"SSP2-4.5 (Middle of the Road)","Statistical"
2029-01-01,2029,1,"tavg",22.8140060733982,"SSP2-4.5 (Middle of the Road)","Statistical"
2029-02-01,2029,2,"tavg",24.8000713900692,"SSP2-4.5 (Middle of the Road)","Statistical"
2029-03-01,2029,3,"tavg",26.3858125502831,"SSP2-4.5 (Middle of the Road)","Statistical"
2029-04-01,2029,4,"tavg",26.9789683003765,"SSP2-4.5 (Middle of the Road)","Statistical"
2029-05-01,2029,5,"tavg",28.3038817984402,"SSP2-4.5 (Middle of the Road)","Statistical"
2029-06-01,2029,6,"tavg",28.7595447642639,"SSP2-4.5 (Middle of the Road)","Statistical"
2029-07-01,2029,7,"tavg",28.6864933871732,"SSP2-4.5 (Middle of the Road)","Statistical"
2029-08-01,2029,8,"tavg",26.2973031047458,"SSP2-4.5 (Middle of the Road)","Statistical"
2029-09-01,2029,9,"tavg",25.6664413688091,"SSP2-4.5 (Middle of the Road)","Statistical"
2029-10-01,2029,10,"tavg",24.6727817801215,"SSP2-4.5 (Middle of the Road)","Statistical"
2029-11-01,2029,11,"tavg",23.2733688394198,"SSP2-4.5 (Middle of the Road)","Statistical"
2029-12-01,2029,12,"tavg",22.8630127024215,"SSP2-4.5 (Middle of the Road)","Statistical"
2030-01-01,2030,1,"tavg",23.851881660811,"SSP2-4.5 (Middle of the Road)","Statistical"
2030-02-01,2030,2,"tavg",24.4739458718586,"SSP2-4.5 (Middle of the Road)","Statistical"
2030-03-01,2030,3,"tavg",25.5577503898242,"SSP2-4.5 (Middle of the Road)","Statistical"
2030-04-01,2030,4,"tavg",28.1101588584756,"SSP2-4.5 (Middle of the Road)","Statistical"
2030-05-01,2030,5,"tavg",28.6291106997887,"SSP2-4.5 (Middle of the Road)","Statistical"
2030-06-01,2030,6,"tavg",30.2621511970198,"SSP2-4.5 (Middle of the Road)","Statistical"
2030-07-01,2030,7,"tavg",29.5557237535609,"SSP2-4.5 (Middle of the Road)","Statistical"
2030-08-01,2030,8,"tavg",27.286965929095,"SSP2-4.5 (Middle of the Road)","Statistical"
2030-09-01,2030,9,"tavg",26.3737038757029,"SSP2-4.5 (Middle of the Road)","Statistical"
2030-10-01,2030,10,"tavg",23.8532483699133,"SSP2-4.5 (Middle of the Road)","Statistical"
2030-11-01,2030,11,"tavg",23.5497194416612,"SSP2-4.5 (Middle of the Road)","Statistical"
2030-12-01,2030,12,"tavg",23.7945484133862,"SSP2-4.5 (Middle of the Road)","Statistical"
2031-01-01,2031,1,"tavg",23.4554127142149,"SSP2-4.5 (Middle of the Road)","Statistical"
2031-02-01,2031,2,"tavg",24.1798504382776,"SSP2-4.5 (Middle of the Road)","Statistical"
2031-03-01,2031,3,"tavg",25.1081823947168,"SSP2-4.5 (Middle of the Road)","Statistical"
2031-04-01,2031,4,"tavg",27.9435969547644,"SSP2-4.5 (Middle of the Road)","Statistical"
2031-05-01,2031,5,"tavg",27.7522938464333,"SSP2-4.5 (Middle of the Road)","Statistical"
2031-06-01,2031,6,"tavg",29.3297902763473,"SSP2-4.5 (Middle of the Road)","Statistical"
2031-07-01,2031,7,"tavg",29.080267833717,"SSP2-4.5 (Middle of the Road)","Statistical"
2031-08-01,2031,8,"tavg",27.7108004850257,"SSP2-4.5 (Middle of the Road)","Statistical"
2031-09-01,2031,9,"tavg",25.80435328399,"SSP2-4.5 (Middle of the Road)","Statistical"
2031-10-01,2031,10,"tavg",24.6625144216015,"SSP2-4.5 (Middle of the Road)","Statistical"
2031-11-01,2031,11,"tavg",22.59487239466,"SSP2-4.5 (Middle of the Road)","Statistical"
2031-12-01,2031,12,"tavg",23.6913335765499,"SSP2-4.5 (Middle of the Road)","Statistical"
2032-01-01,2032,1,"tavg",23.4738191228647,"SSP2-4.5 (Middle of the Road)","Statistical"
2032-02-01,2032,2,"tavg",24.6615292081662,"SSP2-4.5 (Middle of the Road)","Statistical"
2032-03-01,2032,3,"tavg",26.8716494760127,"SSP2-4.5 (Middle of the Road)","Statistical"
2032-04-01,2032,4,"tavg",27.2045177201159,"SSP2-4.5 (Middle of the Road)","Statistical"
2032-05-01,2032,5,"tavg",28.5559664059341,"SSP2-4.5 (Middle of the Road)","Statistical"
2032-06-01,2032,6,"tavg",30.0936398743974,"SSP2-4.5 (Middle of the Road)","Statistical"
2032-07-01,2032,7,"tavg",28.9281700476947,"SSP2-4.5 (Middle of the Road)","Statistical"
2032-08-01,2032,8,"tavg",27.9329733156739,"SSP2-4.5 (Middle of the Road)","Statistical"
2032-09-01,2032,9,"tavg",25.9535184331393,"SSP2-4.5 (Middle of the Road)","Statistical"
2032-10-01,2032,10,"tavg",24.4681550881177,"SSP2-4.5 (Middle of the Road)","Statistical"
2032-11-01,2032,11,"tavg",23.4992224058508,"SSP2-4.5 (Middle of the Road)","Statistical"
2032-12-01,2032,12,"tavg",22.0626518453338,"SSP2-4.5 (Middle of the Road)","Statistical"
2033-01-01,2033,1,"tavg",23.8019459366935,"SSP2-4.5 (Middle of the Road)","Statistical"
2033-02-01,2033,2,"tavg",24.870243168915,"SSP2-4.5 (Middle of the Road)","Statistical"
2033-03-01,2033,3,"tavg",25.4972752562473,"SSP2-4.5 (Middle of the Road)","Statistical"
2033-04-01,2033,4,"tavg",27.5560982382002,"SSP2-4.5 (Middle of the Road)","Statistical"
2033-05-01,2033,5,"tavg",28.5121067659136,"SSP2-4.5 (Middle of the Road)","Statistical"
2033-06-01,2033,6,"tavg",28.9608548715094,"SSP2-4.5 (Middle of the Road)","Statistical"
2033-07-01,2033,7,"tavg",27.4456919410808,"SSP2-4.5 (Middle of the Road)","Statistical"
2033-08-01,2033,8,"tavg",27.2055315422013,"SSP2-4.5 (Middle of the Road)","Statistical"
2033-09-01,2033,9,"tavg",26.4220161329858,"SSP2-4.5 (Middle of the Road)","Statistical"
2033-10-01,2033,10,"tavg",25.0156833292055,"SSP2-4.5 (Middle of the Road)","Statistical"
2033-11-01,2033,11,"tavg",23.0981221076648,"SSP2-4.5 (Middle of the Road)","Statistical"
2033-12-01,2033,12,"tavg",22.4130178007423,"SSP2-4.5 (Middle of the Road)","Statistical"
2034-01-01,2034,1,"tavg",23.1474438480413,"SSP2-4.5 (Middle of the Road)","Statistical"
2034-02-01,2034,2,"tavg",24.2603494734731,"SSP2-4.5 (Middle of the Road)","Statistical"
2034-03-01,2034,3,"tavg",26.6472448833916,"SSP2-4.5 (Middle of the Road)","Statistical"
2034-04-01,2034,4,"tavg",27.1730909973995,"SSP2-4.5 (Middle of the Road)","Statistical"
2034-05-01,2034,5,"tavg",28.9396733181402,"SSP2-4.5 (Middle of the Road)","Statistical"
2034-06-01,2034,6,"tavg",28.586411790718,"SSP2-4.5 (Middle of the Road)","Statistical"
2034-07-01,2034,7,"tavg",27.5721172746809,"SSP2-4.5 (Middle of the Road)","Statistical"
2034-08-01,2034,8,"tavg",27.6062082249813,"SSP2-4.5 (Middle of the Road)","Statistical"
2034-09-01,2034,9,"tavg",26.1480679930163,"SSP2-4.5 (Middle of the Road)","Statistical"
2034-10-01,2034,10,"tavg",25.0609136724647,"SSP2-4.5 (Middle of the Road)","Statistical"
2034-11-01,2034,11,"tavg",22.5153161580036,"SSP2-4.5 (Middle of the Road)","Statistical"
2034-12-01,2034,12,"tavg",23.3383655702484,"SSP2-4.5 (Middle of the Road)","Statistical"
2035-01-01,2035,1,"tavg",23.380106686636,"SSP2-4.5 (Middle of the Road)","Statistical"
2035-02-01,2035,2,"tavg",24.3411394036175,"SSP2-4.5 (Middle of the Road)","Statistical"
2035-03-01,2035,3,"tavg",25.9084887976922,"SSP2-4.5 (Middle of the Road)","Statistical"
2035-04-01,2035,4,"tavg",27.2353727067951,"SSP2-4.5 (Middle of the Road)","Statistical"
2035-05-01,2035,5,"tavg",28.9613397601668,"SSP2-4.5 (Middle of the Road)","Statistical"
2035-06-01,2035,6,"tavg",28.9848713968025,"SSP2-4.5 (Middle of the Road)","Statistical"
2035-07-01,2035,7,"tavg",27.7940816704169,"SSP2-4.5 (Middle of the Road)","Statistical"
2035-08-01,2035,8,"tavg",27.9273284200812,"SSP2-4.5 (Middle of the Road)","Statistical"
2035-09-01,2035,9,"tavg",25.4065782329523,"SSP2-4.5 (Middle of the Road)","Statistical"
2035-10-01,2035,10,"tavg",25.5838778911416,"SSP2-4.5 (Middle of the Road)","Statistical"
2035-11-01,2035,11,"tavg",23.2329948054434,"SSP2-4.5 (Middle of the Road)","Statistical"
2035-12-01,2035,12,"tavg",22.9178036431335,"SSP2-4.5 (Middle of the Road)","Statistical"
2036-01-01,2036,1,"tavg",22.2102783353009,"SSP2-4.5 (Middle of the Road)","Statistical"
2036-02-01,2036,2,"tavg",24.569803841376,"SSP2-4.5 (Middle of the Road)","Statistical"
2036-03-01,2036,3,"tavg",26.6631514131886,"SSP2-4.5 (Middle of the Road)","Statistical"
2036-04-01,2036,4,"tavg",27.1250494610686,"SSP2-4.5 (Middle of the Road)","Statistical"
2036-05-01,2036,5,"tavg",29.0242974427005,"SSP2-4.5 (Middle of the Road)","Statistical"
2036-06-01,2036,6,"tavg",28.9813510215166,"SSP2-4.5 (Middle of the Road)","Statistical"
2036-07-01,2036,7,"tavg",27.9673577441159,"SSP2-4.5 (Middle of the Road)","Statistical"
2036-08-01,2036,8,"tavg",27.7145873116022,"SSP2-4.5 (Middle of the Road)","Statistical"
2036-09-01,2036,9,"tavg",25.248860122179,"SSP2-4.5 (Middle of the Road)","Statistical"
2036-10-01,2036,10,"tavg",24.9272454954421,"SSP2-4.5 (Middle of the Road)","Statistical"
2036-11-01,2036,11,"tavg",24.1916126897482,"SSP2-4.5 (Middle of the Road)","Statistical"
2036-12-01,2036,12,"tavg",22.9414732459093,"SSP2-4.5 (Middle of the Road)","Statistical"
2037-01-01,2037,1,"tavg",23.6434719530437,"SSP2-4.5 (Middle of the Road)","Statistical"
2037-02-01,2037,2,"tavg",24.5366594737128,"SSP2-4.5 (Middle of the Road)","Statistical"
2037-03-01,2037,3,"tavg",26.1326693373048,"SSP2-4.5 (Middle of the Road)","Statistical"
2037-04-01,2037,4,"tavg",27.2077113618087,"SSP2-4.5 (Middle of the Road)","Statistical"
2037-05-01,2037,5,"tavg",28.0922176910604,"SSP2-4.5 (Middle of the Road)","Statistical"
2037-06-01,2037,6,"tavg",27.9790844007451,"SSP2-4.5 (Middle of the Road)","Statistical"
2037-07-01,2037,7,"tavg",27.533504959124,"SSP2-4.5 (Middle of the Road)","Statistical"
2037-08-01,2037,8,"tavg",27.94281479484,"SSP2-4.5 (Middle of the Road)","Statistical"
2037-09-01,2037,9,"tavg",25.8792799215617,"SSP2-4.5 (Middle of the Road)","Statistical"
2037-10-01,2037,10,"tavg",24.1653743570978,"SSP2-4.5 (Middle of the Road)","Statistical"
2037-11-01,2037,11,"tavg",23.6822464008275,"SSP2-4.5 (Middle of the Road)","Statistical"
2037-12-01,2037,12,"tavg",22.632088578403,"SSP2-4.5 (Middle of the Road)","Statistical"
2038-01-01,2038,1,"tavg",24.7756771587913,"SSP2-4.5 (Middle of the Road)","Statistical"
2038-02-01,2038,2,"tavg",24.6774913152735,"SSP2-4.5 (Middle of the Road)","Statistical"
2038-03-01,2038,3,"tavg",27.6371112147796,"SSP2-4.5 (Middle of the Road)","Statistical"
2038-04-01,2038,4,"tavg",27.993826296621,"SSP2-4.5 (Middle of the Road)","Statistical"
2038-05-01,2038,5,"tavg",28.8296036854931,"SSP2-4.5 (Middle of the Road)","Statistical"
2038-06-01,2038,6,"tavg",28.1513456725715,"SSP2-4.5 (Middle of the Road)","Statistical"
2038-07-01,2038,7,"tavg",29.2271176438104,"SSP2-4.5 (Middle of the Road)","Statistical"
2038-08-01,2038,8,"tavg",27.7568562824896,"SSP2-4.5 (Middle of the Road)","Statistical"
2038-09-01,2038,9,"tavg",26.4227010856831,"SSP2-4.5 (Middle of the Road)","Statistical"
2038-10-01,2038,10,"tavg",25.4131058837798,"SSP2-4.5 (Middle of the Road)","Statistical"
2038-11-01,2038,11,"tavg",22.4020542576111,"SSP2-4.5 (Middle of the Road)","Statistical"
2038-12-01,2038,12,"tavg",23.624811151385,"SSP2-4.5 (Middle of the Road)","Statistical"
2039-01-01,2039,1,"tavg",23.0674392850704,"SSP2-4.5 (Middle of the Road)","Statistical"
2039-02-01,2039,2,"tavg",25.3234274144138,"SSP2-4.5 (Middle of the Road)","Statistical"
2039-03-01,2039,3,"tavg",25.3678026239973,"SSP2-4.5 (Middle of the Road)","Statistical"
2039-04-01,2039,4,"tavg",26.539419064711,"SSP2-4.5 (Middle of the Road)","Statistical"
2039-05-01,2039,5,"tavg",28.7694774805365,"SSP2-4.5 (Middle of the Road)","Statistical"
2039-06-01,2039,6,"tavg",28.8151486197132,"SSP2-4.5 (Middle of the Road)","Statistical"
2039-07-01,2039,7,"tavg",29.1913013238675,"SSP2-4.5 (Middle of the Road)","Statistical"
2039-08-01,2039,8,"tavg",27.6742356331956,"SSP2-4.5 (Middle of the Road)","Statistical"
2039-09-01,2039,9,"tavg",26.0791881378451,"SSP2-4.5 (Middle of the Road)","Statistical"
2039-10-01,2039,10,"tavg",24.5111452163172,"SSP2-4.5 (Middle of the Road)","Statistical"
2039-11-01,2039,11,"tavg",24.3330983908665,"SSP2-4.5 (Middle of the Road)","Statistical"
2039-12-01,2039,12,"tavg",22.8586442699616,"SSP2-4.5 (Middle of the Road)","Statistical"
2040-01-01,2040,1,"tavg",23.8213810223223,"SSP2-4.5 (Middle of the Road)","Statistical"
2040-02-01,2040,2,"tavg",24.4760552377394,"SSP2-4.5 (Middle of the Road)","Statistical"
2040-03-01,2040,3,"tavg",26.4184305372266,"SSP2-4.5 (Middle of the Road)","Statistical"
2040-04-01,2040,4,"tavg",28.4653183837626,"SSP2-4.5 (Middle of the Road)","Statistical"
2040-05-01,2040,5,"tavg",28.9852394423825,"SSP2-4.5 (Middle of the Road)","Statistical"
2040-06-01,2040,6,"tavg",29.0691909704348,"SSP2-4.5 (Middle of the Road)","Statistical"
2040-07-01,2040,7,"tavg",28.5719451078627,"SSP2-4.5 (Middle of the Road)","Statistical"
2040-08-01,2040,8,"tavg",26.7604937293216,"SSP2-4.5 (Middle of the Road)","Statistical"
2040-09-01,2040,9,"tavg",25.1452133851526,"SSP2-4.5 (Middle of the Road)","Statistical"
2040-10-01,2040,10,"tavg",24.9650377641732,"SSP2-4.5 (Middle of the Road)","Statistical"
2040-11-01,2040,11,"tavg",24.0522842544756,"SSP2-4.5 (Middle of the Road)","Statistical"
2040-12-01,2040,12,"tavg",22.7107148508211,"SSP2-4.5 (Middle of the Road)","Statistical"
2041-01-01,2041,1,"tavg",24.4859605035073,"SSP2-4.5 (Middle of the Road)","Statistical"
2041-02-01,2041,2,"tavg",24.856233904405,"SSP2-4.5 (Middle of the Road)","Statistical"
2041-03-01,2041,3,"tavg",25.9114259985575,"SSP2-4.5 (Middle of the Road)","Statistical"
2041-04-01,2041,4,"tavg",27.0563442384529,"SSP2-4.5 (Middle of the Road)","Statistical"
2041-05-01,2041,5,"tavg",28.1755289300727,"SSP2-4.5 (Middle of the Road)","Statistical"
2041-06-01,2041,6,"tavg",29.0187191998985,"SSP2-4.5 (Middle of the Road)","Statistical"
2041-07-01,2041,7,"tavg",29.5273545715528,"SSP2-4.5 (Middle of the Road)","Statistical"
2041-08-01,2041,8,"tavg",27.0879113683165,"SSP2-4.5 (Middle of the Road)","Statistical"
2041-09-01,2041,9,"tavg",26.7372435019933,"SSP2-4.5 (Middle of the Road)","Statistical"
2041-10-01,2041,10,"tavg",25.9357126065128,"SSP2-4.5 (Middle of the Road)","Statistical"
2041-11-01,2041,11,"tavg",23.6563305236506,"SSP2-4.5 (Middle of the Road)","Statistical"
2041-12-01,2041,12,"tavg",23.4148752813471,"SSP2-4.5 (Middle of the Road)","Statistical"
2042-01-01,2042,1,"tavg",23.8590720484603,"SSP2-4.5 (Middle of the Road)","Statistical"
2042-02-01,2042,2,"tavg",25.3181144957393,"SSP2-4.5 (Middle of the Road)","Statistical"
2042-03-01,2042,3,"tavg",25.2306190762945,"SSP2-4.5 (Middle of the Road)","Statistical"
2042-04-01,2042,4,"tavg",27.1754125709429,"SSP2-4.5 (Middle of the Road)","Statistical"
2042-05-01,2042,5,"tavg",29.5371287881002,"SSP2-4.5 (Middle of the Road)","Statistical"
2042-06-01,2042,6,"tavg",28.6396308958888,"SSP2-4.5 (Middle of the Road)","Statistical"
2042-07-01,2042,7,"tavg",27.5620345378041,"SSP2-4.5 (Middle of the Road)","Statistical"
2042-08-01,2042,8,"tavg",26.8755854856576,"SSP2-4.5 (Middle of the Road)","Statistical"
2042-09-01,2042,9,"tavg",25.7181522640189,"SSP2-4.5 (Middle of the Road)","Statistical"
2042-10-01,2042,10,"tavg",25.3304760160038,"SSP2-4.5 (Middle of the Road)","Statistical"
2042-11-01,2042,11,"tavg",22.9835297005766,"SSP2-4.5 (Middle of the Road)","Statistical"
2042-12-01,2042,12,"tavg",23.2463310458709,"SSP2-4.5 (Middle of the Road)","Statistical"
2043-01-01,2043,1,"tavg",23.1018563914508,"SSP2-4.5 (Middle of the Road)","Statistical"
2043-02-01,2043,2,"tavg",24.5380914605,"SSP2-4.5 (Middle of the Road)","Statistical"
2043-03-01,2043,3,"tavg",26.2903348637271,"SSP2-4.5 (Middle of the Road)","Statistical"
2043-04-01,2043,4,"tavg",27.4864055992262,"SSP2-4.5 (Middle of the Road)","Statistical"
2043-05-01,2043,5,"tavg",29.7084871174122,"SSP2-4.5 (Middle of the Road)","Statistical"
2043-06-01,2043,6,"tavg",29.1716659507772,"SSP2-4.5 (Middle of the Road)","Statistical"
2043-07-01,2043,7,"tavg",28.2722189866118,"SSP2-4.5 (Middle of the Road)","Statistical"
2043-08-01,2043,8,"tavg",28.6558006756845,"SSP2-4.5 (Middle of the Road)","Statistical"
2043-09-01,2043,9,"tavg",25.4336892020281,"SSP2-4.5 (Middle of the Road)","Statistical"
2043-10-01,2043,10,"tavg",24.9230846166254,"SSP2-4.5 (Middle of the Road)","Statistical"
2043-11-01,2043,11,"tavg",22.4649033463904,"SSP2-4.5 (Middle of the Road)","Statistical"
2043-12-01,2043,12,"tavg",22.7966554774719,"SSP2-4.5 (Middle of the Road)","Statistical"
2044-01-01,2044,1,"tavg",23.6814872690503,"SSP2-4.5 (Middle of the Road)","Statistical"
2044-02-01,2044,2,"tavg",25.4793944066205,"SSP2-4.5 (Middle of the Road)","Statistical"
2044-03-01,2044,3,"tavg",25.9132430953909,"SSP2-4.5 (Middle of the Road)","Statistical"
2044-04-01,2044,4,"tavg",27.2428607027842,"SSP2-4.5 (Middle of the Road)","Statistical"
2044-05-01,2044,5,"tavg",28.6604532636906,"SSP2-4.5 (Middle of the Road)","Statistical"
2044-06-01,2044,6,"tavg",28.4828445644899,"SSP2-4.5 (Middle of the Road)","Statistical"
2044-07-01,2044,7,"tavg",28.2869431596209,"SSP2-4.5 (Middle of the Road)","Statistical"
2044-08-01,2044,8,"tavg",27.3991435631257,"SSP2-4.5 (Middle of the Road)","Statistical"
2044-09-01,2044,9,"tavg",26.8402094087577,"SSP2-4.5 (Middle of the Road)","Statistical"
2044-10-01,2044,10,"tavg",25.3216355001713,"SSP2-4.5 (Middle of the Road)","Statistical"
2044-11-01,2044,11,"tavg",23.5468749686142,"SSP2-4.5 (Middle of the Road)","Statistical"
2044-12-01,2044,12,"tavg",22.9967022668377,"SSP2-4.5 (Middle of the Road)","Statistical"
2045-01-01,2045,1,"tavg",23.6705436518549,"SSP2-4.5 (Middle of the Road)","Statistical"
2045-02-01,2045,2,"tavg",25.3103446374073,"SSP2-4.5 (Middle of the Road)","Statistical"
2045-03-01,2045,3,"tavg",26.5377330552525,"SSP2-4.5 (Middle of the Road)","Statistical"
2045-04-01,2045,4,"tavg",27.3934253829014,"SSP2-4.5 (Middle of the Road)","Statistical"
2045-05-01,2045,5,"tavg",29.4349173700773,"SSP2-4.5 (Middle of the Road)","Statistical"
2045-06-01,2045,6,"tavg",28.6674221574378,"SSP2-4.5 (Middle of the Road)","Statistical"
2045-07-01,2045,7,"tavg",28.4224723167996,"SSP2-4.5 (Middle of the Road)","Statistical"
2045-08-01,2045,8,"tavg",27.7848863603916,"SSP2-4.5 (Middle of the Road)","Statistical"
2045-09-01,2045,9,"tavg",26.0980343530597,"SSP2-4.5 (Middle of the Road)","Statistical"
2045-10-01,2045,10,"tavg",24.5081148726469,"SSP2-4.5 (Middle of the Road)","Statistical"
2045-11-01,2045,11,"tavg",23.0122833319934,"SSP2-4.5 (Middle of the Road)","Statistical"
2045-12-01,2045,12,"tavg",23.0194050993018,"SSP2-4.5 (Middle of the Road)","Statistical"
2046-01-01,2046,1,"tavg",23.5370992561018,"SSP2-4.5 (Middle of the Road)","Statistical"
2046-02-01,2046,2,"tavg",25.1097320838955,"SSP2-4.5 (Middle of the Road)","Statistical"
2046-03-01,2046,3,"tavg",26.7121678887588,"SSP2-4.5 (Middle of the Road)","Statistical"
2046-04-01,2046,4,"tavg",27.4154865458117,"SSP2-4.5 (Middle of the Road)","Statistical"
2046-05-01,2046,5,"tavg",30.1095762536091,"SSP2-4.5 (Middle of the Road)","Statistical"
2046-06-01,2046,6,"tavg",29.2207060112935,"SSP2-4.5 (Middle of the Road)","Statistical"
2046-07-01,2046,7,"tavg",29.646812698033,"SSP2-4.5 (Middle of the Road)","Statistical"
2046-08-01,2046,8,"tavg",28.3811568368185,"SSP2-4.5 (Middle of the Road)","Statistical"
2046-09-01,2046,9,"tavg",26.1480592168974,"SSP2-4.5 (Middle of the Road)","Statistical"
2046-10-01,2046,10,"tavg",25.2951662322575,"SSP2-4.5 (Middle of the Road)","Statistical"
2046-11-01,2046,11,"tavg",23.4345923053632,"SSP2-4.5 (Middle of the Road)","Statistical"
2046-12-01,2046,12,"tavg",22.6510036451124,"SSP2-4.5 (Middle of the Road)","Statistical"
2047-01-01,2047,1,"tavg",23.409915803529,"SSP2-4.5 (Middle of the Road)","Statistical"
2047-02-01,2047,2,"tavg",26.4196231147087,"SSP2-4.5 (Middle of the Road)","Statistical"
2047-03-01,2047,3,"tavg",26.2347935217114,"SSP2-4.5 (Middle of the Road)","Statistical"
2047-04-01,2047,4,"tavg",27.5305539041243,"SSP2-4.5 (Middle of the Road)","Statistical"
2047-05-01,2047,5,"tavg",28.8702369054947,"SSP2-4.5 (Middle of the Road)","Statistical"
2047-06-01,2047,6,"tavg",29.1145692191868,"SSP2-4.5 (Middle of the Road)","Statistical"
2047-07-01,2047,7,"tavg",29.0871679568893,"SSP2-4.5 (Middle of the Road)","Statistical"
2047-08-01,2047,8,"tavg",27.2061146947368,"SSP2-4.5 (Middle of the Road)","Statistical"
2047-09-01,2047,9,"tavg",24.922417153689,"SSP2-4.5 (Middle of the Road)","Statistical"
2047-10-01,2047,10,"tavg",24.9209833340222,"SSP2-4.5 (Middle of the Road)","Statistical"
2047-11-01,2047,11,"tavg",23.1562714425973,"SSP2-4.5 (Middle of the Road)","Statistical"
2047-12-01,2047,12,"tavg",22.4006536603057,"SSP2-4.5 (Middle of the Road)","Statistical"
2048-01-01,2048,1,"tavg",24.1306639420814,"SSP2-4.5 (Middle of the Road)","Statistical"
2048-02-01,2048,2,"tavg",25.1605462122043,"SSP2-4.5 (Middle of the Road)","Statistical"
2048-03-01,2048,3,"tavg",27.2384673855718,"SSP2-4.5 (Middle of the Road)","Statistical"
2048-04-01,2048,4,"tavg",27.6129090333717,"SSP2-4.5 (Middle of the Road)","Statistical"
2048-05-01,2048,5,"tavg",28.356341267666,"SSP2-4.5 (Middle of the Road)","Statistical"
2048-06-01,2048,6,"tavg",28.5884771503408,"SSP2-4.5 (Middle of the Road)","Statistical"
2048-07-01,2048,7,"tavg",29.0265089194687,"SSP2-4.5 (Middle of the Road)","Statistical"
2048-08-01,2048,8,"tavg",26.4878391089093,"SSP2-4.5 (Middle of the Road)","Statistical"
2048-09-01,2048,9,"tavg",26.3836477728634,"SSP2-4.5 (Middle of the Road)","Statistical"
2048-10-01,2048,10,"tavg",24.4718376407187,"SSP2-4.5 (Middle of the Road)","Statistical"
2048-11-01,2048,11,"tavg",23.848881667308,"SSP2-4.5 (Middle of the Road)","Statistical"
2048-12-01,2048,12,"tavg",23.4706722476178,"SSP2-4.5 (Middle of the Road)","Statistical"
2049-01-01,2049,1,"tavg",22.6091391675183,"SSP2-4.5 (Middle of the Road)","Statistical"
2049-02-01,2049,2,"tavg",25.569908615267,"SSP2-4.5 (Middle of the Road)","Statistical"
2049-03-01,2049,3,"tavg",26.3191501433287,"SSP2-4.5 (Middle of the Road)","Statistical"
2049-04-01,2049,4,"tavg",27.1740751925036,"SSP2-4.5 (Middle of the Road)","Statistical"
2049-05-01,2049,5,"tavg",28.8930644842284,"SSP2-4.5 (Middle of the Road)","Statistical"
2049-06-01,2049,6,"tavg",29.8470305581304,"SSP2-4.5 (Middle of the Road)","Statistical"
2049-07-01,2049,7,"tavg",28.0846216941778,"SSP2-4.5 (Middle of the Road)","Statistical"
2049-08-01,2049,8,"tavg",28.1506305782419,"SSP2-4.5 (Middle of the Road)","Statistical"
2049-09-01,2049,9,"tavg",26.1957039192103,"SSP2-4.5 (Middle of the Road)","Statistical"
2049-10-01,2049,10,"tavg",25.823558779964,"SSP2-4.5 (Middle of the Road)","Statistical"
2049-11-01,2049,11,"tavg",23.1924821095242,"SSP2-4.5 (Middle of the Road)","Statistical"
2049-12-01,2049,12,"tavg",23.3473927505788,"SSP2-4.5 (Middle of the Road)","Statistical"
2050-01-01,2050,1,"tavg",23.7998259085933,"SSP2-4.5 (Middle of the Road)","Statistical"
2050-02-01,2050,2,"tavg",24.3005241972827,"SSP2-4.5 (Middle of the Road)","Statistical"
2050-03-01,2050,3,"tavg",27.0094794539103,"SSP2-4.5 (Middle of the Road)","Statistical"
2050-04-01,2050,4,"tavg",28.6999870555443,"SSP2-4.5 (Middle of the Road)","Statistical"
2050-05-01,2050,5,"tavg",28.7321758624594,"SSP2-4.5 (Middle of the Road)","Statistical"
2050-06-01,2050,6,"tavg",29.3416859542268,"SSP2-4.5 (Middle of the Road)","Statistical"
2050-07-01,2050,7,"tavg",29.787611267494,"SSP2-4.5 (Middle of the Road)","Statistical"
2050-08-01,2050,8,"tavg",28.3561075011938,"SSP2-4.5 (Middle of the Road)","Statistical"
2050-09-01,2050,9,"tavg",26.5450167167543,"SSP2-4.5 (Middle of the Road)","Statistical"
2050-10-01,2050,10,"tavg",25.141992262267,"SSP2-4.5 (Middle of the Road)","Statistical"
2050-11-01,2050,11,"tavg",23.5759022555466,"SSP2-4.5 (Middle of the Road)","Statistical"
2050-12-01,2050,12,"tavg",23.2610728596685,"SSP2-4.5 (Middle of the Road)","Statistical"
2051-01-01,2051,1,"tavg",23.5906570633439,"SSP2-4.5 (Middle of the Road)","Statistical"
2051-02-01,2051,2,"tavg",25.708886393007,"SSP2-4.5 (Middle of the Road)","Statistical"
2051-03-01,2051,3,"tavg",27.7168873907665,"SSP2-4.5 (Middle of the Road)","Statistical"
2051-04-01,2051,4,"tavg",27.441587391923,"SSP2-4.5 (Middle of the Road)","Statistical"
2051-05-01,2051,5,"tavg",28.9166914435952,"SSP2-4.5 (Middle of the Road)","Statistical"
2051-06-01,2051,6,"tavg",30.2460478610952,"SSP2-4.5 (Middle of the Road)","Statistical"
2051-07-01,2051,7,"tavg",30.2127381157285,"SSP2-4.5 (Middle of the Road)","Statistical"
2051-08-01,2051,8,"tavg",28.1147656300112,"SSP2-4.5 (Middle of the Road)","Statistical"
2051-09-01,2051,9,"tavg",24.9641148832501,"SSP2-4.5 (Middle of the Road)","Statistical"
2051-10-01,2051,10,"tavg",25.0495831188686,"SSP2-4.5 (Middle of the Road)","Statistical"
2051-11-01,2051,11,"tavg",24.5329155529579,"SSP2-4.5 (Middle of the Road)","Statistical"
2051-12-01,2051,12,"tavg",23.6714873504962,"SSP2-4.5 (Middle of the Road)","Statistical"
2052-01-01,2052,1,"tavg",24.5465838429664,"SSP2-4.5 (Middle of the Road)","Statistical"
2052-02-01,2052,2,"tavg",25.5586384073317,"SSP2-4.5 (Middle of the Road)","Statistical"
2052-03-01,2052,3,"tavg",25.2449650873671,"SSP2-4.5 (Middle of the Road)","Statistical"
2052-04-01,2052,4,"tavg",28.1673111555396,"SSP2-4.5 (Middle of the Road)","Statistical"
2052-05-01,2052,5,"tavg",28.8591306105898,"SSP2-4.5 (Middle of the Road)","Statistical"
2052-06-01,2052,6,"tavg",29.1703044877968,"SSP2-4.5 (Middle of the Road)","Statistical"
2052-07-01,2052,7,"tavg",28.9495278754761,"SSP2-4.5 (Middle of the Road)","Statistical"
2052-08-01,2052,8,"tavg",27.7747576083497,"SSP2-4.5 (Middle of the Road)","Statistical"
2052-09-01,2052,9,"tavg",26.4637497067193,"SSP2-4.5 (Middle of the Road)","Statistical"
2052-10-01,2052,10,"tavg",25.7584447682664,"SSP2-4.5 (Middle of the Road)","Statistical"
2052-11-01,2052,11,"tavg",23.6687262660159,"SSP2-4.5 (Middle of the Road)","Statistical"
2052-12-01,2052,12,"tavg",23.2544385732588,"SSP2-4.5 (Middle of the Road)","Statistical"
2053-01-01,2053,1,"tavg",24.9534844497652,"SSP2-4.5 (Middle of the Road)","Statistical"
2053-02-01,2053,2,"tavg",25.1677930882281,"SSP2-4.5 (Middle of the Road)","Statistical"
2053-03-01,2053,3,"tavg",25.8843521386335,"SSP2-4.5 (Middle of the Road)","Statistical"
2053-04-01,2053,4,"tavg",27.2876313063,"SSP2-4.5 (Middle of the Road)","Statistical"
2053-05-01,2053,5,"tavg",29.6989257455505,"SSP2-4.5 (Middle of the Road)","Statistical"
2053-06-01,2053,6,"tavg",28.8923094549671,"SSP2-4.5 (Middle of the Road)","Statistical"
2053-07-01,2053,7,"tavg",29.1095031103479,"SSP2-4.5 (Middle of the Road)","Statistical"
2053-08-01,2053,8,"tavg",27.0170948330893,"SSP2-4.5 (Middle of the Road)","Statistical"
2053-09-01,2053,9,"tavg",27.2708491071975,"SSP2-4.5 (Middle of the Road)","Statistical"
2053-10-01,2053,10,"tavg",25.6202375845208,"SSP2-4.5 (Middle of the Road)","Statistical"
2053-11-01,2053,11,"tavg",23.8644030624671,"SSP2-4.5 (Middle of the Road)","Statistical"
2053-12-01,2053,12,"tavg",23.2243338015206,"SSP2-4.5 (Middle of the Road)","Statistical"
2024-01-01,2024,1,"tavg",26.5591180377023,"SSP2-4.5 (Middle of the Road)","ARIMA"
2024-02-01,2024,2,"tavg",27.6136512098293,"SSP2-4.5 (Middle of the Road)","ARIMA"
2024-03-01,2024,3,"tavg",29.2578448941914,"SSP2-4.5 (Middle of the Road)","ARIMA"
2024-04-01,2024,4,"tavg",29.2640417388721,"SSP2-4.5 (Middle of the Road)","ARIMA"
2024-05-01,2024,5,"tavg",28.9692995385505,"SSP2-4.5 (Middle of the Road)","ARIMA"
2024-06-01,2024,6,"tavg",27.7608288904444,"SSP2-4.5 (Middle of the Road)","ARIMA"
2024-07-01,2024,7,"tavg",26.2148752149107,"SSP2-4.5 (Middle of the Road)","ARIMA"
2024-08-01,2024,8,"tavg",25.2142120953958,"SSP2-4.5 (Middle of the Road)","ARIMA"
2024-09-01,2024,9,"tavg",23.6934221304462,"SSP2-4.5 (Middle of the Road)","ARIMA"
2024-10-01,2024,10,"tavg",23.455456628002,"SSP2-4.5 (Middle of the Road)","ARIMA"
2024-11-01,2024,11,"tavg",24.0792374651044,"SSP2-4.5 (Middle of the Road)","ARIMA"
2024-12-01,2024,12,"tavg",24.7364041098176,"SSP2-4.5 (Middle of the Road)","ARIMA"
2025-01-01,2025,1,"tavg",26.6448527631575,"SSP2-4.5 (Middle of the Road)","ARIMA"
2025-02-01,2025,2,"tavg",27.7107330293543,"SSP2-4.5 (Middle of the Road)","ARIMA"
2025-03-01,2025,3,"tavg",29.3552872938856,"SSP2-4.5 (Middle of the Road)","ARIMA"
2025-04-01,2025,4,"tavg",29.3614955968355,"SSP2-4.5 (Middle of the Road)","ARIMA"
2025-05-01,2025,5,"tavg",29.0667537606269,"SSP2-4.5 (Middle of the Road)","ARIMA"
2025-06-01,2025,6,"tavg",27.8582831240914,"SSP2-4.5 (Middle of the Road)","ARIMA"
2025-07-01,2025,7,"tavg",26.3123294489254,"SSP2-4.5 (Middle of the Road)","ARIMA"
2025-08-01,2025,8,"tavg",25.3116663294222,"SSP2-4.5 (Middle of the Road)","ARIMA"
2025-09-01,2025,9,"tavg",23.7908763644729,"SSP2-4.5 (Middle of the Road)","ARIMA"
2025-10-01,2025,10,"tavg",23.5529108620288,"SSP2-4.5 (Middle of the Road)","ARIMA"
2025-11-01,2025,11,"tavg",24.1766916991311,"SSP2-4.5 (Middle of the Road)","ARIMA"
2025-12-01,2025,12,"tavg",24.8338583438443,"SSP2-4.5 (Middle of the Road)","ARIMA"
2026-01-01,2026,1,"tavg",26.7421069971843,"SSP2-4.5 (Middle of the Road)","ARIMA"
2026-02-01,2026,2,"tavg",27.8079872633811,"SSP2-4.5 (Middle of the Road)","ARIMA"
2026-03-01,2026,3,"tavg",29.4525415279124,"SSP2-4.5 (Middle of the Road)","ARIMA"
2026-04-01,2026,4,"tavg",29.4587498308623,"SSP2-4.5 (Middle of the Road)","ARIMA"
2026-05-01,2026,5,"tavg",29.1640079946537,"SSP2-4.5 (Middle of the Road)","ARIMA"
2026-06-01,2026,6,"tavg",27.9555373581182,"SSP2-4.5 (Middle of the Road)","ARIMA"
2026-07-01,2026,7,"tavg",26.4095836829522,"SSP2-4.5 (Middle of the Road)","ARIMA"
2026-08-01,2026,8,"tavg",25.408920563449,"SSP2-4.5 (Middle of the Road)","ARIMA"
2026-09-01,2026,9,"tavg",23.8881305984997,"SSP2-4.5 (Middle of the Road)","ARIMA"
2026-10-01,2026,10,"tavg",23.6501650960555,"SSP2-4.5 (Middle of the Road)","ARIMA"
2026-11-01,2026,11,"tavg",24.2739459331579,"SSP2-4.5 (Middle of the Road)","ARIMA"
2026-12-01,2026,12,"tavg",24.9311125778711,"SSP2-4.5 (Middle of the Road)","ARIMA"
2027-01-01,2027,1,"tavg",26.8391612312111,"SSP2-4.5 (Middle of the Road)","ARIMA"
2027-02-01,2027,2,"tavg",27.9050414974078,"SSP2-4.5 (Middle of the Road)","ARIMA"
2027-03-01,2027,3,"tavg",29.5495957619392,"SSP2-4.5 (Middle of the Road)","ARIMA"
2027-04-01,2027,4,"tavg",29.5558040648891,"SSP2-4.5 (Middle of the Road)","ARIMA"
2027-05-01,2027,5,"tavg",29.2610622286805,"SSP2-4.5 (Middle of the Road)","ARIMA"
2027-06-01,2027,6,"tavg",28.052591592145,"SSP2-4.5 (Middle of the Road)","ARIMA"
2027-07-01,2027,7,"tavg",26.506637916979,"SSP2-4.5 (Middle of the Road)","ARIMA"
2027-08-01,2027,8,"tavg",25.5059747974757,"SSP2-4.5 (Middle of the Road)","ARIMA"
2027-09-01,2027,9,"tavg",23.9851848325264,"SSP2-4.5 (Middle of the Road)","ARIMA"
2027-10-01,2027,10,"tavg",23.7472193300823,"SSP2-4.5 (Middle of the Road)","ARIMA"
2027-11-01,2027,11,"tavg",24.3710001671847,"SSP2-4.5 (Middle of the Road)","ARIMA"
2027-12-01,2027,12,"tavg",25.0281668118979,"SSP2-4.5 (Middle of the Road)","ARIMA"
2028-01-01,2028,1,"tavg",26.9360154652378,"SSP2-4.5 (Middle of the Road)","ARIMA"
2028-02-01,2028,2,"tavg",28.0018957314346,"SSP2-4.5 (Middle of the Road)","ARIMA"
2028-03-01,2028,3,"tavg",29.646449995966,"SSP2-4.5 (Middle of the Road)","ARIMA"
2028-04-01,2028,4,"tavg",29.6526582989158,"SSP2-4.5 (Middle of the Road)","ARIMA"
2028-05-01,2028,5,"tavg",29.3579164627072,"SSP2-4.5 (Middle of the Road)","ARIMA"
2028-06-01,2028,6,"tavg",28.1494458261718,"SSP2-4.5 (Middle of the Road)","ARIMA"
2028-07-01,2028,7,"tavg",26.6034921510057,"SSP2-4.5 (Middle of the Road)","ARIMA"
2028-08-01,2028,8,"tavg",25.6028290315025,"SSP2-4.5 (Middle of the Road)","ARIMA"
2028-09-01,2028,9,"tavg",24.0820390665532,"SSP2-4.5 (Middle of the Road)","ARIMA"
2028-10-01,2028,10,"tavg",23.8440735641091,"SSP2-4.5 (Middle of the Road)","ARIMA"
2028-11-01,2028,11,"tavg",24.4678544012114,"SSP2-4.5 (Middle of the Road)","ARIMA"
2028-12-01,2028,12,"tavg",25.1250210459247,"SSP2-4.5 (Middle of the Road)","ARIMA"
2029-01-01,2029,1,"tavg",27.0326696992646,"SSP2-4.5 (Middle of the Road)","ARIMA"
2029-02-01,2029,2,"tavg",28.0985499654614,"SSP2-4.5 (Middle of the Road)","ARIMA"
2029-03-01,2029,3,"tavg",29.7431042299927,"SSP2-4.5 (Middle of the Road)","ARIMA"
2029-04-01,2029,4,"tavg",29.7493125329426,"SSP2-4.5 (Middle of the Road)","ARIMA"
2029-05-01,2029,5,"tavg",29.454570696734,"SSP2-4.5 (Middle of the Road)","ARIMA"
2029-06-01,2029,6,"tavg",28.2461000601985,"SSP2-4.5 (Middle of the Road)","ARIMA"
2029-07-01,2029,7,"tavg",26.7001463850325,"SSP2-4.5 (Middle of the Road)","ARIMA"
2029-08-01,2029,8,"tavg",25.6994832655293,"SSP2-4.5 (Middle of the Road)","ARIMA"
2029-09-01,2029,9,"tavg",24.17869330058,"SSP2-4.5 (Middle of the Road)","ARIMA"
2029-10-01,2029,10,"tavg",23.9407277981359,"SSP2-4.5 (Middle of the Road)","ARIMA"
2029-11-01,2029,11,"tavg",24.5645086352382,"SSP2-4.5 (Middle of the Road)","ARIMA"
2029-12-01,2029,12,"tavg",25.2216752799514,"SSP2-4.5 (Middle of the Road)","ARIMA"
2030-01-01,2030,1,"tavg",27.1291239332914,"SSP2-4.5 (Middle of the Road)","ARIMA"
2030-02-01,2030,2,"tavg",28.1950041994882,"SSP2-4.5 (Middle of the Road)","ARIMA"
2030-03-01,2030,3,"tavg",29.8395584640195,"SSP2-4.5 (Middle of the Road)","ARIMA"
2030-04-01,2030,4,"tavg",29.8457667669694,"SSP2-4.5 (Middle of the Road)","ARIMA"
2030-05-01,2030,5,"tavg",29.5510249307608,"SSP2-4.5 (Middle of the Road)","ARIMA"
2030-06-01,2030,6,"tavg",28.3425542942253,"SSP2-4.5 (Middle of the Road)","ARIMA"
2030-07-01,2030,7,"tavg",26.7966006190593,"SSP2-4.5 (Middle of the Road)","ARIMA"
2030-08-01,2030,8,"tavg",25.7959374995561,"SSP2-4.5 (Middle of the Road)","ARIMA"
2030-09-01,2030,9,"tavg",24.2751475346068,"SSP2-4.5 (Middle of the Road)","ARIMA"
2030-10-01,2030,10,"tavg",24.0371820321626,"SSP2-4.5 (Middle of the Road)","ARIMA"
2030-11-01,2030,11,"tavg",24.660962869265,"SSP2-4.5 (Middle of the Road)","ARIMA"
2030-12-01,2030,12,"tavg",25.3181295139782,"SSP2-4.5 (Middle of the Road)","ARIMA"
2031-01-01,2031,1,"tavg",27.2253781673182,"SSP2-4.5 (Middle of the Road)","ARIMA"
2031-02-01,2031,2,"tavg",28.2912584335149,"SSP2-4.5 (Middle of the Road)","ARIMA"
2031-03-01,2031,3,"tavg",29.9358126980463,"SSP2-4.5 (Middle of the Road)","ARIMA"
2031-04-01,2031,4,"tavg",29.9420210009962,"SSP2-4.5 (Middle of the Road)","ARIMA"
2031-05-01,2031,5,"tavg",29.6472791647876,"SSP2-4.5 (Middle of the Road)","ARIMA"
2031-06-01,2031,6,"tavg",28.4388085282521,"SSP2-4.5 (Middle of the Road)","ARIMA"
2031-07-01,2031,7,"tavg",26.8928548530861,"SSP2-4.5 (Middle of the Road)","ARIMA"
2031-08-01,2031,8,"tavg",25.8921917335829,"SSP2-4.5 (Middle of the Road)","ARIMA"
2031-09-01,2031,9,"tavg",24.3714017686336,"SSP2-4.5 (Middle of the Road)","ARIMA"
2031-10-01,2031,10,"tavg",24.1334362661894,"SSP2-4.5 (Middle of the Road)","ARIMA"
2031-11-01,2031,11,"tavg",24.7572171032918,"SSP2-4.5 (Middle of the Road)","ARIMA"
2031-12-01,2031,12,"tavg",25.414383748005,"SSP2-4.5 (Middle of the Road)","ARIMA"
2032-01-01,2032,1,"tavg",27.3214324013449,"SSP2-4.5 (Middle of the Road)","ARIMA"
2032-02-01,2032,2,"tavg",28.3873126675417,"SSP2-4.5 (Middle of the Road)","ARIMA"
2032-03-01,2032,3,"tavg",30.0318669320731,"SSP2-4.5 (Middle of the Road)","ARIMA"
2032-04-01,2032,4,"tavg",30.0380752350229,"SSP2-4.5 (Middle of the Road)","ARIMA"
2032-05-01,2032,5,"tavg",29.7433333988144,"SSP2-4.5 (Middle of the Road)","ARIMA"
2032-06-01,2032,6,"tavg",28.5348627622789,"SSP2-4.5 (Middle of the Road)","ARIMA"
2032-07-01,2032,7,"tavg",26.9889090871128,"SSP2-4.5 (Middle of the Road)","ARIMA"
2032-08-01,2032,8,"tavg",25.9882459676096,"SSP2-4.5 (Middle of the Road)","ARIMA"
2032-09-01,2032,9,"tavg",24.4674560026603,"SSP2-4.5 (Middle of the Road)","ARIMA"
2032-10-01,2032,10,"tavg",24.2294905002162,"SSP2-4.5 (Middle of the Road)","ARIMA"
2032-11-01,2032,11,"tavg",24.8532713373185,"SSP2-4.5 (Middle of the Road)","ARIMA"
2032-12-01,2032,12,"tavg",25.5104379820318,"SSP2-4.5 (Middle of the Road)","ARIMA"
2033-01-01,2033,1,"tavg",27.4172866353717,"SSP2-4.5 (Middle of the Road)","ARIMA"
2033-02-01,2033,2,"tavg",28.4831669015685,"SSP2-4.5 (Middle of the Road)","ARIMA"
2033-03-01,2033,3,"tavg",30.1277211660998,"SSP2-4.5 (Middle of the Road)","ARIMA"
2033-04-01,2033,4,"tavg",30.1339294690497,"SSP2-4.5 (Middle of the Road)","ARIMA"
2033-05-01,2033,5,"tavg",29.8391876328411,"SSP2-4.5 (Middle of the Road)","ARIMA"
2033-06-01,2033,6,"tavg",28.6307169963057,"SSP2-4.5 (Middle of the Road)","ARIMA"
2033-07-01,2033,7,"tavg",27.0847633211396,"SSP2-4.5 (Middle of the Road)","ARIMA"
2033-08-01,2033,8,"tavg",26.0841002016364,"SSP2-4.5 (Middle of the Road)","ARIMA"
2033-09-01,2033,9,"tavg",24.5633102366871,"SSP2-4.5 (Middle of the Road)","ARIMA"
2033-10-01,2033,10,"tavg",24.325344734243,"SSP2-4.5 (Middle of the Road)","ARIMA"
2033-11-01,2033,11,"tavg",24.9491255713453,"SSP2-4.5 (Middle of the Road)","ARIMA"
2033-12-01,2033,12,"tavg",25.6062922160586,"SSP2-4.5 (Middle of the Road)","ARIMA"
2034-01-01,2034,1,"tavg",27.5129408693985,"SSP2-4.5 (Middle of the Road)","ARIMA"
2034-02-01,2034,2,"tavg",28.5788211355953,"SSP2-4.5 (Middle of the Road)","ARIMA"
2034-03-01,2034,3,"tavg",30.2233754001266,"SSP2-4.5 (Middle of the Road)","ARIMA"
2034-04-01,2034,4,"tavg",30.2295837030765,"SSP2-4.5 (Middle of the Road)","ARIMA"
2034-05-01,2034,5,"tavg",29.9348418668679,"SSP2-4.5 (Middle of the Road)","ARIMA"
2034-06-01,2034,6,"tavg",28.7263712303324,"SSP2-4.5 (Middle of the Road)","ARIMA"
2034-07-01,2034,7,"tavg",27.1804175551664,"SSP2-4.5 (Middle of the Road)","ARIMA"
2034-08-01,2034,8,"tavg",26.1797544356632,"SSP2-4.5 (Middle of the Road)","ARIMA"
2034-09-01,2034,9,"tavg",24.6589644707139,"SSP2-4.5 (Middle of the Road)","ARIMA"
2034-10-01,2034,10,"tavg",24.4209989682698,"SSP2-4.5 (Middle of the Road)","ARIMA"
2034-11-01,2034,11,"tavg",25.0447798053721,"SSP2-4.5 (Middle of the Road)","ARIMA"
2034-12-01,2034,12,"tavg",25.7019464500854,"SSP2-4.5 (Middle of the Road)","ARIMA"
2035-01-01,2035,1,"tavg",27.6083951034253,"SSP2-4.5 (Middle of the Road)","ARIMA"
2035-02-01,2035,2,"tavg",28.6742753696221,"SSP2-4.5 (Middle of the Road)","ARIMA"
2035-03-01,2035,3,"tavg",30.3188296341534,"SSP2-4.5 (Middle of the Road)","ARIMA"
2035-04-01,2035,4,"tavg",30.3250379371033,"SSP2-4.5 (Middle of the Road)","ARIMA"
2035-05-01,2035,5,"tavg",30.0302961008947,"SSP2-4.5 (Middle of the Road)","ARIMA"
2035-06-01,2035,6,"tavg",28.8218254643592,"SSP2-4.5 (Middle of the Road)","ARIMA"
2035-07-01,2035,7,"tavg",27.2758717891932,"SSP2-4.5 (Middle of the Road)","ARIMA"
2035-08-01,2035,8,"tavg",26.27520866969,"SSP2-4.5 (Middle of the Road)","ARIMA"
2035-09-01,2035,9,"tavg",24.7544187047407,"SSP2-4.5 (Middle of the Road)","ARIMA"
2035-10-01,2035,10,"tavg",24.5164532022965,"SSP2-4.5 (Middle of the Road)","ARIMA"
2035-11-01,2035,11,"tavg",25.1402340393989,"SSP2-4.5 (Middle of the Road)","ARIMA"
2035-12-01,2035,12,"tavg",25.7974006841121,"SSP2-4.5 (Middle of the Road)","ARIMA"
2036-01-01,2036,1,"tavg",27.7036493374521,"SSP2-4.5 (Middle of the Road)","ARIMA"
2036-02-01,2036,2,"tavg",28.7695296036488,"SSP2-4.5 (Middle of the Road)","ARIMA"
2036-03-01,2036,3,"tavg",30.4140838681802,"SSP2-4.5 (Middle of the Road)","ARIMA"
2036-04-01,2036,4,"tavg",30.4202921711301,"SSP2-4.5 (Middle of the Road)","ARIMA"
2036-05-01,2036,5,"tavg",30.1255503349215,"SSP2-4.5 (Middle of the Road)","ARIMA"
2036-06-01,2036,6,"tavg",28.917079698386,"SSP2-4.5 (Middle of the Road)","ARIMA"
2036-07-01,2036,7,"tavg",27.37112602322,"SSP2-4.5 (Middle of the Road)","ARIMA"
2036-08-01,2036,8,"tavg",26.3704629037168,"SSP2-4.5 (Middle of the Road)","ARIMA"
2036-09-01,2036,9,"tavg",24.8496729387675,"SSP2-4.5 (Middle of the Road)","ARIMA"
2036-10-01,2036,10,"tavg",24.6117074363233,"SSP2-4.5 (Middle of the Road)","ARIMA"
2036-11-01,2036,11,"tavg",25.2354882734257,"SSP2-4.5 (Middle of the Road)","ARIMA"
2036-12-01,2036,12,"tavg",25.8926549181389,"SSP2-4.5 (Middle of the Road)","ARIMA"
2037-01-01,2037,1,"tavg",27.7987035714789,"SSP2-4.5 (Middle of the Road)","ARIMA"
2037-02-01,2037,2,"tavg",28.8645838376756,"SSP2-4.5 (Middle of the Road)","ARIMA"
2037-03-01,2037,3,"tavg",30.509138102207,"SSP2-4.5 (Middle of the Road)","ARIMA"
2037-04-01,2037,4,"tavg",30.5153464051569,"SSP2-4.5 (Middle of the Road)","ARIMA"
2037-05-01,2037,5,"tavg",30.2206045689483,"SSP2-4.5 (Middle of the Road)","ARIMA"
2037-06-01,2037,6,"tavg",29.0121339324128,"SSP2-4.5 (Middle of the Road)","ARIMA"
2037-07-01,2037,7,"tavg",27.4661802572468,"SSP2-4.5 (Middle of the Road)","ARIMA"
2037-08-01,2037,8,"tavg",26.4655171377436,"SSP2-4.5 (Middle of the Road)","ARIMA"
2037-09-01,2037,9,"tavg",24.9447271727943,"SSP2-4.5 (Middle of the Road)","ARIMA"
2037-10-01,2037,10,"tavg",24.7067616703501,"SSP2-4.5 (Middle of the Road)","ARIMA"
2037-11-01,2037,11,"tavg",25.3305425074525,"SSP2-4.5 (Middle of the Road)","ARIMA"
2037-12-01,2037,12,"tavg",25.9877091521657,"SSP2-4.5 (Middle of the Road)","ARIMA"
2038-01-01,2038,1,"tavg",27.8935578055056,"SSP2-4.5 (Middle of the Road)","ARIMA"
2038-02-01,2038,2,"tavg",28.9594380717024,"SSP2-4.5 (Middle of the Road)","ARIMA"
2038-03-01,2038,3,"tavg",30.6039923362338,"SSP2-4.5 (Middle of the Road)","ARIMA"
2038-04-01,2038,4,"tavg",30.6102006391836,"SSP2-4.5 (Middle of the Road)","ARIMA"
2038-05-01,2038,5,"tavg",30.3154588029751,"SSP2-4.5 (Middle of the Road)","ARIMA"
2038-06-01,2038,6,"tavg",29.1069881664396,"SSP2-4.5 (Middle of the Road)","ARIMA"
2038-07-01,2038,7,"tavg",27.5610344912735,"SSP2-4.5 (Middle of the Road)","ARIMA"
2038-08-01,2038,8,"tavg",26.5603713717703,"SSP2-4.5 (Middle of the Road)","ARIMA"
2038-09-01,2038,9,"tavg",25.039581406821,"SSP2-4.5 (Middle of the Road)","ARIMA"
2038-10-01,2038,10,"tavg",24.8016159043769,"SSP2-4.5 (Middle of the Road)","ARIMA"
2038-11-01,2038,11,"tavg",25.4253967414792,"SSP2-4.5 (Middle of the Road)","ARIMA"
2038-12-01,2038,12,"tavg",26.0825633861925,"SSP2-4.5 (Middle of the Road)","ARIMA"
2039-01-01,2039,1,"tavg",27.9882120395324,"SSP2-4.5 (Middle of the Road)","ARIMA"
2039-02-01,2039,2,"tavg",29.0540923057292,"SSP2-4.5 (Middle of the Road)","ARIMA"
2039-03-01,2039,3,"tavg",30.6986465702605,"SSP2-4.5 (Middle of the Road)","ARIMA"
2039-04-01,2039,4,"tavg",30.7048548732104,"SSP2-4.5 (Middle of the Road)","ARIMA"
2039-05-01,2039,5,"tavg",30.4101130370018,"SSP2-4.5 (Middle of the Road)","ARIMA"
2039-06-01,2039,6,"tavg",29.2016424004664,"SSP2-4.5 (Middle of the Road)","ARIMA"
2039-07-01,2039,7,"tavg",27.6556887253003,"SSP2-4.5 (Middle of the Road)","ARIMA"
2039-08-01,2039,8,"tavg",26.6550256057971,"SSP2-4.5 (Middle of the Road)","ARIMA"
2039-09-01,2039,9,"tavg",25.1342356408478,"SSP2-4.5 (Middle of the Road)","ARIMA"
2039-10-01,2039,10,"tavg",24.8962701384037,"SSP2-4.5 (Middle of the Road)","ARIMA"
2039-11-01,2039,11,"tavg",25.520050975506,"SSP2-4.5 (Middle of the Road)","ARIMA"
2039-12-01,2039,12,"tavg",26.1772176202193,"SSP2-4.5 (Middle of the Road)","ARIMA"
2040-01-01,2040,1,"tavg",28.0826662735592,"SSP2-4.5 (Middle of the Road)","ARIMA"
2040-02-01,2040,2,"tavg",29.148546539756,"SSP2-4.5 (Middle of the Road)","ARIMA"
2040-03-01,2040,3,"tavg",30.7931008042873,"SSP2-4.5 (Middle of the Road)","ARIMA"
2040-04-01,2040,4,"tavg",30.7993091072372,"SSP2-4.5 (Middle of the Road)","ARIMA"
2040-05-01,2040,5,"tavg",30.5045672710287,"SSP2-4.5 (Middle of the Road)","ARIMA"
2040-06-01,2040,6,"tavg",29.2960966344932,"SSP2-4.5 (Middle of the Road)","ARIMA"
2040-07-01,2040,7,"tavg",27.7501429593271,"SSP2-4.5 (Middle of the Road)","ARIMA"
2040-08-01,2040,8,"tavg",26.7494798398239,"SSP2-4.5 (Middle of the Road)","ARIMA"
2040-09-01,2040,9,"tavg",25.2286898748746,"SSP2-4.5 (Middle of the Road)","ARIMA"
2040-10-01,2040,10,"tavg",24.9907243724305,"SSP2-4.5 (Middle of the Road)","ARIMA"
2040-11-01,2040,11,"tavg",25.6145052095328,"SSP2-4.5 (Middle of the Road)","ARIMA"
2040-12-01,2040,12,"tavg",26.2716718542461,"SSP2-4.5 (Middle of the Road)","ARIMA"
2041-01-01,2041,1,"tavg",28.176920507586,"SSP2-4.5 (Middle of the Road)","ARIMA"
2041-02-01,2041,2,"tavg",29.2428007737828,"SSP2-4.5 (Middle of the Road)","ARIMA"
2041-03-01,2041,3,"tavg",30.8873550383141,"SSP2-4.5 (Middle of the Road)","ARIMA"
2041-04-01,2041,4,"tavg",30.893563341264,"SSP2-4.5 (Middle of the Road)","ARIMA"
2041-05-01,2041,5,"tavg",30.5988215050555,"SSP2-4.5 (Middle of the Road)","ARIMA"
2041-06-01,2041,6,"tavg",29.39035086852,"SSP2-4.5 (Middle of the Road)","ARIMA"
2041-07-01,2041,7,"tavg",27.8443971933539,"SSP2-4.5 (Middle of the Road)","ARIMA"
2041-08-01,2041,8,"tavg",26.8437340738507,"SSP2-4.5 (Middle of the Road)","ARIMA"
2041-09-01,2041,9,"tavg",25.3229441089014,"SSP2-4.5 (Middle of the Road)","ARIMA"
2041-10-01,2041,10,"tavg",25.0849786064573,"SSP2-4.5 (Middle of the Road)","ARIMA"
2041-11-01,2041,11,"tavg",25.7087594435597,"SSP2-4.5 (Middle of the Road)","ARIMA"
2041-12-01,2041,12,"tavg",26.3659260882729,"SSP2-4.5 (Middle of the Road)","ARIMA"
2042-01-01,2042,1,"tavg",28.2709747416128,"SSP2-4.5 (Middle of the Road)","ARIMA"
2042-02-01,2042,2,"tavg",29.3368550078096,"SSP2-4.5 (Middle of the Road)","ARIMA"
2042-03-01,2042,3,"tavg",30.981409272341,"SSP2-4.5 (Middle of the Road)","ARIMA"
2042-04-01,2042,4,"tavg",30.9876175752909,"SSP2-4.5 (Middle of the Road)","ARIMA"
2042-05-01,2042,5,"tavg",30.6928757390823,"SSP2-4.5 (Middle of the Road)","ARIMA"
2042-06-01,2042,6,"tavg",29.4844051025468,"SSP2-4.5 (Middle of the Road)","ARIMA"
2042-07-01,2042,7,"tavg",27.9384514273808,"SSP2-4.5 (Middle of the Road)","ARIMA"
2042-08-01,2042,8,"tavg",26.9377883078775,"SSP2-4.5 (Middle of the Road)","ARIMA"
2042-09-01,2042,9,"tavg",25.4169983429283,"SSP2-4.5 (Middle of the Road)","ARIMA"
2042-10-01,2042,10,"tavg",25.1790328404841,"SSP2-4.5 (Middle of the Road)","ARIMA"
2042-11-01,2042,11,"tavg",25.8028136775865,"SSP2-4.5 (Middle of the Road)","ARIMA"
2042-12-01,2042,12,"tavg",26.4599803222997,"SSP2-4.5 (Middle of the Road)","ARIMA"
2043-01-01,2043,1,"tavg",28.3648289756397,"SSP2-4.5 (Middle of the Road)","ARIMA"
2043-02-01,2043,2,"tavg",29.4307092418364,"SSP2-4.5 (Middle of the Road)","ARIMA"
2043-03-01,2043,3,"tavg",31.0752635063678,"SSP2-4.5 (Middle of the Road)","ARIMA"
2043-04-01,2043,4,"tavg",31.0814718093177,"SSP2-4.5 (Middle of the Road)","ARIMA"
2043-05-01,2043,5,"tavg",30.7867299731091,"SSP2-4.5 (Middle of the Road)","ARIMA"
2043-06-01,2043,6,"tavg",29.5782593365736,"SSP2-4.5 (Middle of the Road)","ARIMA"
2043-07-01,2043,7,"tavg",28.0323056614076,"SSP2-4.5 (Middle of the Road)","ARIMA"
2043-08-01,2043,8,"tavg",27.0316425419043,"SSP2-4.5 (Middle of the Road)","ARIMA"
2043-09-01,2043,9,"tavg",25.5108525769551,"SSP2-4.5 (Middle of the Road)","ARIMA"
2043-10-01,2043,10,"tavg",25.2728870745109,"SSP2-4.5 (Middle of the Road)","ARIMA"
2043-11-01,2043,11,"tavg",25.8966679116133,"SSP2-4.5 (Middle of the Road)","ARIMA"
2043-12-01,2043,12,"tavg",26.5538345563265,"SSP2-4.5 (Middle of the Road)","ARIMA"
2044-01-01,2044,1,"tavg",28.4584832096665,"SSP2-4.5 (Middle of the Road)","ARIMA"
2044-02-01,2044,2,"tavg",29.5243634758632,"SSP2-4.5 (Middle of the Road)","ARIMA"
2044-03-01,2044,3,"tavg",31.1689177403946,"SSP2-4.5 (Middle of the Road)","ARIMA"
2044-04-01,2044,4,"tavg",31.1751260433445,"SSP2-4.5 (Middle of the Road)","ARIMA"
2044-05-01,2044,5,"tavg",30.8803842071359,"SSP2-4.5 (Middle of the Road)","ARIMA"
2044-06-01,2044,6,"tavg",29.6719135706004,"SSP2-4.5 (Middle of the Road)","ARIMA"
2044-07-01,2044,7,"tavg",28.1259598954344,"SSP2-4.5 (Middle of the Road)","ARIMA"
2044-08-01,2044,8,"tavg",27.1252967759312,"SSP2-4.5 (Middle of the Road)","ARIMA"
2044-09-01,2044,9,"tavg",25.6045068109819,"SSP2-4.5 (Middle of the Road)","ARIMA"
2044-10-01,2044,10,"tavg",25.3665413085377,"SSP2-4.5 (Middle of the Road)","ARIMA"
2044-11-01,2044,11,"tavg",25.9903221456401,"SSP2-4.5 (Middle of the Road)","ARIMA"
2044-12-01,2044,12,"tavg",26.6474887903533,"SSP2-4.5 (Middle of the Road)","ARIMA"
2045-01-01,2045,1,"tavg",28.5519374436932,"SSP2-4.5 (Middle of the Road)","ARIMA"
2045-02-01,2045,2,"tavg",29.61781770989,"SSP2-4.5 (Middle of the Road)","ARIMA"
2045-03-01,2045,3,"tavg",31.2623719744214,"SSP2-4.5 (Middle of the Road)","ARIMA"
2045-04-01,2045,4,"tavg",31.2685802773713,"SSP2-4.5 (Middle of the Road)","ARIMA"
2045-05-01,2045,5,"tavg",30.9738384411627,"SSP2-4.5 (Middle of the Road)","ARIMA"
2045-06-01,2045,6,"tavg",29.7653678046272,"SSP2-4.5 (Middle of the Road)","ARIMA"
2045-07-01,2045,7,"tavg",28.2194141294612,"SSP2-4.5 (Middle of the Road)","ARIMA"
2045-08-01,2045,8,"tavg",27.218751009958,"SSP2-4.5 (Middle of the Road)","ARIMA"
2045-09-01,2045,9,"tavg",25.6979610450087,"SSP2-4.5 (Middle of the Road)","ARIMA"
2045-10-01,2045,10,"tavg",25.4599955425645,"SSP2-4.5 (Middle of the Road)","ARIMA"
2045-11-01,2045,11,"tavg",26.0837763796669,"SSP2-4.5 (Middle of the Road)","ARIMA"
2045-12-01,2045,12,"tavg",26.7409430243801,"SSP2-4.5 (Middle of the Road)","ARIMA"
2046-01-01,2046,1,"tavg",28.6451916777201,"SSP2-4.5 (Middle of the Road)","ARIMA"
2046-02-01,2046,2,"tavg",29.7110719439168,"SSP2-4.5 (Middle of the Road)","ARIMA"
2046-03-01,2046,3,"tavg",31.3556262084482,"SSP2-4.5 (Middle of the Road)","ARIMA"
2046-04-01,2046,4,"tavg",31.3618345113981,"SSP2-4.5 (Middle of the Road)","ARIMA"
2046-05-01,2046,5,"tavg",31.0670926751895,"SSP2-4.5 (Middle of the Road)","ARIMA"
2046-06-01,2046,6,"tavg",29.858622038654,"SSP2-4.5 (Middle of the Road)","ARIMA"
2046-07-01,2046,7,"tavg",28.312668363488,"SSP2-4.5 (Middle of the Road)","ARIMA"
2046-08-01,2046,8,"tavg",27.3120052439848,"SSP2-4.5 (Middle of the Road)","ARIMA"
2046-09-01,2046,9,"tavg",25.7912152790355,"SSP2-4.5 (Middle of the Road)","ARIMA"
2046-10-01,2046,10,"tavg",25.5532497765913,"SSP2-4.5 (Middle of the Road)","ARIMA"
2046-11-01,2046,11,"tavg",26.1770306136937,"SSP2-4.5 (Middle of the Road)","ARIMA"
2046-12-01,2046,12,"tavg",26.8341972584069,"SSP2-4.5 (Middle of the Road)","ARIMA"
2047-01-01,2047,1,"tavg",28.7382459117469,"SSP2-4.5 (Middle of the Road)","ARIMA"
2047-02-01,2047,2,"tavg",29.8041261779436,"SSP2-4.5 (Middle of the Road)","ARIMA"
2047-03-01,2047,3,"tavg",31.448680442475,"SSP2-4.5 (Middle of the Road)","ARIMA"
2047-04-01,2047,4,"tavg",31.4548887454249,"SSP2-4.5 (Middle of the Road)","ARIMA"
2047-05-01,2047,5,"tavg",31.1601469092163,"SSP2-4.5 (Middle of the Road)","ARIMA"
2047-06-01,2047,6,"tavg",29.9516762726808,"SSP2-4.5 (Middle of the Road)","ARIMA"
2047-07-01,2047,7,"tavg",28.4057225975148,"SSP2-4.5 (Middle of the Road)","ARIMA"
2047-08-01,2047,8,"tavg",27.4050594780116,"SSP2-4.5 (Middle of the Road)","ARIMA"
2047-09-01,2047,9,"tavg",25.8842695130623,"SSP2-4.5 (Middle of the Road)","ARIMA"
2047-10-01,2047,10,"tavg",25.6463040106181,"SSP2-4.5 (Middle of the Road)","ARIMA"
2047-11-01,2047,11,"tavg",26.2700848477205,"SSP2-4.5 (Middle of the Road)","ARIMA"
2047-12-01,2047,12,"tavg",26.9272514924337,"SSP2-4.5 (Middle of the Road)","ARIMA"
2048-01-01,2048,1,"tavg",28.8311001457737,"SSP2-4.5 (Middle of the Road)","ARIMA"
2048-02-01,2048,2,"tavg",29.8969804119705,"SSP2-4.5 (Middle of the Road)","ARIMA"
2048-03-01,2048,3,"tavg",31.5415346765018,"SSP2-4.5 (Middle of the Road)","ARIMA"
2048-04-01,2048,4,"tavg",31.5477429794517,"SSP2-4.5 (Middle of the Road)","ARIMA"
2048-05-01,2048,5,"tavg",31.2530011432431,"SSP2-4.5 (Middle of the Road)","ARIMA"
2048-06-01,2048,6,"tavg",30.0445305067076,"SSP2-4.5 (Middle of the Road)","ARIMA"
2048-07-01,2048,7,"tavg",28.4985768315416,"SSP2-4.5 (Middle of the Road)","ARIMA"
2048-08-01,2048,8,"tavg",27.4979137120384,"SSP2-4.5 (Middle of the Road)","ARIMA"
2048-09-01,2048,9,"tavg",25.9771237470891,"SSP2-4.5 (Middle of the Road)","ARIMA"
2048-10-01,2048,10,"tavg",25.739158244645,"SSP2-4.5 (Middle of the Road)","ARIMA"
2048-11-01,2048,11,"tavg",26.3629390817473,"SSP2-4.5 (Middle of the Road)","ARIMA"
2048-12-01,2048,12,"tavg",27.0201057264606,"SSP2-4.5 (Middle of the Road)","ARIMA"
2049-01-01,2049,1,"tavg",28.9237543798005,"SSP2-4.5 (Middle of the Road)","ARIMA"
2049-02-01,2049,2,"tavg",29.9896346459973,"SSP2-4.5 (Middle of the Road)","ARIMA"
2049-03-01,2049,3,"tavg",31.6341889105286,"SSP2-4.5 (Middle of the Road)","ARIMA"
2049-04-01,2049,4,"tavg",31.6403972134785,"SSP2-4.5 (Middle of the Road)","ARIMA"
2049-05-01,2049,5,"tavg",31.3456553772699,"SSP2-4.5 (Middle of the Road)","ARIMA"
2049-06-01,2049,6,"tavg",30.1371847407345,"SSP2-4.5 (Middle of the Road)","ARIMA"
2049-07-01,2049,7,"tavg",28.5912310655684,"SSP2-4.5 (Middle of the Road)","ARIMA"
2049-08-01,2049,8,"tavg",27.5905679460652,"SSP2-4.5 (Middle of the Road)","ARIMA"
2049-09-01,2049,9,"tavg",26.0697779811159,"SSP2-4.5 (Middle of the Road)","ARIMA"
2049-10-01,2049,10,"tavg",25.8318124786718,"SSP2-4.5 (Middle of the Road)","ARIMA"
2049-11-01,2049,11,"tavg",26.4555933157741,"SSP2-4.5 (Middle of the Road)","ARIMA"
2049-12-01,2049,12,"tavg",27.1127599604874,"SSP2-4.5 (Middle of the Road)","ARIMA"
2050-01-01,2050,1,"tavg",29.0162086138273,"SSP2-4.5 (Middle of the Road)","ARIMA"
2050-02-01,2050,2,"tavg",30.0820888800241,"SSP2-4.5 (Middle of the Road)","ARIMA"
2050-03-01,2050,3,"tavg",31.7266431445554,"SSP2-4.5 (Middle of the Road)","ARIMA"
2050-04-01,2050,4,"tavg",31.7328514475053,"SSP2-4.5 (Middle of the Road)","ARIMA"
2050-05-01,2050,5,"tavg",31.4381096112967,"SSP2-4.5 (Middle of the Road)","ARIMA"
2050-06-01,2050,6,"tavg",30.2296389747613,"SSP2-4.5 (Middle of the Road)","ARIMA"
2050-07-01,2050,7,"tavg",28.6836852995952,"SSP2-4.5 (Middle of the Road)","ARIMA"
2050-08-01,2050,8,"tavg",27.683022180092,"SSP2-4.5 (Middle of the Road)","ARIMA"
2050-09-01,2050,9,"tavg",26.1622322151427,"SSP2-4.5 (Middle of the Road)","ARIMA"
2050-10-01,2050,10,"tavg",25.9242667126986,"SSP2-4.5 (Middle of the Road)","ARIMA"
2050-11-01,2050,11,"tavg",26.5480475498009,"SSP2-4.5 (Middle of the Road)","ARIMA"
2050-12-01,2050,12,"tavg",27.2052141945142,"SSP2-4.5 (Middle of the Road)","ARIMA"
2051-01-01,2051,1,"tavg",29.1084628478541,"SSP2-4.5 (Middle of the Road)","ARIMA"
2051-02-01,2051,2,"tavg",30.1743431140509,"SSP2-4.5 (Middle of the Road)","ARIMA"
2051-03-01,2051,3,"tavg",31.8188973785822,"SSP2-4.5 (Middle of the Road)","ARIMA"
2051-04-01,2051,4,"tavg",31.8251056815321,"SSP2-4.5 (Middle of the Road)","ARIMA"
2051-05-01,2051,5,"tavg",31.5303638453235,"SSP2-4.5 (Middle of the Road)","ARIMA"
2051-06-01,2051,6,"tavg",30.3218932087881,"SSP2-4.5 (Middle of the Road)","ARIMA"
2051-07-01,2051,7,"tavg",28.775939533622,"SSP2-4.5 (Middle of the Road)","ARIMA"
2051-08-01,2051,8,"tavg",27.7752764141188,"SSP2-4.5 (Middle of the Road)","ARIMA"
2051-09-01,2051,9,"tavg",26.2544864491695,"SSP2-4.5 (Middle of the Road)","ARIMA"
2051-10-01,2051,10,"tavg",26.0165209467254,"SSP2-4.5 (Middle of the Road)","ARIMA"
2051-11-01,2051,11,"tavg",26.6403017838277,"SSP2-4.5 (Middle of the Road)","ARIMA"
2051-12-01,2051,12,"tavg",27.297468428541,"SSP2-4.5 (Middle of the Road)","ARIMA"
2052-01-01,2052,1,"tavg",29.2005170818809,"SSP2-4.5 (Middle of the Road)","ARIMA"
2052-02-01,2052,2,"tavg",30.2663973480777,"SSP2-4.5 (Middle of the Road)","ARIMA"
2052-03-01,2052,3,"tavg",31.9109516126091,"SSP2-4.5 (Middle of the Road)","ARIMA"
2052-04-01,2052,4,"tavg",31.917159915559,"SSP2-4.5 (Middle of the Road)","ARIMA"
2052-05-01,2052,5,"tavg",31.6224180793504,"SSP2-4.5 (Middle of the Road)","ARIMA"
2052-06-01,2052,6,"tavg",30.4139474428149,"SSP2-4.5 (Middle of the Road)","ARIMA"
2052-07-01,2052,7,"tavg",28.8679937676489,"SSP2-4.5 (Middle of the Road)","ARIMA"
2052-08-01,2052,8,"tavg",27.8673306481456,"SSP2-4.5 (Middle of the Road)","ARIMA"
2052-09-01,2052,9,"tavg",26.3465406831964,"SSP2-4.5 (Middle of the Road)","ARIMA"
2052-10-01,2052,10,"tavg",26.1085751807522,"SSP2-4.5 (Middle of the Road)","ARIMA"
2052-11-01,2052,11,"tavg",26.7323560178546,"SSP2-4.5 (Middle of the Road)","ARIMA"
2052-12-01,2052,12,"tavg",27.3895226625678,"SSP2-4.5 (Middle of the Road)","ARIMA"
2053-01-01,2053,1,"tavg",29.2923713159078,"SSP2-4.5 (Middle of the Road)","ARIMA"
2053-02-01,2053,2,"tavg",30.3582515821045,"SSP2-4.5 (Middle of the Road)","ARIMA"
2053-03-01,2053,3,"tavg",32.0028058466359,"SSP2-4.5 (Middle of the Road)","ARIMA"
2053-04-01,2053,4,"tavg",32.0090141495858,"SSP2-4.5 (Middle of the Road)","ARIMA"
2053-05-01,2053,5,"tavg",31.7142723133772,"SSP2-4.5 (Middle of the Road)","ARIMA"
2053-06-01,2053,6,"tavg",30.5058016768417,"SSP2-4.5 (Middle of the Road)","ARIMA"
2053-07-01,2053,7,"tavg",28.9598480016757,"SSP2-4.5 (Middle of the Road)","ARIMA"
2053-08-01,2053,8,"tavg",27.9591848821725,"SSP2-4.5 (Middle of the Road)","ARIMA"
2053-09-01,2053,9,"tavg",26.4383949172232,"SSP2-4.5 (Middle of the Road)","ARIMA"
2053-10-01,2053,10,"tavg",26.200429414779,"SSP2-4.5 (Middle of the Road)","ARIMA"
2053-11-01,2053,11,"tavg",26.8242102518814,"SSP2-4.5 (Middle of the Road)","ARIMA"
2053-12-01,2053,12,"tavg",27.4813768965947,"SSP2-4.5 (Middle of the Road)","ARIMA"
2024-01-01,2024,1,"tavg",23.0343995031787,"SSP2-4.5 (Middle of the Road)","ML-Enhanced"
2024-02-01,2024,2,"tavg",24.7044264578381,"SSP2-4.5 (Middle of the Road)","ML-Enhanced"
2024-03-01,2024,3,"tavg",26.3368985510389,"SSP2-4.5 (Middle of the Road)","ML-Enhanced"
2024-04-01,2024,4,"tavg",26.8817431722374,"SSP2-4.5 (Middle of the Road)","ML-Enhanced"
2024-05-01,2024,5,"tavg",28.5853508901733,"SSP2-4.5 (Middle of the Road)","ML-Enhanced"
2024-06-01,2024,6,"tavg",28.8837683919249,"SSP2-4.5 (Middle of the Road)","ML-Enhanced"
2024-07-01,2024,7,"tavg",28.6902575075507,"SSP2-4.5 (Middle of the Road)","ML-Enhanced"
2024-08-01,2024,8,"tavg",27.1455119334919,"SSP2-4.5 (Middle of the Road)","ML-Enhanced"
2024-09-01,2024,9,"tavg",24.5508750343213,"SSP2-4.5 (Middle of the Road)","ML-Enhanced"
2024-10-01,2024,10,"tavg",25.5342757019213,"SSP2-4.5 (Middle of the Road)","ML-Enhanced"
2024-11-01,2024,11,"tavg",23.4014457895229,"SSP2-4.5 (Middle of the Road)","ML-Enhanced"
2024-12-01,2024,12,"tavg",21.9380618232221,"SSP2-4.5 (Middle of the Road)","ML-Enhanced"
2025-01-01,2025,1,"tavg",24.122768050204,"SSP2-4.5 (Middle of the Road)","ML-Enhanced"
2025-02-01,2025,2,"tavg",24.6494656088852,"SSP2-4.5 (Middle of the Road)","ML-Enhanced"
2025-03-01,2025,3,"tavg",25.6117614822603,"SSP2-4.5 (Middle of the Road)","ML-Enhanced"
2025-04-01,2025,4,"tavg",26.838658221272,"SSP2-4.5 (Middle of the Road)","ML-Enhanced"
2025-05-01,2025,5,"tavg",28.8982601941188,"SSP2-4.5 (Middle of the Road)","ML-Enhanced"
2025-06-01,2025,6,"tavg",28.5889712503546,"SSP2-4.5 (Middle of the Road)","ML-Enhanced"
2025-07-01,2025,7,"tavg",27.9022460340465,"SSP2-4.5 (Middle of the Road)","ML-Enhanced"
2025-08-01,2025,8,"tavg",27.7579007316632,"SSP2-4.5 (Middle of the Road)","ML-Enhanced"
2025-09-01,2025,9,"tavg",25.91511840265,"SSP2-4.5 (Middle of the Road)","ML-Enhanced"
2025-10-01,2025,10,"tavg",24.8092460128951,"SSP2-4.5 (Middle of the Road)","ML-Enhanced"
2025-11-01,2025,11,"tavg",23.2921914934459,"SSP2-4.5 (Middle of the Road)","ML-Enhanced"
2025-12-01,2025,12,"tavg",22.670897881043,"SSP2-4.5 (Middle of the Road)","ML-Enhanced"
2026-01-01,2026,1,"tavg",22.8568714035202,"SSP2-4.5 (Middle of the Road)","ML-Enhanced"
2026-02-01,2026,2,"tavg",24.093994940797,"SSP2-4.5 (Middle of the Road)","ML-Enhanced"
2026-03-01,2026,3,"tavg",26.3965321691881,"SSP2-4.5 (Middle of the Road)","ML-Enhanced"
2026-04-01,2026,4,"tavg",26.0984576987035,"SSP2-4.5 (Middle of the Road)","ML-Enhanced"
2026-05-01,2026,5,"tavg",28.7209613103457,"SSP2-4.5 (Middle of the Road)","ML-Enhanced"
2026-06-01,2026,6,"tavg",29.0609301238036,"SSP2-4.5 (Middle of the Road)","ML-Enhanced"
2026-07-01,2026,7,"tavg",28.325859516797,"SSP2-4.5 (Middle of the Road)","ML-Enhanced"
2026-08-01,2026,8,"tavg",27.6105746219837,"SSP2-4.5 (Middle of the Road)","ML-Enhanced"
2026-09-01,2026,9,"tavg",25.1564744477577,"SSP2-4.5 (Middle of the Road)","ML-Enhanced"
2026-10-01,2026,10,"tavg",24.1369080992233,"SSP2-4.5 (Middle of the Road)","ML-Enhanced"
2026-11-01,2026,11,"tavg",23.5341123379331,"SSP2-4.5 (Middle of the Road)","ML-Enhanced"
2026-12-01,2026,12,"tavg",22.1076817714615,"SSP2-4.5 (Middle of the Road)","ML-Enhanced"
2027-01-01,2027,1,"tavg",23.9968134029233,"SSP2-4.5 (Middle of the Road)","ML-Enhanced"
2027-02-01,2027,2,"tavg",25.019149038617,"SSP2-4.5 (Middle of the Road)","ML-Enhanced"
2027-03-01,2027,3,"tavg",26.6936894232819,"SSP2-4.5 (Middle of the Road)","ML-Enhanced"
2027-04-01,2027,4,"tavg",26.5719091329703,"SSP2-4.5 (Middle of the Road)","ML-Enhanced"
2027-05-01,2027,5,"tavg",28.3316650949905,"SSP2-4.5 (Middle of the Road)","ML-Enhanced"
2027-06-01,2027,6,"tavg",29.4678187123917,"SSP2-4.5 (Middle of the Road)","ML-Enhanced"
2027-07-01,2027,7,"tavg",28.6575675796663,"SSP2-4.5 (Middle of the Road)","ML-Enhanced"
2027-08-01,2027,8,"tavg",27.7770845669837,"SSP2-4.5 (Middle of the Road)","ML-Enhanced"
2027-09-01,2027,9,"tavg",25.6530701221263,"SSP2-4.5 (Middle of the Road)","ML-Enhanced"
2027-10-01,2027,10,"tavg",24.6490943586886,"SSP2-4.5 (Middle of the Road)","ML-Enhanced"
2027-11-01,2027,11,"tavg",22.9114280998726,"SSP2-4.5 (Middle of the Road)","ML-Enhanced"
2027-12-01,2027,12,"tavg",23.118559825537,"SSP2-4.5 (Middle of the Road)","ML-Enhanced"
2028-01-01,2028,1,"tavg",23.5866611476458,"SSP2-4.5 (Middle of the Road)","ML-Enhanced"
2028-02-01,2028,2,"tavg",23.8716751246608,"SSP2-4.5 (Middle of the Road)","ML-Enhanced"
2028-03-01,2028,3,"tavg",26.5443355902069,"SSP2-4.5 (Middle of the Road)","ML-Enhanced"
2028-04-01,2028,4,"tavg",26.6015978454219,"SSP2-4.5 (Middle of the Road)","ML-Enhanced"
2028-05-01,2028,5,"tavg",28.3700459288809,"SSP2-4.5 (Middle of the Road)","ML-Enhanced"
2028-06-01,2028,6,"tavg",29.0574616415217,"SSP2-4.5 (Middle of the Road)","ML-Enhanced"
2028-07-01,2028,7,"tavg",29.0346116293829,"SSP2-4.5 (Middle of the Road)","ML-Enhanced"
2028-08-01,2028,8,"tavg",27.6618929432279,"SSP2-4.5 (Middle of the Road)","ML-Enhanced"
2028-09-01,2028,9,"tavg",25.8265396466574,"SSP2-4.5 (Middle of the Road)","ML-Enhanced"
2028-10-01,2028,10,"tavg",24.7504393368436,"SSP2-4.5 (Middle of the Road)","ML-Enhanced"
2028-11-01,2028,11,"tavg",23.0587968134469,"SSP2-4.5 (Middle of the Road)","ML-Enhanced"
2028-12-01,2028,12,"tavg",23.00379658304,"SSP2-4.5 (Middle of the Road)","ML-Enhanced"
2029-01-01,2029,1,"tavg",23.8188384894367,"SSP2-4.5 (Middle of the Road)","ML-Enhanced"
2029-02-01,2029,2,"tavg",24.443163240367,"SSP2-4.5 (Middle of the Road)","ML-Enhanced"
2029-03-01,2029,3,"tavg",26.4579490881217,"SSP2-4.5 (Middle of the Road)","ML-Enhanced"
2029-04-01,2029,4,"tavg",26.7060776527101,"SSP2-4.5 (Middle of the Road)","ML-Enhanced"
2029-05-01,2029,5,"tavg",28.8409163988236,"SSP2-4.5 (Middle of the Road)","ML-Enhanced"
2029-06-01,2029,6,"tavg",28.6709884054675,"SSP2-4.5 (Middle of the Road)","ML-Enhanced"
2029-07-01,2029,7,"tavg",28.6932920991233,"SSP2-4.5 (Middle of the Road)","ML-Enhanced"
2029-08-01,2029,8,"tavg",27.3991856353634,"SSP2-4.5 (Middle of the Road)","ML-Enhanced"
2029-09-01,2029,9,"tavg",25.4286316056484,"SSP2-4.5 (Middle of the Road)","ML-Enhanced"
2029-10-01,2029,10,"tavg",24.7888519622555,"SSP2-4.5 (Middle of the Road)","ML-Enhanced"
2029-11-01,2029,11,"tavg",23.5565675471817,"SSP2-4.5 (Middle of the Road)","ML-Enhanced"
2029-12-01,2029,12,"tavg",22.9607201881784,"SSP2-4.5 (Middle of the Road)","ML-Enhanced"
2030-01-01,2030,1,"tavg",23.7700963313069,"SSP2-4.5 (Middle of the Road)","ML-Enhanced"
2030-02-01,2030,2,"tavg",24.5919727159261,"SSP2-4.5 (Middle of the Road)","ML-Enhanced"
2030-03-01,2030,3,"tavg",25.957705215526,"SSP2-4.5 (Middle of the Road)","ML-Enhanced"
2030-04-01,2030,4,"tavg",27.1490045581444,"SSP2-4.5 (Middle of the Road)","ML-Enhanced"
2030-05-01,2030,5,"tavg",28.7318342694561,"SSP2-4.5 (Middle of the Road)","ML-Enhanced"
2030-06-01,2030,6,"tavg",28.807583042646,"SSP2-4.5 (Middle of the Road)","ML-Enhanced"
2030-07-01,2030,7,"tavg",28.2223444387787,"SSP2-4.5 (Middle of the Road)","ML-Enhanced"
2030-08-01,2030,8,"tavg",27.4120006142146,"SSP2-4.5 (Middle of the Road)","ML-Enhanced"
2030-09-01,2030,9,"tavg",26.1813006092672,"SSP2-4.5 (Middle of the Road)","ML-Enhanced"
2030-10-01,2030,10,"tavg",24.5380323757818,"SSP2-4.5 (Middle of the Road)","ML-Enhanced"
2030-11-01,2030,11,"tavg",23.0256526074659,"SSP2-4.5 (Middle of the Road)","ML-Enhanced"
2030-12-01,2030,12,"tavg",23.02316315315,"SSP2-4.5 (Middle of the Road)","ML-Enhanced"
2031-01-01,2031,1,"tavg",23.6119966314038,"SSP2-4.5 (Middle of the Road)","ML-Enhanced"
2031-02-01,2031,2,"tavg",25.2523627050738,"SSP2-4.5 (Middle of the Road)","ML-Enhanced"
2031-03-01,2031,3,"tavg",25.6421401404502,"SSP2-4.5 (Middle of the Road)","ML-Enhanced"
2031-04-01,2031,4,"tavg",27.2399525695736,"SSP2-4.5 (Middle of the Road)","ML-Enhanced"
2031-05-01,2031,5,"tavg",29.1057509062883,"SSP2-4.5 (Middle of the Road)","ML-Enhanced"
2031-06-01,2031,6,"tavg",28.872213745837,"SSP2-4.5 (Middle of the Road)","ML-Enhanced"
2031-07-01,2031,7,"tavg",28.9238087598084,"SSP2-4.5 (Middle of the Road)","ML-Enhanced"
2031-08-01,2031,8,"tavg",27.6398532227564,"SSP2-4.5 (Middle of the Road)","ML-Enhanced"
2031-09-01,2031,9,"tavg",25.9442577837421,"SSP2-4.5 (Middle of the Road)","ML-Enhanced"
2031-10-01,2031,10,"tavg",24.7228187197225,"SSP2-4.5 (Middle of the Road)","ML-Enhanced"
2031-11-01,2031,11,"tavg",23.3467959840241,"SSP2-4.5 (Middle of the Road)","ML-Enhanced"
2031-12-01,2031,12,"tavg",22.6326624160677,"SSP2-4.5 (Middle of the Road)","ML-Enhanced"
2032-01-01,2032,1,"tavg",23.1996210660529,"SSP2-4.5 (Middle of the Road)","ML-Enhanced"
2032-02-01,2032,2,"tavg",24.4477089705882,"SSP2-4.5 (Middle of the Road)","ML-Enhanced"
2032-03-01,2032,3,"tavg",26.7219242536359,"SSP2-4.5 (Middle of the Road)","ML-Enhanced"
2032-04-01,2032,4,"tavg",27.9779002033382,"SSP2-4.5 (Middle of the Road)","ML-Enhanced"
2032-05-01,2032,5,"tavg",28.79864565978,"SSP2-4.5 (Middle of the Road)","ML-Enhanced"
2032-06-01,2032,6,"tavg",29.2045403121954,"SSP2-4.5 (Middle of the Road)","ML-Enhanced"
2032-07-01,2032,7,"tavg",29.50075842797,"SSP2-4.5 (Middle of the Road)","ML-Enhanced"
2032-08-01,2032,8,"tavg",26.9011908291351,"SSP2-4.5 (Middle of the Road)","ML-Enhanced"
2032-09-01,2032,9,"tavg",26.4760514722294,"SSP2-4.5 (Middle of the Road)","ML-Enhanced"
2032-10-01,2032,10,"tavg",24.4422895311855,"SSP2-4.5 (Middle of the Road)","ML-Enhanced"
2032-11-01,2032,11,"tavg",22.8739428111728,"SSP2-4.5 (Middle of the Road)","ML-Enhanced"
2032-12-01,2032,12,"tavg",23.9335905766806,"SSP2-4.5 (Middle of the Road)","ML-Enhanced"
2033-01-01,2033,1,"tavg",24.0774581607534,"SSP2-4.5 (Middle of the Road)","ML-Enhanced"
2033-02-01,2033,2,"tavg",24.5472177055242,"SSP2-4.5 (Middle of the Road)","ML-Enhanced"
2033-03-01,2033,3,"tavg",26.0543690579127,"SSP2-4.5 (Middle of the Road)","ML-Enhanced"
2033-04-01,2033,4,"tavg",26.6222672276387,"SSP2-4.5 (Middle of the Road)","ML-Enhanced"
2033-05-01,2033,5,"tavg",28.3058776119242,"SSP2-4.5 (Middle of the Road)","ML-Enhanced"
2033-06-01,2033,6,"tavg",28.9554663934412,"SSP2-4.5 (Middle of the Road)","ML-Enhanced"
2033-07-01,2033,7,"tavg",28.6895896580334,"SSP2-4.5 (Middle of the Road)","ML-Enhanced"
2033-08-01,2033,8,"tavg",27.6395215857735,"SSP2-4.5 (Middle of the Road)","ML-Enhanced"
2033-09-01,2033,9,"tavg",25.4018571473627,"SSP2-4.5 (Middle of the Road)","ML-Enhanced"
2033-10-01,2033,10,"tavg",25.308481992828,"SSP2-4.5 (Middle of the Road)","ML-Enhanced"
2033-11-01,2033,11,"tavg",22.8653436273128,"SSP2-4.5 (Middle of the Road)","ML-Enhanced"
2033-12-01,2033,12,"tavg",22.4801007590039,"SSP2-4.5 (Middle of the Road)","ML-Enhanced"
2034-01-01,2034,1,"tavg",22.7344959687444,"SSP2-4.5 (Middle of the Road)","ML-Enhanced"
2034-02-01,2034,2,"tavg",23.7703610721829,"SSP2-4.5 (Middle of the Road)","ML-Enhanced"
2034-03-01,2034,3,"tavg",25.4696056223379,"SSP2-4.5 (Middle of the Road)","ML-Enhanced"
2034-04-01,2034,4,"tavg",27.5066847494027,"SSP2-4.5 (Middle of the Road)","ML-Enhanced"
2034-05-01,2034,5,"tavg",28.6892019401976,"SSP2-4.5 (Middle of the Road)","ML-Enhanced"
2034-06-01,2034,6,"tavg",29.2857162823583,"SSP2-4.5 (Middle of the Road)","ML-Enhanced"
2034-07-01,2034,7,"tavg",28.9391859481196,"SSP2-4.5 (Middle of the Road)","ML-Enhanced"
2034-08-01,2034,8,"tavg",28.4196164724438,"SSP2-4.5 (Middle of the Road)","ML-Enhanced"
2034-09-01,2034,9,"tavg",26.5718847843809,"SSP2-4.5 (Middle of the Road)","ML-Enhanced"
2034-10-01,2034,10,"tavg",25.3565794402326,"SSP2-4.5 (Middle of the Road)","ML-Enhanced"
2034-11-01,2034,11,"tavg",22.7925361361938,"SSP2-4.5 (Middle of the Road)","ML-Enhanced"
2034-12-01,2034,12,"tavg",23.9040881505243,"SSP2-4.5 (Middle of the Road)","ML-Enhanced"
2035-01-01,2035,1,"tavg",23.8301003137777,"SSP2-4.5 (Middle of the Road)","ML-Enhanced"
2035-02-01,2035,2,"tavg",24.7954133695205,"SSP2-4.5 (Middle of the Road)","ML-Enhanced"
2035-03-01,2035,3,"tavg",24.7854387012314,"SSP2-4.5 (Middle of the Road)","ML-Enhanced"
2035-04-01,2035,4,"tavg",27.5517432073355,"SSP2-4.5 (Middle of the Road)","ML-Enhanced"
2035-05-01,2035,5,"tavg",29.6622082841238,"SSP2-4.5 (Middle of the Road)","ML-Enhanced"
2035-06-01,2035,6,"tavg",28.3654885608805,"SSP2-4.5 (Middle of the Road)","ML-Enhanced"
2035-07-01,2035,7,"tavg",28.0885048332407,"SSP2-4.5 (Middle of the Road)","ML-Enhanced"
2035-08-01,2035,8,"tavg",27.1818233964226,"SSP2-4.5 (Middle of the Road)","ML-Enhanced"
2035-09-01,2035,9,"tavg",25.7744112580294,"SSP2-4.5 (Middle of the Road)","ML-Enhanced"
2035-10-01,2035,10,"tavg",25.2318651692738,"SSP2-4.5 (Middle of the Road)","ML-Enhanced"
2035-11-01,2035,11,"tavg",22.6967355150631,"SSP2-4.5 (Middle of the Road)","ML-Enhanced"
2035-12-01,2035,12,"tavg",23.2559824357219,"SSP2-4.5 (Middle of the Road)","ML-Enhanced"
2036-01-01,2036,1,"tavg",24.1836836001791,"SSP2-4.5 (Middle of the Road)","ML-Enhanced"
2036-02-01,2036,2,"tavg",24.8338194591411,"SSP2-4.5 (Middle of the Road)","ML-Enhanced"
2036-03-01,2036,3,"tavg",26.2195473880649,"SSP2-4.5 (Middle of the Road)","ML-Enhanced"
2036-04-01,2036,4,"tavg",26.6853578458067,"SSP2-4.5 (Middle of the Road)","ML-Enhanced"
2036-05-01,2036,5,"tavg",29.4266883357097,"SSP2-4.5 (Middle of the Road)","ML-Enhanced"
2036-06-01,2036,6,"tavg",28.2152897951758,"SSP2-4.5 (Middle of the Road)","ML-Enhanced"
2036-07-01,2036,7,"tavg",27.6095325022167,"SSP2-4.5 (Middle of the Road)","ML-Enhanced"
2036-08-01,2036,8,"tavg",28.1824221088821,"SSP2-4.5 (Middle of the Road)","ML-Enhanced"
2036-09-01,2036,9,"tavg",25.6408527449052,"SSP2-4.5 (Middle of the Road)","ML-Enhanced"
2036-10-01,2036,10,"tavg",24.7588649481782,"SSP2-4.5 (Middle of the Road)","ML-Enhanced"
2036-11-01,2036,11,"tavg",23.8936763873607,"SSP2-4.5 (Middle of the Road)","ML-Enhanced"
2036-12-01,2036,12,"tavg",23.0805247164582,"SSP2-4.5 (Middle of the Road)","ML-Enhanced"
2037-01-01,2037,1,"tavg",23.2030693859786,"SSP2-4.5 (Middle of the Road)","ML-Enhanced"
2037-02-01,2037,2,"tavg",24.9426376865202,"SSP2-4.5 (Middle of the Road)","ML-Enhanced"
2037-03-01,2037,3,"tavg",25.5655713794013,"SSP2-4.5 (Middle of the Road)","ML-Enhanced"
2037-04-01,2037,4,"tavg",26.708860157714,"SSP2-4.5 (Middle of the Road)","ML-Enhanced"
2037-05-01,2037,5,"tavg",28.5064961876579,"SSP2-4.5 (Middle of the Road)","ML-Enhanced"
2037-06-01,2037,6,"tavg",29.0192120806643,"SSP2-4.5 (Middle of the Road)","ML-Enhanced"
2037-07-01,2037,7,"tavg",28.6221176719541,"SSP2-4.5 (Middle of the Road)","ML-Enhanced"
2037-08-01,2037,8,"tavg",27.7819138296358,"SSP2-4.5 (Middle of the Road)","ML-Enhanced"
2037-09-01,2037,9,"tavg",26.1585229788902,"SSP2-4.5 (Middle of the Road)","ML-Enhanced"
2037-10-01,2037,10,"tavg",25.1742681602225,"SSP2-4.5 (Middle of the Road)","ML-Enhanced"
2037-11-01,2037,11,"tavg",23.9185777905859,"SSP2-4.5 (Middle of the Road)","ML-Enhanced"
2037-12-01,2037,12,"tavg",22.8300592545382,"SSP2-4.5 (Middle of the Road)","ML-Enhanced"
2038-01-01,2038,1,"tavg",23.2138947329015,"SSP2-4.5 (Middle of the Road)","ML-Enhanced"
2038-02-01,2038,2,"tavg",24.5504173010093,"SSP2-4.5 (Middle of the Road)","ML-Enhanced"
2038-03-01,2038,3,"tavg",25.9297709361469,"SSP2-4.5 (Middle of the Road)","ML-Enhanced"
2038-04-01,2038,4,"tavg",27.2506047737622,"SSP2-4.5 (Middle of the Road)","ML-Enhanced"
2038-05-01,2038,5,"tavg",29.3794356979135,"SSP2-4.5 (Middle of the Road)","ML-Enhanced"
2038-06-01,2038,6,"tavg",29.603085398502,"SSP2-4.5 (Middle of the Road)","ML-Enhanced"
2038-07-01,2038,7,"tavg",29.8306162839036,"SSP2-4.5 (Middle of the Road)","ML-Enhanced"
2038-08-01,2038,8,"tavg",27.482775519833,"SSP2-4.5 (Middle of the Road)","ML-Enhanced"
2038-09-01,2038,9,"tavg",26.3186056929933,"SSP2-4.5 (Middle of the Road)","ML-Enhanced"
2038-10-01,2038,10,"tavg",25.1707435490443,"SSP2-4.5 (Middle of the Road)","ML-Enhanced"
2038-11-01,2038,11,"tavg",23.0496062116919,"SSP2-4.5 (Middle of the Road)","ML-Enhanced"
2038-12-01,2038,12,"tavg",23.4330530925472,"SSP2-4.5 (Middle of the Road)","ML-Enhanced"
2039-01-01,2039,1,"tavg",23.649897747324,"SSP2-4.5 (Middle of the Road)","ML-Enhanced"
2039-02-01,2039,2,"tavg",24.2391160396754,"SSP2-4.5 (Middle of the Road)","ML-Enhanced"
2039-03-01,2039,3,"tavg",26.5588872624249,"SSP2-4.5 (Middle of the Road)","ML-Enhanced"
2039-04-01,2039,4,"tavg",27.6385263258905,"SSP2-4.5 (Middle of the Road)","ML-Enhanced"
2039-05-01,2039,5,"tavg",28.1178751148964,"SSP2-4.5 (Middle of the Road)","ML-Enhanced"
2039-06-01,2039,6,"tavg",29.2113640112421,"SSP2-4.5 (Middle of the Road)","ML-Enhanced"
2039-07-01,2039,7,"tavg",29.1378689074717,"SSP2-4.5 (Middle of the Road)","ML-Enhanced"
2039-08-01,2039,8,"tavg",27.4142954608725,"SSP2-4.5 (Middle of the Road)","ML-Enhanced"
2039-09-01,2039,9,"tavg",25.8168207841498,"SSP2-4.5 (Middle of the Road)","ML-Enhanced"
2039-10-01,2039,10,"tavg",24.8862199815761,"SSP2-4.5 (Middle of the Road)","ML-Enhanced"
2039-11-01,2039,11,"tavg",23.7789742004347,"SSP2-4.5 (Middle of the Road)","ML-Enhanced"
2039-12-01,2039,12,"tavg",24.426145746166,"SSP2-4.5 (Middle of the Road)","ML-Enhanced"
2040-01-01,2040,1,"tavg",23.0432326591291,"SSP2-4.5 (Middle of the Road)","ML-Enhanced"
2040-02-01,2040,2,"tavg",24.6771164150759,"SSP2-4.5 (Middle of the Road)","ML-Enhanced"
2040-03-01,2040,3,"tavg",26.6489736586219,"SSP2-4.5 (Middle of the Road)","ML-Enhanced"
2040-04-01,2040,4,"tavg",27.397294552594,"SSP2-4.5 (Middle of the Road)","ML-Enhanced"
2040-05-01,2040,5,"tavg",28.3235194026249,"SSP2-4.5 (Middle of the Road)","ML-Enhanced"
2040-06-01,2040,6,"tavg",29.4526455123275,"SSP2-4.5 (Middle of the Road)","ML-Enhanced"
2040-07-01,2040,7,"tavg",29.7115566990547,"SSP2-4.5 (Middle of the Road)","ML-Enhanced"
2040-08-01,2040,8,"tavg",27.3110853199237,"SSP2-4.5 (Middle of the Road)","ML-Enhanced"
2040-09-01,2040,9,"tavg",26.1998591060502,"SSP2-4.5 (Middle of the Road)","ML-Enhanced"
2040-10-01,2040,10,"tavg",24.9129307829641,"SSP2-4.5 (Middle of the Road)","ML-Enhanced"
2040-11-01,2040,11,"tavg",24.5702434479438,"SSP2-4.5 (Middle of the Road)","ML-Enhanced"
2040-12-01,2040,12,"tavg",22.7382535173193,"SSP2-4.5 (Middle of the Road)","ML-Enhanced"
2041-01-01,2041,1,"tavg",24.5562628034846,"SSP2-4.5 (Middle of the Road)","ML-Enhanced"
2041-02-01,2041,2,"tavg",24.3202400876337,"SSP2-4.5 (Middle of the Road)","ML-Enhanced"
2041-03-01,2041,3,"tavg",25.7681346720262,"SSP2-4.5 (Middle of the Road)","ML-Enhanced"
2041-04-01,2041,4,"tavg",27.3289104435742,"SSP2-4.5 (Middle of the Road)","ML-Enhanced"
2041-05-01,2041,5,"tavg",28.3612533788609,"SSP2-4.5 (Middle of the Road)","ML-Enhanced"
2041-06-01,2041,6,"tavg",29.2870738106592,"SSP2-4.5 (Middle of the Road)","ML-Enhanced"
2041-07-01,2041,7,"tavg",28.935024587893,"SSP2-4.5 (Middle of the Road)","ML-Enhanced"
2041-08-01,2041,8,"tavg",27.8694441720829,"SSP2-4.5 (Middle of the Road)","ML-Enhanced"
2041-09-01,2041,9,"tavg",26.4341029641991,"SSP2-4.5 (Middle of the Road)","ML-Enhanced"
2041-10-01,2041,10,"tavg",25.4136852319576,"SSP2-4.5 (Middle of the Road)","ML-Enhanced"
2041-11-01,2041,11,"tavg",23.6893335042241,"SSP2-4.5 (Middle of the Road)","ML-Enhanced"
2041-12-01,2041,12,"tavg",22.674367322283,"SSP2-4.5 (Middle of the Road)","ML-Enhanced"
2042-01-01,2042,1,"tavg",24.032971500773,"SSP2-4.5 (Middle of the Road)","ML-Enhanced"
2042-02-01,2042,2,"tavg",25.1420600009561,"SSP2-4.5 (Middle of the Road)","ML-Enhanced"
2042-03-01,2042,3,"tavg",26.7487492936901,"SSP2-4.5 (Middle of the Road)","ML-Enhanced"
2042-04-01,2042,4,"tavg",28.0292136932075,"SSP2-4.5 (Middle of the Road)","ML-Enhanced"
2042-05-01,2042,5,"tavg",28.9471008834563,"SSP2-4.5 (Middle of the Road)","ML-Enhanced"
2042-06-01,2042,6,"tavg",29.240943126344,"SSP2-4.5 (Middle of the Road)","ML-Enhanced"
2042-07-01,2042,7,"tavg",28.0529543617367,"SSP2-4.5 (Middle of the Road)","ML-Enhanced"
2042-08-01,2042,8,"tavg",27.5587833272615,"SSP2-4.5 (Middle of the Road)","ML-Enhanced"
2042-09-01,2042,9,"tavg",25.2388354498186,"SSP2-4.5 (Middle of the Road)","ML-Enhanced"
2042-10-01,2042,10,"tavg",25.4496246727011,"SSP2-4.5 (Middle of the Road)","ML-Enhanced"
2042-11-01,2042,11,"tavg",23.1989572894003,"SSP2-4.5 (Middle of the Road)","ML-Enhanced"
2042-12-01,2042,12,"tavg",23.4278510943937,"SSP2-4.5 (Middle of the Road)","ML-Enhanced"
2043-01-01,2043,1,"tavg",24.3543894822024,"SSP2-4.5 (Middle of the Road)","ML-Enhanced"
2043-02-01,2043,2,"tavg",24.8188240175186,"SSP2-4.5 (Middle of the Road)","ML-Enhanced"
2043-03-01,2043,3,"tavg",26.3157089000802,"SSP2-4.5 (Middle of the Road)","ML-Enhanced"
2043-04-01,2043,4,"tavg",27.4536413109553,"SSP2-4.5 (Middle of the Road)","ML-Enhanced"
2043-05-01,2043,5,"tavg",28.8812554005473,"SSP2-4.5 (Middle of the Road)","ML-Enhanced"
2043-06-01,2043,6,"tavg",29.6877736385324,"SSP2-4.5 (Middle of the Road)","ML-Enhanced"
2043-07-01,2043,7,"tavg",28.6352286795858,"SSP2-4.5 (Middle of the Road)","ML-Enhanced"
2043-08-01,2043,8,"tavg",27.6372899399537,"SSP2-4.5 (Middle of the Road)","ML-Enhanced"
2043-09-01,2043,9,"tavg",25.6913444490363,"SSP2-4.5 (Middle of the Road)","ML-Enhanced"
2043-10-01,2043,10,"tavg",24.9307059026177,"SSP2-4.5 (Middle of the Road)","ML-Enhanced"
2043-11-01,2043,11,"tavg",23.2331125294884,"SSP2-4.5 (Middle of the Road)","ML-Enhanced"
2043-12-01,2043,12,"tavg",23.0097558686642,"SSP2-4.5 (Middle of the Road)","ML-Enhanced"
2044-01-01,2044,1,"tavg",23.8569277623563,"SSP2-4.5 (Middle of the Road)","ML-Enhanced"
2044-02-01,2044,2,"tavg",24.8779586527875,"SSP2-4.5 (Middle of the Road)","ML-Enhanced"
2044-03-01,2044,3,"tavg",26.0557066276852,"SSP2-4.5 (Middle of the Road)","ML-Enhanced"
2044-04-01,2044,4,"tavg",28.0762621935255,"SSP2-4.5 (Middle of the Road)","ML-Enhanced"
2044-05-01,2044,5,"tavg",29.7427335080343,"SSP2-4.5 (Middle of the Road)","ML-Enhanced"
2044-06-01,2044,6,"tavg",29.2464432032809,"SSP2-4.5 (Middle of the Road)","ML-Enhanced"
2044-07-01,2044,7,"tavg",28.9619712678134,"SSP2-4.5 (Middle of the Road)","ML-Enhanced"
2044-08-01,2044,8,"tavg",27.8823605929134,"SSP2-4.5 (Middle of the Road)","ML-Enhanced"
2044-09-01,2044,9,"tavg",25.6713747836869,"SSP2-4.5 (Middle of the Road)","ML-Enhanced"
2044-10-01,2044,10,"tavg",25.1294770647268,"SSP2-4.5 (Middle of the Road)","ML-Enhanced"
2044-11-01,2044,11,"tavg",23.7678983639887,"SSP2-4.5 (Middle of the Road)","ML-Enhanced"
2044-12-01,2044,12,"tavg",22.7062490941788,"SSP2-4.5 (Middle of the Road)","ML-Enhanced"
2045-01-01,2045,1,"tavg",23.2806574087155,"SSP2-4.5 (Middle of the Road)","ML-Enhanced"
2045-02-01,2045,2,"tavg",24.8548906430193,"SSP2-4.5 (Middle of the Road)","ML-Enhanced"
2045-03-01,2045,3,"tavg",26.297363334319,"SSP2-4.5 (Middle of the Road)","ML-Enhanced"
2045-04-01,2045,4,"tavg",27.7608827252954,"SSP2-4.5 (Middle of the Road)","ML-Enhanced"
2045-05-01,2045,5,"tavg",29.0462348325401,"SSP2-4.5 (Middle of the Road)","ML-Enhanced"
2045-06-01,2045,6,"tavg",29.9708777041763,"SSP2-4.5 (Middle of the Road)","ML-Enhanced"
2045-07-01,2045,7,"tavg",29.0617810375103,"SSP2-4.5 (Middle of the Road)","ML-Enhanced"
2045-08-01,2045,8,"tavg",27.1716643523161,"SSP2-4.5 (Middle of the Road)","ML-Enhanced"
2045-09-01,2045,9,"tavg",26.7497153032103,"SSP2-4.5 (Middle of the Road)","ML-Enhanced"
2045-10-01,2045,10,"tavg",24.5704584008106,"SSP2-4.5 (Middle of the Road)","ML-Enhanced"
2045-11-01,2045,11,"tavg",23.7698827102333,"SSP2-4.5 (Middle of the Road)","ML-Enhanced"
2045-12-01,2045,12,"tavg",23.3685416169066,"SSP2-4.5 (Middle of the Road)","ML-Enhanced"
2046-01-01,2046,1,"tavg",24.2763777834064,"SSP2-4.5 (Middle of the Road)","ML-Enhanced"
2046-02-01,2046,2,"tavg",24.7294030286178,"SSP2-4.5 (Middle of the Road)","ML-Enhanced"
2046-03-01,2046,3,"tavg",27.3989392658111,"SSP2-4.5 (Middle of the Road)","ML-Enhanced"
2046-04-01,2046,4,"tavg",27.4551456819568,"SSP2-4.5 (Middle of the Road)","ML-Enhanced"
2046-05-01,2046,5,"tavg",28.7650019941602,"SSP2-4.5 (Middle of the Road)","ML-Enhanced"
2046-06-01,2046,6,"tavg",30.1770935397244,"SSP2-4.5 (Middle of the Road)","ML-Enhanced"
2046-07-01,2046,7,"tavg",28.5842234831436,"SSP2-4.5 (Middle of the Road)","ML-Enhanced"
2046-08-01,2046,8,"tavg",27.9085993449564,"SSP2-4.5 (Middle of the Road)","ML-Enhanced"
2046-09-01,2046,9,"tavg",26.6217369910772,"SSP2-4.5 (Middle of the Road)","ML-Enhanced"
2046-10-01,2046,10,"tavg",25.0626808075065,"SSP2-4.5 (Middle of the Road)","ML-Enhanced"
2046-11-01,2046,11,"tavg",23.3737852264413,"SSP2-4.5 (Middle of the Road)","ML-Enhanced"
2046-12-01,2046,12,"tavg",23.6699378895581,"SSP2-4.5 (Middle of the Road)","ML-Enhanced"
2047-01-01,2047,1,"tavg",23.4311921049268,"SSP2-4.5 (Middle of the Road)","ML-Enhanced"
2047-02-01,2047,2,"tavg",24.3365136834906,"SSP2-4.5 (Middle of the Road)","ML-Enhanced"
2047-03-01,2047,3,"tavg",26.1371134654176,"SSP2-4.5 (Middle of the Road)","ML-Enhanced"
2047-04-01,2047,4,"tavg",27.4221820022832,"SSP2-4.5 (Middle of the Road)","ML-Enhanced"
2047-05-01,2047,5,"tavg",29.2597599421635,"SSP2-4.5 (Middle of the Road)","ML-Enhanced"
2047-06-01,2047,6,"tavg",29.1343868079659,"SSP2-4.5 (Middle of the Road)","ML-Enhanced"
2047-07-01,2047,7,"tavg",29.3511135008686,"SSP2-4.5 (Middle of the Road)","ML-Enhanced"
2047-08-01,2047,8,"tavg",27.9731931573934,"SSP2-4.5 (Middle of the Road)","ML-Enhanced"
2047-09-01,2047,9,"tavg",26.5158869520326,"SSP2-4.5 (Middle of the Road)","ML-Enhanced"
2047-10-01,2047,10,"tavg",24.7805685915452,"SSP2-4.5 (Middle of the Road)","ML-Enhanced"
2047-11-01,2047,11,"tavg",23.8175511095876,"SSP2-4.5 (Middle of the Road)","ML-Enhanced"
2047-12-01,2047,12,"tavg",22.5316196430834,"SSP2-4.5 (Middle of the Road)","ML-Enhanced"
2048-01-01,2048,1,"tavg",23.5700655866098,"SSP2-4.5 (Middle of the Road)","ML-Enhanced"
2048-02-01,2048,2,"tavg",24.9551207966492,"SSP2-4.5 (Middle of the Road)","ML-Enhanced"
2048-03-01,2048,3,"tavg",26.2531750108356,"SSP2-4.5 (Middle of the Road)","ML-Enhanced"
2048-04-01,2048,4,"tavg",27.554857328718,"SSP2-4.5 (Middle of the Road)","ML-Enhanced"
2048-05-01,2048,5,"tavg",29.1870026139309,"SSP2-4.5 (Middle of the Road)","ML-Enhanced"
2048-06-01,2048,6,"tavg",28.5294991461985,"SSP2-4.5 (Middle of the Road)","ML-Enhanced"
2048-07-01,2048,7,"tavg",29.1382324513389,"SSP2-4.5 (Middle of the Road)","ML-Enhanced"
2048-08-01,2048,8,"tavg",27.7340397079936,"SSP2-4.5 (Middle of the Road)","ML-Enhanced"
2048-09-01,2048,9,"tavg",26.5059937948584,"SSP2-4.5 (Middle of the Road)","ML-Enhanced"
2048-10-01,2048,10,"tavg",25.2077949516157,"SSP2-4.5 (Middle of the Road)","ML-Enhanced"
2048-11-01,2048,11,"tavg",24.6189044736885,"SSP2-4.5 (Middle of the Road)","ML-Enhanced"
2048-12-01,2048,12,"tavg",23.6768147741092,"SSP2-4.5 (Middle of the Road)","ML-Enhanced"
2049-01-01,2049,1,"tavg",23.1221700636223,"SSP2-4.5 (Middle of the Road)","ML-Enhanced"
2049-02-01,2049,2,"tavg",24.7707872319838,"SSP2-4.5 (Middle of the Road)","ML-Enhanced"
2049-03-01,2049,3,"tavg",27.2979089329867,"SSP2-4.5 (Middle of the Road)","ML-Enhanced"
2049-04-01,2049,4,"tavg",26.4586502325159,"SSP2-4.5 (Middle of the Road)","ML-Enhanced"
2049-05-01,2049,5,"tavg",28.6118959871004,"SSP2-4.5 (Middle of the Road)","ML-Enhanced"
2049-06-01,2049,6,"tavg",30.1008051556007,"SSP2-4.5 (Middle of the Road)","ML-Enhanced"
2049-07-01,2049,7,"tavg",28.4322647293085,"SSP2-4.5 (Middle of the Road)","ML-Enhanced"
2049-08-01,2049,8,"tavg",27.9120236446425,"SSP2-4.5 (Middle of the Road)","ML-Enhanced"
2049-09-01,2049,9,"tavg",26.5690059977921,"SSP2-4.5 (Middle of the Road)","ML-Enhanced"
2049-10-01,2049,10,"tavg",25.2334476250456,"SSP2-4.5 (Middle of the Road)","ML-Enhanced"
2049-11-01,2049,11,"tavg",23.9268326611959,"SSP2-4.5 (Middle of the Road)","ML-Enhanced"
2049-12-01,2049,12,"tavg",23.4646516900651,"SSP2-4.5 (Middle of the Road)","ML-Enhanced"
2050-01-01,2050,1,"tavg",23.7976019454295,"SSP2-4.5 (Middle of the Road)","ML-Enhanced"
2050-02-01,2050,2,"tavg",25.6136745976072,"SSP2-4.5 (Middle of the Road)","ML-Enhanced"
2050-03-01,2050,3,"tavg",26.9793591849087,"SSP2-4.5 (Middle of the Road)","ML-Enhanced"
2050-04-01,2050,4,"tavg",28.2683171894155,"SSP2-4.5 (Middle of the Road)","ML-Enhanced"
2050-05-01,2050,5,"tavg",28.5752353833246,"SSP2-4.5 (Middle of the Road)","ML-Enhanced"
2050-06-01,2050,6,"tavg",29.5312091139156,"SSP2-4.5 (Middle of the Road)","ML-Enhanced"
2050-07-01,2050,7,"tavg",29.3617950178978,"SSP2-4.5 (Middle of the Road)","ML-Enhanced"
2050-08-01,2050,8,"tavg",27.8389640204336,"SSP2-4.5 (Middle of the Road)","ML-Enhanced"
2050-09-01,2050,9,"tavg",26.574770262506,"SSP2-4.5 (Middle of the Road)","ML-Enhanced"
2050-10-01,2050,10,"tavg",25.8712999153387,"SSP2-4.5 (Middle of the Road)","ML-Enhanced"
2050-11-01,2050,11,"tavg",24.1301165146264,"SSP2-4.5 (Middle of the Road)","ML-Enhanced"
2050-12-01,2050,12,"tavg",22.9225238651935,"SSP2-4.5 (Middle of the Road)","ML-Enhanced"
2051-01-01,2051,1,"tavg",24.1402486485145,"SSP2-4.5 (Middle of the Road)","ML-Enhanced"
2051-02-01,2051,2,"tavg",25.6863071519543,"SSP2-4.5 (Middle of the Road)","ML-Enhanced"
2051-03-01,2051,3,"tavg",26.0426584931418,"SSP2-4.5 (Middle of the Road)","ML-Enhanced"
2051-04-01,2051,4,"tavg",27.4870565299862,"SSP2-4.5 (Middle of the Road)","ML-Enhanced"
2051-05-01,2051,5,"tavg",30.0017957641176,"SSP2-4.5 (Middle of the Road)","ML-Enhanced"
2051-06-01,2051,6,"tavg",28.694547666829,"SSP2-4.5 (Middle of the Road)","ML-Enhanced"
2051-07-01,2051,7,"tavg",29.144612396845,"SSP2-4.5 (Middle of the Road)","ML-Enhanced"
2051-08-01,2051,8,"tavg",28.5866078311086,"SSP2-4.5 (Middle of the Road)","ML-Enhanced"
2051-09-01,2051,9,"tavg",26.3259102641651,"SSP2-4.5 (Middle of the Road)","ML-Enhanced"
2051-10-01,2051,10,"tavg",25.7335839393747,"SSP2-4.5 (Middle of the Road)","ML-Enhanced"
2051-11-01,2051,11,"tavg",23.8980065415061,"SSP2-4.5 (Middle of the Road)","ML-Enhanced"
2051-12-01,2051,12,"tavg",23.693779922903,"SSP2-4.5 (Middle of the Road)","ML-Enhanced"
2052-01-01,2052,1,"tavg",23.8777261288457,"SSP2-4.5 (Middle of the Road)","ML-Enhanced"
2052-02-01,2052,2,"tavg",25.6197973346282,"SSP2-4.5 (Middle of the Road)","ML-Enhanced"
2052-03-01,2052,3,"tavg",27.2322166015869,"SSP2-4.5 (Middle of the Road)","ML-Enhanced"
2052-04-01,2052,4,"tavg",28.5081222023599,"SSP2-4.5 (Middle of the Road)","ML-Enhanced"
2052-05-01,2052,5,"tavg",29.2233690178821,"SSP2-4.5 (Middle of the Road)","ML-Enhanced"
2052-06-01,2052,6,"tavg",29.3494714383309,"SSP2-4.5 (Middle of the Road)","ML-Enhanced"
2052-07-01,2052,7,"tavg",29.2839808342181,"SSP2-4.5 (Middle of the Road)","ML-Enhanced"
2052-08-01,2052,8,"tavg",28.2074107815491,"SSP2-4.5 (Middle of the Road)","ML-Enhanced"
2052-09-01,2052,9,"tavg",26.8097368254595,"SSP2-4.5 (Middle of the Road)","ML-Enhanced"
2052-10-01,2052,10,"tavg",25.5607093246648,"SSP2-4.5 (Middle of the Road)","ML-Enhanced"
2052-11-01,2052,11,"tavg",23.4893718900717,"SSP2-4.5 (Middle of the Road)","ML-Enhanced"
2052-12-01,2052,12,"tavg",23.390631426285,"SSP2-4.5 (Middle of the Road)","ML-Enhanced"
2053-01-01,2053,1,"tavg",23.6554392029003,"SSP2-4.5 (Middle of the Road)","ML-Enhanced"
2053-02-01,2053,2,"tavg",24.6507870143628,"SSP2-4.5 (Middle of the Road)","ML-Enhanced"
2053-03-01,2053,3,"tavg",27.4409172175066,"SSP2-4.5 (Middle of the Road)","ML-Enhanced"
2053-04-01,2053,4,"tavg",27.8606613727731,"SSP2-4.5 (Middle of the Road)","ML-Enhanced"
2053-05-01,2053,5,"tavg",29.643741620376,"SSP2-4.5 (Middle of the Road)","ML-Enhanced"
2053-06-01,2053,6,"tavg",29.7245998906569,"SSP2-4.5 (Middle of the Road)","ML-Enhanced"
2053-07-01,2053,7,"tavg",28.7569061879692,"SSP2-4.5 (Middle of the Road)","ML-Enhanced"
2053-08-01,2053,8,"tavg",28.5697010439647,"SSP2-4.5 (Middle of the Road)","ML-Enhanced"
2053-09-01,2053,9,"tavg",26.1153369609536,"SSP2-4.5 (Middle of the Road)","ML-Enhanced"
2053-10-01,2053,10,"tavg",25.7051651195851,"SSP2-4.5 (Middle of the Road)","ML-Enhanced"
2053-11-01,2053,11,"tavg",23.9744721018548,"SSP2-4.5 (Middle of the Road)","ML-Enhanced"
2053-12-01,2053,12,"tavg",23.6293816461504,"SSP2-4.5 (Middle of the Road)","ML-Enhanced"
2024-01-01,2024,1,"prec",23.783468948299,"SSP2-4.5 (Middle of the Road)","Statistical"
2024-02-01,2024,2,"prec",27.4843674136131,"SSP2-4.5 (Middle of the Road)","Statistical"
2024-03-01,2024,3,"prec",44.3014687165997,"SSP2-4.5 (Middle of the Road)","Statistical"
2024-04-01,2024,4,"prec",68.7867565558912,"SSP2-4.5 (Middle of the Road)","Statistical"
2024-05-01,2024,5,"prec",100.89451894616,"SSP2-4.5 (Middle of the Road)","Statistical"
2024-06-01,2024,6,"prec",334.103263214897,"SSP2-4.5 (Middle of the Road)","Statistical"
2024-07-01,2024,7,"prec",323.374807084137,"SSP2-4.5 (Middle of the Road)","Statistical"
2024-08-01,2024,8,"prec",449.475176581506,"SSP2-4.5 (Middle of the Road)","Statistical"
2024-09-01,2024,9,"prec",284.667711926799,"SSP2-4.5 (Middle of the Road)","Statistical"
2024-10-01,2024,10,"prec",101.157153563907,"SSP2-4.5 (Middle of the Road)","Statistical"
2024-11-01,2024,11,"prec",36.572983961426,"SSP2-4.5 (Middle of the Road)","Statistical"
2024-12-01,2024,12,"prec",18.5130323968935,"SSP2-4.5 (Middle of the Road)","Statistical"
2025-01-01,2025,1,"prec",24.65689977022,"SSP2-4.5 (Middle of the Road)","Statistical"
2025-02-01,2025,2,"prec",32.6463658924467,"SSP2-4.5 (Middle of the Road)","Statistical"
2025-03-01,2025,3,"prec",33.0264056714077,"SSP2-4.5 (Middle of the Road)","Statistical"
2025-04-01,2025,4,"prec",100.346117125695,"SSP2-4.5 (Middle of the Road)","Statistical"
2025-05-01,2025,5,"prec",147.592432160349,"SSP2-4.5 (Middle of the Road)","Statistical"
2025-06-01,2025,6,"prec",238.675848377203,"SSP2-4.5 (Middle of the Road)","Statistical"
2025-07-01,2025,7,"prec",385.357685458077,"SSP2-4.5 (Middle of the Road)","Statistical"
2025-08-01,2025,8,"prec",455.462320940451,"SSP2-4.5 (Middle of the Road)","Statistical"
2025-09-01,2025,9,"prec",320.894958796698,"SSP2-4.5 (Middle of the Road)","Statistical"
2025-10-01,2025,10,"prec",145.637050267971,"SSP2-4.5 (Middle of the Road)","Statistical"
2025-11-01,2025,11,"prec",32.4725067916352,"SSP2-4.5 (Middle of the Road)","Statistical"
2025-12-01,2025,12,"prec",35.0939504464676,"SSP2-4.5 (Middle of the Road)","Statistical"
2026-01-01,2026,1,"prec",21.4304542765183,"SSP2-4.5 (Middle of the Road)","Statistical"
2026-02-01,2026,2,"prec",18.5484865363202,"SSP2-4.5 (Middle of the Road)","Statistical"
2026-03-01,2026,3,"prec",57.0705984362089,"SSP2-4.5 (Middle of the Road)","Statistical"
2026-04-01,2026,4,"prec",78.0774172909186,"SSP2-4.5 (Middle of the Road)","Statistical"
2026-05-01,2026,5,"prec",144.383643310774,"SSP2-4.5 (Middle of the Road)","Statistical"
2026-06-01,2026,6,"prec",379.621785912955,"SSP2-4.5 (Middle of the Road)","Statistical"
2026-07-01,2026,7,"prec",509.114661284235,"SSP2-4.5 (Middle of the Road)","Statistical"
2026-08-01,2026,8,"prec",358.833042979286,"SSP2-4.5 (Middle of the Road)","Statistical"
2026-09-01,2026,9,"prec",290.427667080364,"SSP2-4.5 (Middle of the Road)","Statistical"
2026-10-01,2026,10,"prec",133.547918439282,"SSP2-4.5 (Middle of the Road)","Statistical"
2026-11-01,2026,11,"prec",31.4008730764118,"SSP2-4.5 (Middle of the Road)","Statistical"
2026-12-01,2026,12,"prec",35.667139282277,"SSP2-4.5 (Middle of the Road)","Statistical"
2027-01-01,2027,1,"prec",19.2942810683149,"SSP2-4.5 (Middle of the Road)","Statistical"
2027-02-01,2027,2,"prec",30.3772536679471,"SSP2-4.5 (Middle of the Road)","Statistical"
2027-03-01,2027,3,"prec",41.8506969721677,"SSP2-4.5 (Middle of the Road)","Statistical"
2027-04-01,2027,4,"prec",82.2175824247855,"SSP2-4.5 (Middle of the Road)","Statistical"
2027-05-01,2027,5,"prec",163.219636135772,"SSP2-4.5 (Middle of the Road)","Statistical"
2027-06-01,2027,6,"prec",316.056275091094,"SSP2-4.5 (Middle of the Road)","Statistical"
2027-07-01,2027,7,"prec",393.256135352415,"SSP2-4.5 (Middle of the Road)","Statistical"
2027-08-01,2027,8,"prec",376.179208523158,"SSP2-4.5 (Middle of the Road)","Statistical"
2027-09-01,2027,9,"prec",319.02042430898,"SSP2-4.5 (Middle of the Road)","Statistical"
2027-10-01,2027,10,"prec",125.837022506394,"SSP2-4.5 (Middle of the Road)","Statistical"
2027-11-01,2027,11,"prec",36.0839566012588,"SSP2-4.5 (Middle of the Road)","Statistical"
2027-12-01,2027,12,"prec",30.8001387193426,"SSP2-4.5 (Middle of the Road)","Statistical"
2028-01-01,2028,1,"prec",22.3294023892488,"SSP2-4.5 (Middle of the Road)","Statistical"
2028-02-01,2028,2,"prec",34.6049231142658,"SSP2-4.5 (Middle of the Road)","Statistical"
2028-03-01,2028,3,"prec",44.3891132552157,"SSP2-4.5 (Middle of the Road)","Statistical"
2028-04-01,2028,4,"prec",98.1983105085955,"SSP2-4.5 (Middle of the Road)","Statistical"
2028-05-01,2028,5,"prec",159.442045663748,"SSP2-4.5 (Middle of the Road)","Statistical"
2028-06-01,2028,6,"prec",337.360413830391,"SSP2-4.5 (Middle of the Road)","Statistical"
2028-07-01,2028,7,"prec",455.029431210368,"SSP2-4.5 (Middle of the Road)","Statistical"
2028-08-01,2028,8,"prec",262.593297793787,"SSP2-4.5 (Middle of the Road)","Statistical"
2028-09-01,2028,9,"prec",210.466252799412,"SSP2-4.5 (Middle of the Road)","Statistical"
2028-10-01,2028,10,"prec",113.639840634349,"SSP2-4.5 (Middle of the Road)","Statistical"
2028-11-01,2028,11,"prec",48.8881181519993,"SSP2-4.5 (Middle of the Road)","Statistical"
2028-12-01,2028,12,"prec",26.0122955255276,"SSP2-4.5 (Middle of the Road)","Statistical"
2029-01-01,2029,1,"prec",20.8573637757966,"SSP2-4.5 (Middle of the Road)","Statistical"
2029-02-01,2029,2,"prec",32.935355620895,"SSP2-4.5 (Middle of the Road)","Statistical"
2029-03-01,2029,3,"prec",38.6035699699425,"SSP2-4.5 (Middle of the Road)","Statistical"
2029-04-01,2029,4,"prec",107.548649462918,"SSP2-4.5 (Middle of the Road)","Statistical"
2029-05-01,2029,5,"prec",190.476758295356,"SSP2-4.5 (Middle of the Road)","Statistical"
2029-06-01,2029,6,"prec",298.553048231684,"SSP2-4.5 (Middle of the Road)","Statistical"
2029-07-01,2029,7,"prec",532.63538079177,"SSP2-4.5 (Middle of the Road)","Statistical"
2029-08-01,2029,8,"prec",395.305722365518,"SSP2-4.5 (Middle of the Road)","Statistical"
2029-09-01,2029,9,"prec",276.412080096041,"SSP2-4.5 (Middle of the Road)","Statistical"
2029-10-01,2029,10,"prec",143.638037574925,"SSP2-4.5 (Middle of the Road)","Statistical"
2029-11-01,2029,11,"prec",48.4028986964765,"SSP2-4.5 (Middle of the Road)","Statistical"
2029-12-01,2029,12,"prec",27.3870334849326,"SSP2-4.5 (Middle of the Road)","Statistical"
2030-01-01,2030,1,"prec",32.5240424344066,"SSP2-4.5 (Middle of the Road)","Statistical"
2030-02-01,2030,2,"prec",39.9108664268197,"SSP2-4.5 (Middle of the Road)","Statistical"
2030-03-01,2030,3,"prec",45.2133115997895,"SSP2-4.5 (Middle of the Road)","Statistical"
2030-04-01,2030,4,"prec",80.3113544172749,"SSP2-4.5 (Middle of the Road)","Statistical"
2030-05-01,2030,5,"prec",154.737657393244,"SSP2-4.5 (Middle of the Road)","Statistical"
2030-06-01,2030,6,"prec",286.394835470661,"SSP2-4.5 (Middle of the Road)","Statistical"
2030-07-01,2030,7,"prec",490.134280937421,"SSP2-4.5 (Middle of the Road)","Statistical"
2030-08-01,2030,8,"prec",619.112500185551,"SSP2-4.5 (Middle of the Road)","Statistical"
2030-09-01,2030,9,"prec",324.742093828984,"SSP2-4.5 (Middle of the Road)","Statistical"
2030-10-01,2030,10,"prec",135.924556075481,"SSP2-4.5 (Middle of the Road)","Statistical"
2030-11-01,2030,11,"prec",53.7212346618883,"SSP2-4.5 (Middle of the Road)","Statistical"
2030-12-01,2030,12,"prec",27.7608126006134,"SSP2-4.5 (Middle of the Road)","Statistical"
2031-01-01,2031,1,"prec",22.1908623898744,"SSP2-4.5 (Middle of the Road)","Statistical"
2031-02-01,2031,2,"prec",34.3564857093877,"SSP2-4.5 (Middle of the Road)","Statistical"
2031-03-01,2031,3,"prec",40.5029877784182,"SSP2-4.5 (Middle of the Road)","Statistical"
2031-04-01,2031,4,"prec",123.221173055649,"SSP2-4.5 (Middle of the Road)","Statistical"
2031-05-01,2031,5,"prec",215.952493999144,"SSP2-4.5 (Middle of the Road)","Statistical"
2031-06-01,2031,6,"prec",506.307042071812,"SSP2-4.5 (Middle of the Road)","Statistical"
2031-07-01,2031,7,"prec",358.180291650573,"SSP2-4.5 (Middle of the Road)","Statistical"
2031-08-01,2031,8,"prec",351.71735324613,"SSP2-4.5 (Middle of the Road)","Statistical"
2031-09-01,2031,9,"prec",197.638914439683,"SSP2-4.5 (Middle of the Road)","Statistical"
2031-10-01,2031,10,"prec",138.191118802959,"SSP2-4.5 (Middle of the Road)","Statistical"
2031-11-01,2031,11,"prec",38.352543942705,"SSP2-4.5 (Middle of the Road)","Statistical"
2031-12-01,2031,12,"prec",23.8584788323558,"SSP2-4.5 (Middle of the Road)","Statistical"
2032-01-01,2032,1,"prec",17.3541859648554,"SSP2-4.5 (Middle of the Road)","Statistical"
2032-02-01,2032,2,"prec",43.3290717217505,"SSP2-4.5 (Middle of the Road)","Statistical"
2032-03-01,2032,3,"prec",41.8456529751966,"SSP2-4.5 (Middle of the Road)","Statistical"
2032-04-01,2032,4,"prec",94.2413680116521,"SSP2-4.5 (Middle of the Road)","Statistical"
2032-05-01,2032,5,"prec",203.63561806349,"SSP2-4.5 (Middle of the Road)","Statistical"
2032-06-01,2032,6,"prec",412.086698443269,"SSP2-4.5 (Middle of the Road)","Statistical"
2032-07-01,2032,7,"prec",454.116286943644,"SSP2-4.5 (Middle of the Road)","Statistical"
2032-08-01,2032,8,"prec",388.402534916804,"SSP2-4.5 (Middle of the Road)","Statistical"
2032-09-01,2032,9,"prec",327.27302014861,"SSP2-4.5 (Middle of the Road)","Statistical"
2032-10-01,2032,10,"prec",144.285494827387,"SSP2-4.5 (Middle of the Road)","Statistical"
2032-11-01,2032,11,"prec",40.1086562397978,"SSP2-4.5 (Middle of the Road)","Statistical"
2032-12-01,2032,12,"prec",35.3623686999025,"SSP2-4.5 (Middle of the Road)","Statistical"
2033-01-01,2033,1,"prec",14.6068646720279,"SSP2-4.5 (Middle of the Road)","Statistical"
2033-02-01,2033,2,"prec",22.4358874675025,"SSP2-4.5 (Middle of the Road)","Statistical"
2033-03-01,2033,3,"prec",48.8607285545316,"SSP2-4.5 (Middle of the Road)","Statistical"
2033-04-01,2033,4,"prec",73.0039492801891,"SSP2-4.5 (Middle of the Road)","Statistical"
2033-05-01,2033,5,"prec",132.470490014017,"SSP2-4.5 (Middle of the Road)","Statistical"
2033-06-01,2033,6,"prec",411.773956075574,"SSP2-4.5 (Middle of the Road)","Statistical"
2033-07-01,2033,7,"prec",595.910789123402,"SSP2-4.5 (Middle of the Road)","Statistical"
2033-08-01,2033,8,"prec",306.970917981886,"SSP2-4.5 (Middle of the Road)","Statistical"
2033-09-01,2033,9,"prec",320.417238521791,"SSP2-4.5 (Middle of the Road)","Statistical"
2033-10-01,2033,10,"prec",104.417013881344,"SSP2-4.5 (Middle of the Road)","Statistical"
2033-11-01,2033,11,"prec",39.6738917359115,"SSP2-4.5 (Middle of the Road)","Statistical"
2033-12-01,2033,12,"prec",30.4130045213607,"SSP2-4.5 (Middle of the Road)","Statistical"
2034-01-01,2034,1,"prec",23.4862770029404,"SSP2-4.5 (Middle of the Road)","Statistical"
2034-02-01,2034,2,"prec",27.5671892322445,"SSP2-4.5 (Middle of the Road)","Statistical"
2034-03-01,2034,3,"prec",60.422634039595,"SSP2-4.5 (Middle of the Road)","Statistical"
2034-04-01,2034,4,"prec",103.428359409526,"SSP2-4.5 (Middle of the Road)","Statistical"
2034-05-01,2034,5,"prec",207.099757074757,"SSP2-4.5 (Middle of the Road)","Statistical"
2034-06-01,2034,6,"prec",357.181593151356,"SSP2-4.5 (Middle of the Road)","Statistical"
2034-07-01,2034,7,"prec",529.045742398994,"SSP2-4.5 (Middle of the Road)","Statistical"
2034-08-01,2034,8,"prec",445.171882099232,"SSP2-4.5 (Middle of the Road)","Statistical"
2034-09-01,2034,9,"prec",270.814768077569,"SSP2-4.5 (Middle of the Road)","Statistical"
2034-10-01,2034,10,"prec",157.847741037114,"SSP2-4.5 (Middle of the Road)","Statistical"
2034-11-01,2034,11,"prec",40.6124518329656,"SSP2-4.5 (Middle of the Road)","Statistical"
2034-12-01,2034,12,"prec",34.6742033385596,"SSP2-4.5 (Middle of the Road)","Statistical"
2035-01-01,2035,1,"prec",24.6084763289928,"SSP2-4.5 (Middle of the Road)","Statistical"
2035-02-01,2035,2,"prec",29.9452151543971,"SSP2-4.5 (Middle of the Road)","Statistical"
2035-03-01,2035,3,"prec",38.4252753185694,"SSP2-4.5 (Middle of the Road)","Statistical"
2035-04-01,2035,4,"prec",116.640784016342,"SSP2-4.5 (Middle of the Road)","Statistical"
2035-05-01,2035,5,"prec",116.161656572081,"SSP2-4.5 (Middle of the Road)","Statistical"
2035-06-01,2035,6,"prec",343.724374961723,"SSP2-4.5 (Middle of the Road)","Statistical"
2035-07-01,2035,7,"prec",391.916820715448,"SSP2-4.5 (Middle of the Road)","Statistical"
2035-08-01,2035,8,"prec",423.665045150531,"SSP2-4.5 (Middle of the Road)","Statistical"
2035-09-01,2035,9,"prec",277.498735049933,"SSP2-4.5 (Middle of the Road)","Statistical"
2035-10-01,2035,10,"prec",140.250286167143,"SSP2-4.5 (Middle of the Road)","Statistical"
2035-11-01,2035,11,"prec",49.316316650235,"SSP2-4.5 (Middle of the Road)","Statistical"
2035-12-01,2035,12,"prec",28.9963899244279,"SSP2-4.5 (Middle of the Road)","Statistical"
2036-01-01,2036,1,"prec",28.1253410702223,"SSP2-4.5 (Middle of the Road)","Statistical"
2036-02-01,2036,2,"prec",29.4725594905764,"SSP2-4.5 (Middle of the Road)","Statistical"
2036-03-01,2036,3,"prec",46.834327586986,"SSP2-4.5 (Middle of the Road)","Statistical"
2036-04-01,2036,4,"prec",73.7483411647115,"SSP2-4.5 (Middle of the Road)","Statistical"
2036-05-01,2036,5,"prec",211.966971012668,"SSP2-4.5 (Middle of the Road)","Statistical"
2036-06-01,2036,6,"prec",427.937266601638,"SSP2-4.5 (Middle of the Road)","Statistical"
2036-07-01,2036,7,"prec",520.244596285273,"SSP2-4.5 (Middle of the Road)","Statistical"
2036-08-01,2036,8,"prec",602.372243563122,"SSP2-4.5 (Middle of the Road)","Statistical"
2036-09-01,2036,9,"prec",219.186955852146,"SSP2-4.5 (Middle of the Road)","Statistical"
2036-10-01,2036,10,"prec",169.383377858886,"SSP2-4.5 (Middle of the Road)","Statistical"
2036-11-01,2036,11,"prec",60.7451066827479,"SSP2-4.5 (Middle of the Road)","Statistical"
2036-12-01,2036,12,"prec",29.1162785993949,"SSP2-4.5 (Middle of the Road)","Statistical"
2037-01-01,2037,1,"prec",28.3284729948262,"SSP2-4.5 (Middle of the Road)","Statistical"
2037-02-01,2037,2,"prec",30.3137035833351,"SSP2-4.5 (Middle of the Road)","Statistical"
2037-03-01,2037,3,"prec",48.6471535391057,"SSP2-4.5 (Middle of the Road)","Statistical"
2037-04-01,2037,4,"prec",63.7735610709297,"SSP2-4.5 (Middle of the Road)","Statistical"
2037-05-01,2037,5,"prec",199.435388658118,"SSP2-4.5 (Middle of the Road)","Statistical"
2037-06-01,2037,6,"prec",494.390055795778,"SSP2-4.5 (Middle of the Road)","Statistical"
2037-07-01,2037,7,"prec",648.571007516419,"SSP2-4.5 (Middle of the Road)","Statistical"
2037-08-01,2037,8,"prec",475.51140636129,"SSP2-4.5 (Middle of the Road)","Statistical"
2037-09-01,2037,9,"prec",303.75177656518,"SSP2-4.5 (Middle of the Road)","Statistical"
2037-10-01,2037,10,"prec",162.881019014075,"SSP2-4.5 (Middle of the Road)","Statistical"
2037-11-01,2037,11,"prec",54.466166952157,"SSP2-4.5 (Middle of the Road)","Statistical"
2037-12-01,2037,12,"prec",34.4837751428203,"SSP2-4.5 (Middle of the Road)","Statistical"
2038-01-01,2038,1,"prec",22.6401730906758,"SSP2-4.5 (Middle of the Road)","Statistical"
2038-02-01,2038,2,"prec",33.7322567631268,"SSP2-4.5 (Middle of the Road)","Statistical"
2038-03-01,2038,3,"prec",31.1814731533428,"SSP2-4.5 (Middle of the Road)","Statistical"
2038-04-01,2038,4,"prec",67.3836964393781,"SSP2-4.5 (Middle of the Road)","Statistical"
2038-05-01,2038,5,"prec",177.96752232159,"SSP2-4.5 (Middle of the Road)","Statistical"
2038-06-01,2038,6,"prec",399.436802241582,"SSP2-4.5 (Middle of the Road)","Statistical"
2038-07-01,2038,7,"prec",580.712519309636,"SSP2-4.5 (Middle of the Road)","Statistical"
2038-08-01,2038,8,"prec",390.613168228965,"SSP2-4.5 (Middle of the Road)","Statistical"
2038-09-01,2038,9,"prec",388.695385199682,"SSP2-4.5 (Middle of the Road)","Statistical"
2038-10-01,2038,10,"prec",151.69862787531,"SSP2-4.5 (Middle of the Road)","Statistical"
2038-11-01,2038,11,"prec",52.9166599300328,"SSP2-4.5 (Middle of the Road)","Statistical"
2038-12-01,2038,12,"prec",30.3174594215096,"SSP2-4.5 (Middle of the Road)","Statistical"
2039-01-01,2039,1,"prec",23.7459901638572,"SSP2-4.5 (Middle of the Road)","Statistical"
2039-02-01,2039,2,"prec",46.8929137109777,"SSP2-4.5 (Middle of the Road)","Statistical"
2039-03-01,2039,3,"prec",52.1470651585265,"SSP2-4.5 (Middle of the Road)","Statistical"
2039-04-01,2039,4,"prec",133.181965508476,"SSP2-4.5 (Middle of the Road)","Statistical"
2039-05-01,2039,5,"prec",193.190605089009,"SSP2-4.5 (Middle of the Road)","Statistical"
2039-06-01,2039,6,"prec",373.463918658297,"SSP2-4.5 (Middle of the Road)","Statistical"
2039-07-01,2039,7,"prec",478.509856684772,"SSP2-4.5 (Middle of the Road)","Statistical"
2039-08-01,2039,8,"prec",589.495159799703,"SSP2-4.5 (Middle of the Road)","Statistical"
2039-09-01,2039,9,"prec",321.252187719704,"SSP2-4.5 (Middle of the Road)","Statistical"
2039-10-01,2039,10,"prec",109.862895034315,"SSP2-4.5 (Middle of the Road)","Statistical"
2039-11-01,2039,11,"prec",50.7846147159801,"SSP2-4.5 (Middle of the Road)","Statistical"
2039-12-01,2039,12,"prec",43.3894357572056,"SSP2-4.5 (Middle of the Road)","Statistical"
2040-01-01,2040,1,"prec",28.1905298144382,"SSP2-4.5 (Middle of the Road)","Statistical"
2040-02-01,2040,2,"prec",27.3695916793383,"SSP2-4.5 (Middle of the Road)","Statistical"
2040-03-01,2040,3,"prec",50.4425748440146,"SSP2-4.5 (Middle of the Road)","Statistical"
2040-04-01,2040,4,"prec",84.0484242886848,"SSP2-4.5 (Middle of the Road)","Statistical"
2040-05-01,2040,5,"prec",183.729954064212,"SSP2-4.5 (Middle of the Road)","Statistical"
2040-06-01,2040,6,"prec",263.014212338196,"SSP2-4.5 (Middle of the Road)","Statistical"
2040-07-01,2040,7,"prec",764.034731529307,"SSP2-4.5 (Middle of the Road)","Statistical"
2040-08-01,2040,8,"prec",588.679926886104,"SSP2-4.5 (Middle of the Road)","Statistical"
2040-09-01,2040,9,"prec",346.524331292834,"SSP2-4.5 (Middle of the Road)","Statistical"
2040-10-01,2040,10,"prec",152.890665082258,"SSP2-4.5 (Middle of the Road)","Statistical"
2040-11-01,2040,11,"prec",48.8947748717875,"SSP2-4.5 (Middle of the Road)","Statistical"
2040-12-01,2040,12,"prec",37.9603244140893,"SSP2-4.5 (Middle of the Road)","Statistical"
2041-01-01,2041,1,"prec",33.9744816757084,"SSP2-4.5 (Middle of the Road)","Statistical"
2041-02-01,2041,2,"prec",38.6840597792451,"SSP2-4.5 (Middle of the Road)","Statistical"
2041-03-01,2041,3,"prec",52.0005032280521,"SSP2-4.5 (Middle of the Road)","Statistical"
2041-04-01,2041,4,"prec",79.9254244041365,"SSP2-4.5 (Middle of the Road)","Statistical"
2041-05-01,2041,5,"prec",122.341974583155,"SSP2-4.5 (Middle of the Road)","Statistical"
2041-06-01,2041,6,"prec",397.089592197974,"SSP2-4.5 (Middle of the Road)","Statistical"
2041-07-01,2041,7,"prec",578.869792166099,"SSP2-4.5 (Middle of the Road)","Statistical"
2041-08-01,2041,8,"prec",433.927487722293,"SSP2-4.5 (Middle of the Road)","Statistical"
2041-09-01,2041,9,"prec",252.726921204978,"SSP2-4.5 (Middle of the Road)","Statistical"
2041-10-01,2041,10,"prec",113.338410025468,"SSP2-4.5 (Middle of the Road)","Statistical"
2041-11-01,2041,11,"prec",57.5940712371235,"SSP2-4.5 (Middle of the Road)","Statistical"
2041-12-01,2041,12,"prec",39.2789540368523,"SSP2-4.5 (Middle of the Road)","Statistical"
2042-01-01,2042,1,"prec",22.1582473806945,"SSP2-4.5 (Middle of the Road)","Statistical"
2042-02-01,2042,2,"prec",43.5457695063463,"SSP2-4.5 (Middle of the Road)","Statistical"
2042-03-01,2042,3,"prec",52.7176056351003,"SSP2-4.5 (Middle of the Road)","Statistical"
2042-04-01,2042,4,"prec",103.407917041085,"SSP2-4.5 (Middle of the Road)","Statistical"
2042-05-01,2042,5,"prec",150.358014279002,"SSP2-4.5 (Middle of the Road)","Statistical"
2042-06-01,2042,6,"prec",558.721611755674,"SSP2-4.5 (Middle of the Road)","Statistical"
2042-07-01,2042,7,"prec",540.229155224165,"SSP2-4.5 (Middle of the Road)","Statistical"
2042-08-01,2042,8,"prec",522.079061942522,"SSP2-4.5 (Middle of the Road)","Statistical"
2042-09-01,2042,9,"prec",346.098092373727,"SSP2-4.5 (Middle of the Road)","Statistical"
2042-10-01,2042,10,"prec",72.6768494736104,"SSP2-4.5 (Middle of the Road)","Statistical"
2042-11-01,2042,11,"prec",54.1719954377502,"SSP2-4.5 (Middle of the Road)","Statistical"
2042-12-01,2042,12,"prec",42.0603867132477,"SSP2-4.5 (Middle of the Road)","Statistical"
2043-01-01,2043,1,"prec",26.5336811344095,"SSP2-4.5 (Middle of the Road)","Statistical"
2043-02-01,2043,2,"prec",47.5315027763507,"SSP2-4.5 (Middle of the Road)","Statistical"
2043-03-01,2043,3,"prec",49.2774162012469,"SSP2-4.5 (Middle of the Road)","Statistical"
2043-04-01,2043,4,"prec",109.48415333451,"SSP2-4.5 (Middle of the Road)","Statistical"
2043-05-01,2043,5,"prec",161.757043858001,"SSP2-4.5 (Middle of the Road)","Statistical"
2043-06-01,2043,6,"prec",435.239911993071,"SSP2-4.5 (Middle of the Road)","Statistical"
2043-07-01,2043,7,"prec",544.458237839749,"SSP2-4.5 (Middle of the Road)","Statistical"
2043-08-01,2043,8,"prec",532.600633728494,"SSP2-4.5 (Middle of the Road)","Statistical"
2043-09-01,2043,9,"prec",365.642867360091,"SSP2-4.5 (Middle of the Road)","Statistical"
2043-10-01,2043,10,"prec",148.347099384589,"SSP2-4.5 (Middle of the Road)","Statistical"
2043-11-01,2043,11,"prec",65.0910233035148,"SSP2-4.5 (Middle of the Road)","Statistical"
2043-12-01,2043,12,"prec",37.2435708372615,"SSP2-4.5 (Middle of the Road)","Statistical"
2044-01-01,2044,1,"prec",32.0970477570381,"SSP2-4.5 (Middle of the Road)","Statistical"
2044-02-01,2044,2,"prec",40.547372251456,"SSP2-4.5 (Middle of the Road)","Statistical"
2044-03-01,2044,3,"prec",40.9744994295603,"SSP2-4.5 (Middle of the Road)","Statistical"
2044-04-01,2044,4,"prec",101.315087412053,"SSP2-4.5 (Middle of the Road)","Statistical"
2044-05-01,2044,5,"prec",183.139466478013,"SSP2-4.5 (Middle of the Road)","Statistical"
2044-06-01,2044,6,"prec",443.636090542824,"SSP2-4.5 (Middle of the Road)","Statistical"
2044-07-01,2044,7,"prec",508.546646742588,"SSP2-4.5 (Middle of the Road)","Statistical"
2044-08-01,2044,8,"prec",530.065302561721,"SSP2-4.5 (Middle of the Road)","Statistical"
2044-09-01,2044,9,"prec",368.362092686894,"SSP2-4.5 (Middle of the Road)","Statistical"
2044-10-01,2044,10,"prec",166.646972581235,"SSP2-4.5 (Middle of the Road)","Statistical"
2044-11-01,2044,11,"prec",55.9408953248765,"SSP2-4.5 (Middle of the Road)","Statistical"
2044-12-01,2044,12,"prec",35.2971702867765,"SSP2-4.5 (Middle of the Road)","Statistical"
2045-01-01,2045,1,"prec",20.8709822436173,"SSP2-4.5 (Middle of the Road)","Statistical"
2045-02-01,2045,2,"prec",25.3119534656318,"SSP2-4.5 (Middle of the Road)","Statistical"
2045-03-01,2045,3,"prec",41.4192072748627,"SSP2-4.5 (Middle of the Road)","Statistical"
2045-04-01,2045,4,"prec",102.528291294039,"SSP2-4.5 (Middle of the Road)","Statistical"
2045-05-01,2045,5,"prec",217.677167165881,"SSP2-4.5 (Middle of the Road)","Statistical"
2045-06-01,2045,6,"prec",358.394946504068,"SSP2-4.5 (Middle of the Road)","Statistical"
2045-07-01,2045,7,"prec",410.229994531974,"SSP2-4.5 (Middle of the Road)","Statistical"
2045-08-01,2045,8,"prec",421.967628717322,"SSP2-4.5 (Middle of the Road)","Statistical"
2045-09-01,2045,9,"prec",426.947515816846,"SSP2-4.5 (Middle of the Road)","Statistical"
2045-10-01,2045,10,"prec",156.135259518508,"SSP2-4.5 (Middle of the Road)","Statistical"
2045-11-01,2045,11,"prec",44.4497766179723,"SSP2-4.5 (Middle of the Road)","Statistical"
2045-12-01,2045,12,"prec",36.3529593922757,"SSP2-4.5 (Middle of the Road)","Statistical"
2046-01-01,2046,1,"prec",19.5342344223204,"SSP2-4.5 (Middle of the Road)","Statistical"
2046-02-01,2046,2,"prec",37.4988742075935,"SSP2-4.5 (Middle of the Road)","Statistical"
2046-03-01,2046,3,"prec",52.9953319419291,"SSP2-4.5 (Middle of the Road)","Statistical"
2046-04-01,2046,4,"prec",109.784736727953,"SSP2-4.5 (Middle of the Road)","Statistical"
2046-05-01,2046,5,"prec",165.859171457203,"SSP2-4.5 (Middle of the Road)","Statistical"
2046-06-01,2046,6,"prec",570.190769511244,"SSP2-4.5 (Middle of the Road)","Statistical"
2046-07-01,2046,7,"prec",517.329640377258,"SSP2-4.5 (Middle of the Road)","Statistical"
2046-08-01,2046,8,"prec",504.458626399732,"SSP2-4.5 (Middle of the Road)","Statistical"
2046-09-01,2046,9,"prec",330.715305447419,"SSP2-4.5 (Middle of the Road)","Statistical"
2046-10-01,2046,10,"prec",177.603513962901,"SSP2-4.5 (Middle of the Road)","Statistical"
2046-11-01,2046,11,"prec",58.3335622882575,"SSP2-4.5 (Middle of the Road)","Statistical"
2046-12-01,2046,12,"prec",36.0640987006298,"SSP2-4.5 (Middle of the Road)","Statistical"
2047-01-01,2047,1,"prec",25.6399070177988,"SSP2-4.5 (Middle of the Road)","Statistical"
2047-02-01,2047,2,"prec",35.2210417973329,"SSP2-4.5 (Middle of the Road)","Statistical"
2047-03-01,2047,3,"prec",57.6848382877375,"SSP2-4.5 (Middle of the Road)","Statistical"
2047-04-01,2047,4,"prec",111.217481365939,"SSP2-4.5 (Middle of the Road)","Statistical"
2047-05-01,2047,5,"prec",204.461635875513,"SSP2-4.5 (Middle of the Road)","Statistical"
2047-06-01,2047,6,"prec",579.457418229875,"SSP2-4.5 (Middle of the Road)","Statistical"
2047-07-01,2047,7,"prec",654.2504456819,"SSP2-4.5 (Middle of the Road)","Statistical"
2047-08-01,2047,8,"prec",559.888267835356,"SSP2-4.5 (Middle of the Road)","Statistical"
2047-09-01,2047,9,"prec",272.092890128343,"SSP2-4.5 (Middle of the Road)","Statistical"
2047-10-01,2047,10,"prec",156.817665691926,"SSP2-4.5 (Middle of the Road)","Statistical"
2047-11-01,2047,11,"prec",42.2468479727556,"SSP2-4.5 (Middle of the Road)","Statistical"
2047-12-01,2047,12,"prec",47.2952383753136,"SSP2-4.5 (Middle of the Road)","Statistical"
2048-01-01,2048,1,"prec",26.9537792461008,"SSP2-4.5 (Middle of the Road)","Statistical"
2048-02-01,2048,2,"prec",41.2768258712172,"SSP2-4.5 (Middle of the Road)","Statistical"
2048-03-01,2048,3,"prec",58.4371633763437,"SSP2-4.5 (Middle of the Road)","Statistical"
2048-04-01,2048,4,"prec",92.7626432666026,"SSP2-4.5 (Middle of the Road)","Statistical"
2048-05-01,2048,5,"prec",155.711200215228,"SSP2-4.5 (Middle of the Road)","Statistical"
2048-06-01,2048,6,"prec",516.39896678167,"SSP2-4.5 (Middle of the Road)","Statistical"
2048-07-01,2048,7,"prec",748.649670199872,"SSP2-4.5 (Middle of the Road)","Statistical"
2048-08-01,2048,8,"prec",586.874668733408,"SSP2-4.5 (Middle of the Road)","Statistical"
2048-09-01,2048,9,"prec",350.334050524868,"SSP2-4.5 (Middle of the Road)","Statistical"
2048-10-01,2048,10,"prec",185.613958545767,"SSP2-4.5 (Middle of the Road)","Statistical"
2048-11-01,2048,11,"prec",60.8946479065161,"SSP2-4.5 (Middle of the Road)","Statistical"
2048-12-01,2048,12,"prec",36.944606570451,"SSP2-4.5 (Middle of the Road)","Statistical"
2049-01-01,2049,1,"prec",23.8807515509939,"SSP2-4.5 (Middle of the Road)","Statistical"
2049-02-01,2049,2,"prec",41.9128715535186,"SSP2-4.5 (Middle of the Road)","Statistical"
2049-03-01,2049,3,"prec",50.4652661803527,"SSP2-4.5 (Middle of the Road)","Statistical"
2049-04-01,2049,4,"prec",115.543791874351,"SSP2-4.5 (Middle of the Road)","Statistical"
2049-05-01,2049,5,"prec",213.529530738934,"SSP2-4.5 (Middle of the Road)","Statistical"
2049-06-01,2049,6,"prec",582.127353614743,"SSP2-4.5 (Middle of the Road)","Statistical"
2049-07-01,2049,7,"prec",697.381432648296,"SSP2-4.5 (Middle of the Road)","Statistical"
2049-08-01,2049,8,"prec",645.582167217727,"SSP2-4.5 (Middle of the Road)","Statistical"
2049-09-01,2049,9,"prec",250.02092847314,"SSP2-4.5 (Middle of the Road)","Statistical"
2049-10-01,2049,10,"prec",114.278254540141,"SSP2-4.5 (Middle of the Road)","Statistical"
2049-11-01,2049,11,"prec",47.0921342704913,"SSP2-4.5 (Middle of the Road)","Statistical"
2049-12-01,2049,12,"prec",32.956281647622,"SSP2-4.5 (Middle of the Road)","Statistical"
2050-01-01,2050,1,"prec",32.0287848776803,"SSP2-4.5 (Middle of the Road)","Statistical"
2050-02-01,2050,2,"prec",49.2965623493977,"SSP2-4.5 (Middle of the Road)","Statistical"
2050-03-01,2050,3,"prec",61.7234050569249,"SSP2-4.5 (Middle of the Road)","Statistical"
2050-04-01,2050,4,"prec",124.569049938266,"SSP2-4.5 (Middle of the Road)","Statistical"
2050-05-01,2050,5,"prec",214.009638956621,"SSP2-4.5 (Middle of the Road)","Statistical"
2050-06-01,2050,6,"prec",601.007977415628,"SSP2-4.5 (Middle of the Road)","Statistical"
2050-07-01,2050,7,"prec",835.332082384572,"SSP2-4.5 (Middle of the Road)","Statistical"
2050-08-01,2050,8,"prec",658.542682859186,"SSP2-4.5 (Middle of the Road)","Statistical"
2050-09-01,2050,9,"prec",396.375880784978,"SSP2-4.5 (Middle of the Road)","Statistical"
2050-10-01,2050,10,"prec",193.573610393838,"SSP2-4.5 (Middle of the Road)","Statistical"
2050-11-01,2050,11,"prec",28.5611399939193,"SSP2-4.5 (Middle of the Road)","Statistical"
2050-12-01,2050,12,"prec",35.9467070926193,"SSP2-4.5 (Middle of the Road)","Statistical"
2051-01-01,2051,1,"prec",35.7845165956884,"SSP2-4.5 (Middle of the Road)","Statistical"
2051-02-01,2051,2,"prec",40.7743265638377,"SSP2-4.5 (Middle of the Road)","Statistical"
2051-03-01,2051,3,"prec",59.5683017881272,"SSP2-4.5 (Middle of the Road)","Statistical"
2051-04-01,2051,4,"prec",127.20414015608,"SSP2-4.5 (Middle of the Road)","Statistical"
2051-05-01,2051,5,"prec",229.659853889435,"SSP2-4.5 (Middle of the Road)","Statistical"
2051-06-01,2051,6,"prec",435.774081550442,"SSP2-4.5 (Middle of the Road)","Statistical"
2051-07-01,2051,7,"prec",600.467779829496,"SSP2-4.5 (Middle of the Road)","Statistical"
2051-08-01,2051,8,"prec",663.345054725395,"SSP2-4.5 (Middle of the Road)","Statistical"
2051-09-01,2051,9,"prec",377.53460468934,"SSP2-4.5 (Middle of the Road)","Statistical"
2051-10-01,2051,10,"prec",169.513147496425,"SSP2-4.5 (Middle of the Road)","Statistical"
2051-11-01,2051,11,"prec",68.4213039465692,"SSP2-4.5 (Middle of the Road)","Statistical"
2051-12-01,2051,12,"prec",46.7311965884677,"SSP2-4.5 (Middle of the Road)","Statistical"
2052-01-01,2052,1,"prec",24.3093605245086,"SSP2-4.5 (Middle of the Road)","Statistical"
2052-02-01,2052,2,"prec",49.6660036223751,"SSP2-4.5 (Middle of the Road)","Statistical"
2052-03-01,2052,3,"prec",68.3885747992642,"SSP2-4.5 (Middle of the Road)","Statistical"
2052-04-01,2052,4,"prec",119.176575626968,"SSP2-4.5 (Middle of the Road)","Statistical"
2052-05-01,2052,5,"prec",200.747875581603,"SSP2-4.5 (Middle of the Road)","Statistical"
2052-06-01,2052,6,"prec",491.72340749905,"SSP2-4.5 (Middle of the Road)","Statistical"
2052-07-01,2052,7,"prec",738.486246839065,"SSP2-4.5 (Middle of the Road)","Statistical"
2052-08-01,2052,8,"prec",473.173841651927,"SSP2-4.5 (Middle of the Road)","Statistical"
2052-09-01,2052,9,"prec",368.329188966008,"SSP2-4.5 (Middle of the Road)","Statistical"
2052-10-01,2052,10,"prec",221.889899434969,"SSP2-4.5 (Middle of the Road)","Statistical"
2052-11-01,2052,11,"prec",68.434033074052,"SSP2-4.5 (Middle of the Road)","Statistical"
2052-12-01,2052,12,"prec",42.0388659618062,"SSP2-4.5 (Middle of the Road)","Statistical"
2053-01-01,2053,1,"prec",20.8484314899888,"SSP2-4.5 (Middle of the Road)","Statistical"
2053-02-01,2053,2,"prec",43.428552645764,"SSP2-4.5 (Middle of the Road)","Statistical"
2053-03-01,2053,3,"prec",55.7303507964188,"SSP2-4.5 (Middle of the Road)","Statistical"
2053-04-01,2053,4,"prec",132.272356445647,"SSP2-4.5 (Middle of the Road)","Statistical"
2053-05-01,2053,5,"prec",234.519425793364,"SSP2-4.5 (Middle of the Road)","Statistical"
2053-06-01,2053,6,"prec",425.096510561273,"SSP2-4.5 (Middle of the Road)","Statistical"
2053-07-01,2053,7,"prec",698.330303058406,"SSP2-4.5 (Middle of the Road)","Statistical"
2053-08-01,2053,8,"prec",531.496406361598,"SSP2-4.5 (Middle of the Road)","Statistical"
2053-09-01,2053,9,"prec",324.506666741849,"SSP2-4.5 (Middle of the Road)","Statistical"
2053-10-01,2053,10,"prec",120.529713935166,"SSP2-4.5 (Middle of the Road)","Statistical"
2053-11-01,2053,11,"prec",56.0179958154902,"SSP2-4.5 (Middle of the Road)","Statistical"
2053-12-01,2053,12,"prec",29.2598324571845,"SSP2-4.5 (Middle of the Road)","Statistical"
2024-01-01,2024,1,"prec",41.1844611339711,"SSP2-4.5 (Middle of the Road)","ARIMA"
2024-02-01,2024,2,"prec",86.2187295013761,"SSP2-4.5 (Middle of the Road)","ARIMA"
2024-03-01,2024,3,"prec",154.588365882952,"SSP2-4.5 (Middle of the Road)","ARIMA"
2024-04-01,2024,4,"prec",311.224179577478,"SSP2-4.5 (Middle of the Road)","ARIMA"
2024-05-01,2024,5,"prec",429.786499628986,"SSP2-4.5 (Middle of the Road)","ARIMA"
2024-06-01,2024,6,"prec",401.674007286138,"SSP2-4.5 (Middle of the Road)","ARIMA"
2024-07-01,2024,7,"prec",249.038918697135,"SSP2-4.5 (Middle of the Road)","ARIMA"
2024-08-01,2024,8,"prec",124.710750206866,"SSP2-4.5 (Middle of the Road)","ARIMA"
2024-09-01,2024,9,"prec",47.3994790236547,"SSP2-4.5 (Middle of the Road)","ARIMA"
2024-10-01,2024,10,"prec",28.2489489324658,"SSP2-4.5 (Middle of the Road)","ARIMA"
2024-11-01,2024,11,"prec",22.6338288375865,"SSP2-4.5 (Middle of the Road)","ARIMA"
2024-12-01,2024,12,"prec",33.0137029402118,"SSP2-4.5 (Middle of the Road)","ARIMA"
2025-01-01,2025,1,"prec",42.2395723607496,"SSP2-4.5 (Middle of the Road)","ARIMA"
2025-02-01,2025,2,"prec",87.7043144476009,"SSP2-4.5 (Middle of the Road)","ARIMA"
2025-03-01,2025,3,"prec",156.896119472348,"SSP2-4.5 (Middle of the Road)","ARIMA"
2025-04-01,2025,4,"prec",315.411535612852,"SSP2-4.5 (Middle of the Road)","ARIMA"
2025-05-01,2025,5,"prec",435.396603935613,"SSP2-4.5 (Middle of the Road)","ARIMA"
2025-06-01,2025,6,"prec",406.982974982205,"SSP2-4.5 (Middle of the Road)","ARIMA"
2025-07-01,2025,7,"prec",252.51626533025,"SSP2-4.5 (Middle of the Road)","ARIMA"
2025-08-01,2025,8,"prec",126.696158818096,"SSP2-4.5 (Middle of the Road)","ARIMA"
2025-09-01,2025,9,"prec",48.4571523806863,"SSP2-4.5 (Middle of the Road)","ARIMA"
2025-10-01,2025,10,"prec",29.0406026240515,"SSP2-4.5 (Middle of the Road)","ARIMA"
2025-11-01,2025,11,"prec",23.3581010880336,"SSP2-4.5 (Middle of the Road)","ARIMA"
2025-12-01,2025,12,"prec",33.8625336798904,"SSP2-4.5 (Middle of the Road)","ARIMA"
2026-01-01,2026,1,"prec",43.2045455291274,"SSP2-4.5 (Middle of the Road)","ARIMA"
2026-02-01,2026,2,"prec",89.2148645210209,"SSP2-4.5 (Middle of the Road)","ARIMA"
2026-03-01,2026,3,"prec",159.236971206065,"SSP2-4.5 (Middle of the Road)","ARIMA"
2026-04-01,2026,4,"prec",319.654572340255,"SSP2-4.5 (Middle of the Road)","ARIMA"
2026-05-01,2026,5,"prec",441.079461482889,"SSP2-4.5 (Middle of the Road)","ARIMA"
2026-06-01,2026,6,"prec",412.361516846044,"SSP2-4.5 (Middle of the Road)","ARIMA"
2026-07-01,2026,7,"prec",256.041206678266,"SSP2-4.5 (Middle of the Road)","ARIMA"
2026-08-01,2026,8,"prec",128.711258887966,"SSP2-4.5 (Middle of the Road)","ARIMA"
2026-09-01,2026,9,"prec",49.5333843733073,"SSP2-4.5 (Middle of the Road)","ARIMA"
2026-10-01,2026,10,"prec",29.8471881555889,"SSP2-4.5 (Middle of the Road)","ARIMA"
2026-11-01,2026,11,"prec",24.0964966011389,"SSP2-4.5 (Middle of the Road)","ARIMA"
2026-12-01,2026,12,"prec",34.7269823840979,"SSP2-4.5 (Middle of the Road)","ARIMA"
2027-01-01,2027,1,"prec",44.1865955551263,"SSP2-4.5 (Middle of the Road)","ARIMA"
2027-02-01,2027,2,"prec",90.7490383749225,"SSP2-4.5 (Middle of the Road)","ARIMA"
2027-03-01,2027,3,"prec",161.611410340187,"SSP2-4.5 (Middle of the Road)","ARIMA"
2027-04-01,2027,4,"prec",323.954022687988,"SSP2-4.5 (Middle of the Road)","ARIMA"
2027-05-01,2027,5,"prec",446.836010500334,"SSP2-4.5 (Middle of the Road)","ARIMA"
2027-06-01,2027,6,"prec",417.810538166218,"SSP2-4.5 (Middle of the Road)","ARIMA"
2027-07-01,2027,7,"prec",259.614384276426,"SSP2-4.5 (Middle of the Road)","ARIMA"
2027-08-01,2027,8,"prec",130.756477112643,"SSP2-4.5 (Middle of the Road)","ARIMA"
2027-09-01,2027,9,"prec",50.6284681038084,"SSP2-4.5 (Middle of the Road)","ARIMA"
2027-10-01,2027,10,"prec",30.6689498931055,"SSP2-4.5 (Middle of the Road)","ARIMA"
2027-11-01,2027,11,"prec",24.849250040002,"SSP2-4.5 (Middle of the Road)","ARIMA"
2027-12-01,2027,12,"prec",35.6073016523566,"SSP2-4.5 (Middle of the Road)","ARIMA"
2028-01-01,2028,1,"prec",45.1859933271931,"SSP2-4.5 (Middle of the Road)","ARIMA"
2028-02-01,2028,2,"prec",92.3071854608269,"SSP2-4.5 (Middle of the Road)","ARIMA"
2028-03-01,2028,3,"prec",164.019905889675,"SSP2-4.5 (Middle of the Road)","ARIMA"
2028-04-01,2028,4,"prec",328.310629585649,"SSP2-4.5 (Middle of the Road)","ARIMA"
2028-05-01,2028,5,"prec",452.667201251743,"SSP2-4.5 (Middle of the Road)","ARIMA"
2028-06-01,2028,6,"prec",423.330955939651,"SSP2-4.5 (Middle of the Road)","ARIMA"
2028-07-01,2028,7,"prec",263.236448203181,"SSP2-4.5 (Middle of the Road)","ARIMA"
2028-08-01,2028,8,"prec",132.832246153433,"SSP2-4.5 (Middle of the Road)","ARIMA"
2028-09-01,2028,9,"prec",51.7427010364918,"SSP2-4.5 (Middle of the Road)","ARIMA"
2028-10-01,2028,10,"prec",31.506135917228,"SSP2-4.5 (Middle of the Road)","ARIMA"
2028-11-01,2028,11,"prec",25.6165996658873,"SSP2-4.5 (Middle of the Road)","ARIMA"
2028-12-01,2028,12,"prec",36.5037478975902,"SSP2-4.5 (Middle of the Road)","ARIMA"
2029-01-01,2029,1,"prec",46.2030137760296,"SSP2-4.5 (Middle of the Road)","ARIMA"
2029-02-01,2029,2,"prec",93.889660215267,"SSP2-4.5 (Middle of the Road)","ARIMA"
2029-03-01,2029,3,"prec",166.462933289261,"SSP2-4.5 (Middle of the Road)","ARIMA"
2029-04-01,2029,4,"prec",332.725145669587,"SSP2-4.5 (Middle of the Road)","ARIMA"
2029-05-01,2029,5,"prec",458.573996195674,"SSP2-4.5 (Middle of the Road)","ARIMA"
2029-06-01,2029,6,"prec",428.923699022149,"SSP2-4.5 (Middle of the Road)","ARIMA"
2029-07-01,2029,7,"prec",266.908057192842,"SSP2-4.5 (Middle of the Road)","ARIMA"
2029-08-01,2029,8,"prec",134.939004718497,"SSP2-4.5 (Middle of the Road)","ARIMA"
2029-09-01,2029,9,"prec",52.8763850601526,"SSP2-4.5 (Middle of the Road)","ARIMA"
2029-10-01,2029,10,"prec",32.3589980771449,"SSP2-4.5 (Middle of the Road)","ARIMA"
2029-11-01,2029,11,"prec",26.3987873907881,"SSP2-4.5 (Middle of the Road)","ARIMA"
2029-12-01,2029,12,"prec",37.4165814012714,"SSP2-4.5 (Middle of the Road)","ARIMA"
2030-01-01,2030,1,"prec",47.237935932599,"SSP2-4.5 (Middle of the Road)","ARIMA"
2030-02-01,2030,2,"prec",95.4968221291072,"SSP2-4.5 (Middle of the Road)","ARIMA"
2030-03-01,2030,3,"prec",168.940974479989,"SSP2-4.5 (Middle of the Road)","ARIMA"
2030-04-01,2030,4,"prec",337.198333408879,"SSP2-4.5 (Middle of the Road)","ARIMA"
2030-05-01,2030,5,"prec",464.557370141279,"SSP2-4.5 (Middle of the Road)","ARIMA"
2030-06-01,2030,6,"prec",434.589708280973,"SSP2-4.5 (Middle of the Road)","ARIMA"
2030-07-01,2030,7,"prec",270.629878749714,"SSP2-4.5 (Middle of the Road)","ARIMA"
2030-08-01,2030,8,"prec",137.077197645676,"SSP2-4.5 (Middle of the Road)","ARIMA"
2030-09-01,2030,9,"prec",54.0298265514321,"SSP2-4.5 (Middle of the Road)","ARIMA"
2030-10-01,2030,10,"prec",33.2277920453277,"SSP2-4.5 (Middle of the Road)","ARIMA"
2030-11-01,2030,11,"prec",27.1960588307346,"SSP2-4.5 (Middle of the Road)","ARIMA"
2030-12-01,2030,12,"prec",38.3460663693437,"SSP2-4.5 (Middle of the Road)","ARIMA"
2031-01-01,2031,1,"prec",48.2910429869423,"SSP2-4.5 (Middle of the Road)","ARIMA"
2031-02-01,2031,2,"prec",97.1290358178087,"SSP2-4.5 (Middle of the Road)","ARIMA"
2031-03-01,2031,3,"prec",171.454517996901,"SSP2-4.5 (Middle of the Road)","ARIMA"
2031-04-01,2031,4,"prec",341.730965232938,"SSP2-4.5 (Middle of the Road)","ARIMA"
2031-05-01,2031,5,"prec",470.618310406127,"SSP2-4.5 (Middle of the Road)","ARIMA"
2031-06-01,2031,6,"prec",440.329936749349,"SSP2-4.5 (Middle of the Road)","ARIMA"
2031-07-01,2031,7,"prec",274.402589263715,"SSP2-4.5 (Middle of the Road)","ARIMA"
2031-08-01,2031,8,"prec",139.247275986429,"SSP2-4.5 (Middle of the Road)","ARIMA"
2031-09-01,2031,9,"prec",55.2033364390536,"SSP2-4.5 (Middle of the Road)","ARIMA"
2031-10-01,2031,10,"prec",34.1127773730238,"SSP2-4.5 (Middle of the Road)","ARIMA"
2031-11-01,2031,11,"prec",28.0086633598556,"SSP2-4.5 (Middle of the Road)","ARIMA"
2031-12-01,2031,12,"prec",39.292470988928,"SSP2-4.5 (Middle of the Road)","ARIMA"
2032-01-01,2032,1,"prec",49.3626223478156,"SSP2-4.5 (Middle of the Road)","ARIMA"
2032-02-01,2032,2,"prec",98.7866710926523,"SSP2-4.5 (Middle of the Road)","ARIMA"
2032-03-01,2032,3,"prec",174.004059057894,"SSP2-4.5 (Middle of the Road)","ARIMA"
2032-04-01,2032,4,"prec",346.323823660763,"SSP2-4.5 (Middle of the Road)","ARIMA"
2032-05-01,2032,5,"prec",476.75781697603,"SSP2-4.5 (Middle of the Road)","ARIMA"
2032-06-01,2032,6,"prec",446.145349782973,"SSP2-4.5 (Middle of the Road)","ARIMA"
2032-07-01,2032,7,"prec",278.226874127512,"SSP2-4.5 (Middle of the Road)","ARIMA"
2032-08-01,2032,8,"prec",141.449697090898,"SSP2-4.5 (Middle of the Road)","ARIMA"
2032-09-01,2032,9,"prec",56.3972302689546,"SSP2-4.5 (Middle of the Road)","ARIMA"
2032-10-01,2032,10,"prec",35.01421754653,"SSP2-4.5 (Middle of the Road)","ARIMA"
2032-11-01,2032,11,"prec",28.8368541652038,"SSP2-4.5 (Middle of the Road)","ARIMA"
2032-12-01,2032,12,"prec",40.2560674858251,"SSP2-4.5 (Middle of the Road)","ARIMA"
2033-01-01,2033,1,"prec",50.4529657031597,"SSP2-4.5 (Middle of the Road)","ARIMA"
2033-02-01,2033,2,"prec",100.470103032935,"SSP2-4.5 (Middle of the Road)","ARIMA"
2033-03-01,2033,3,"prec",176.590099653759,"SSP2-4.5 (Middle of the Road)","ARIMA"
2033-04-01,2033,4,"prec",350.977701431862,"SSP2-4.5 (Middle of the Road)","ARIMA"
2033-05-01,2033,5,"prec",482.976902666913,"SSP2-4.5 (Middle of the Road)","ARIMA"
2033-06-01,2033,6,"prec",452.036925218513,"SSP2-4.5 (Middle of the Road)","ARIMA"
2033-07-01,2033,7,"prec",282.103427855186,"SSP2-4.5 (Middle of the Road)","ARIMA"
2033-08-01,2033,8,"prec",143.684924694133,"SSP2-4.5 (Middle of the Road)","ARIMA"
2033-09-01,2033,9,"prec",57.611828270326,"SSP2-4.5 (Middle of the Road)","ARIMA"
2033-10-01,2033,10,"prec",35.9323800442587,"SSP2-4.5 (Middle of the Road)","ARIMA"
2033-11-01,2033,11,"prec",29.6808883023566,"SSP2-4.5 (Middle of the Road)","ARIMA"
2033-12-01,2033,12,"prec",41.2371321828253,"SSP2-4.5 (Middle of the Road)","ARIMA"
2034-01-01,2034,1,"prec",51.562369081414,"SSP2-4.5 (Middle of the Road)","ARIMA"
2034-02-01,2034,2,"prec",102.179712059146,"SSP2-4.5 (Middle of the Road)","ARIMA"
2034-03-01,2034,3,"prec",179.213148639421,"SSP2-4.5 (Middle of the Road)","ARIMA"
2034-04-01,2034,4,"prec",355.693401638861,"SSP2-4.5 (Middle of the Road)","ARIMA"
2034-05-01,2034,5,"prec",489.276593288732,"SSP2-4.5 (Middle of the Road)","ARIMA"
2034-06-01,2034,6,"prec",458.005653534137,"SSP2-4.5 (Middle of the Road)","ARIMA"
2034-07-01,2034,7,"prec",286.03295420245,"SSP2-4.5 (Middle of the Road)","ARIMA"
2034-08-01,2034,8,"prec",145.953429003464,"SSP2-4.5 (Middle of the Road)","ARIMA"
2034-09-01,2034,9,"prec",58.8474554225716,"SSP2-4.5 (Middle of the Road)","ARIMA"
2034-10-01,2034,10,"prec",36.8675363946062,"SSP2-4.5 (Middle of the Road)","ARIMA"
2034-11-01,2034,11,"prec",30.5410267518013,"SSP2-4.5 (Middle of the Road)","ARIMA"
2034-12-01,2034,12,"prec",42.2359455588356,"SSP2-4.5 (Middle of the Road)","ARIMA"
2035-01-01,2035,1,"prec",52.6911329136852,"SSP2-4.5 (Middle of the Road)","ARIMA"
2035-02-01,2035,2,"prec",103.91588400715,"SSP2-4.5 (Middle of the Road)","ARIMA"
2035-03-01,2035,3,"prec",181.873721826388,"SSP2-4.5 (Middle of the Road)","ARIMA"
2035-04-01,2035,4,"prec",360.471737861822,"SSP2-4.5 (Middle of the Road)","ARIMA"
2035-05-01,2035,5,"prec",495.657927811491,"SSP2-4.5 (Middle of the Road)","ARIMA"
2035-06-01,2035,6,"prec",464.052538012104,"SSP2-4.5 (Middle of the Road)","ARIMA"
2035-07-01,2035,7,"prec",290.016166288437,"SSP2-4.5 (Middle of the Road)","ARIMA"
2035-08-01,2035,8,"prec",148.255686787064,"SSP2-4.5 (Middle of the Road)","ARIMA"
2035-09-01,2035,9,"prec",60.1044415232002,"SSP2-4.5 (Middle of the Road)","ARIMA"
2035-10-01,2035,10,"prec",37.8199622346356,"SSP2-4.5 (Middle of the Road)","ARIMA"
2035-11-01,2035,11,"prec",31.4175344761171,"SSP2-4.5 (Middle of the Road)","ARIMA"
2035-12-01,2035,12,"prec",43.2527923088358,"SSP2-4.5 (Middle of the Road)","ARIMA"
2036-01-01,2036,1,"prec",53.8395620967831,"SSP2-4.5 (Middle of the Road)","ARIMA"
2036-02-01,2036,2,"prec",105.67901020337,"SSP2-4.5 (Middle of the Road)","ARIMA"
2036-03-01,2036,3,"prec",184.572342076438,"SSP2-4.5 (Middle of the Road)","ARIMA"
2036-04-01,2036,4,"prec",365.313534304297,"SSP2-4.5 (Middle of the Road)","ARIMA"
2036-05-01,2036,5,"prec",502.121958533363,"SSP2-4.5 (Middle of the Road)","ARIMA"
2036-06-01,2036,6,"prec",470.178594903434,"SSP2-4.5 (Middle of the Road)","ARIMA"
2036-07-01,2036,7,"prec",294.053786719083,"SSP2-4.5 (Middle of the Road)","ARIMA"
2036-08-01,2036,8,"prec",150.592181463693,"SSP2-4.5 (Middle of the Road)","ARIMA"
2036-09-01,2036,9,"prec",61.383121256663,"SSP2-4.5 (Middle of the Road)","ARIMA"
2036-10-01,2036,10,"prec",38.789937369585,"SSP2-4.5 (Middle of the Road)","ARIMA"
2036-11-01,2036,11,"prec",32.3106804779642,"SSP2-4.5 (Middle of the Road)","ARIMA"
2036-12-01,2036,12,"prec",44.2879614046755,"SSP2-4.5 (Middle of the Road)","ARIMA"
2037-01-01,2037,1,"prec",55.0079660571358,"SSP2-4.5 (Middle of the Road)","ARIMA"
2037-02-01,2037,2,"prec",107.469487541001,"SSP2-4.5 (Middle of the Road)","ARIMA"
2037-03-01,2037,3,"prec",187.309539396547,"SSP2-4.5 (Middle of the Road)","ARIMA"
2037-04-01,2037,4,"prec",370.21962593114,"SSP2-4.5 (Middle of the Road)","ARIMA"
2037-05-01,2037,5,"prec",508.669751250954,"SSP2-4.5 (Middle of the Road)","ARIMA"
2037-06-01,2037,6,"prec",476.384853594682,"SSP2-4.5 (Middle of the Road)","ARIMA"
2037-07-01,2037,7,"prec",298.146547712118,"SSP2-4.5 (Middle of the Road)","ARIMA"
2037-08-01,2037,8,"prec",152.963403193664,"SSP2-4.5 (Middle of the Road)","ARIMA"
2037-09-01,2037,9,"prec",62.6838342641496,"SSP2-4.5 (Middle of the Road)","ARIMA"
2037-10-01,2037,10,"prec",39.7777458332113,"SSP2-4.5 (Middle of the Road)","ARIMA"
2037-11-01,2037,11,"prec",33.220737858891,"SSP2-4.5 (Middle of the Road)","ARIMA"
2037-12-01,2037,12,"prec",45.3417461567229,"SSP2-4.5 (Middle of the Road)","ARIMA"
2038-01-01,2038,1,"prec",56.196658815595,"SSP2-4.5 (Middle of the Road)","ARIMA"
2038-02-01,2038,2,"prec",109.287718557267,"SSP2-4.5 (Middle of the Road)","ARIMA"
2038-03-01,2038,3,"prec",190.085851035079,"SSP2-4.5 (Middle of the Road)","ARIMA"
2038-04-01,2038,4,"prec",375.190858608087,"SSP2-4.5 (Middle of the Road)","ARIMA"
2038-05-01,2038,5,"prec",515.302385431739,"SSP2-4.5 (Middle of the Road)","ARIMA"
2038-06-01,2038,6,"prec",482.672356776853,"SSP2-4.5 (Middle of the Road)","ARIMA"
2038-07-01,2038,7,"prec",302.295191223699,"SSP2-4.5 (Middle of the Road)","ARIMA"
2038-08-01,2038,8,"prec",155.369848971023,"SSP2-4.5 (Middle of the Road)","ARIMA"
2038-09-01,2038,9,"prec",64.0069252143549,"SSP2-4.5 (Middle of the Road)","ARIMA"
2038-10-01,2038,10,"prec",40.7836759489834,"SSP2-4.5 (Middle of the Road)","ARIMA"
2038-11-01,2038,11,"prec",34.1479838789713,"SSP2-4.5 (Middle of the Road)","ARIMA"
2038-12-01,2038,12,"prec",46.4144442763772,"SSP2-4.5 (Middle of the Road)","ARIMA"
2039-01-01,2039,1,"prec",57.405959053145,"SSP2-4.5 (Middle of the Road)","ARIMA"
2039-02-01,2039,2,"prec",111.134111511717,"SSP2-4.5 (Middle of the Road)","ARIMA"
2039-03-01,2039,3,"prec",192.901821579263,"SSP2-4.5 (Middle of the Road)","ARIMA"
2039-04-01,2039,4,"prec",380.228089243147,"SSP2-4.5 (Middle of the Road)","ARIMA"
2039-05-01,2039,5,"prec",522.020954388683,"SSP2-4.5 (Middle of the Road)","ARIMA"
2039-06-01,2039,6,"prec",489.04216061648,"SSP2-4.5 (Middle of the Road)","ARIMA"
2039-07-01,2039,7,"prec",306.500469076687,"SSP2-4.5 (Middle of the Road)","ARIMA"
2039-08-01,2039,8,"prec",157.812022716979,"SSP2-4.5 (Middle of the Road)","ARIMA"
2039-09-01,2039,9,"prec",65.352743875231,"SSP2-4.5 (Middle of the Road)","ARIMA"
2039-10-01,2039,10,"prec",41.8080203921341,"SSP2-4.5 (Middle of the Road)","ARIMA"
2039-11-01,2039,11,"prec",35.0927000172819,"SSP2-4.5 (Middle of the Road)","ARIMA"
2039-12-01,2039,12,"prec",47.5063579394566,"SSP2-4.5 (Middle of the Road)","ARIMA"
2040-01-01,2040,1,"prec",58.6361901775268,"SSP2-4.5 (Middle of the Road)","ARIMA"
2040-02-01,2040,2,"prec",113.009080465602,"SSP2-4.5 (Middle of the Road)","ARIMA"
2040-03-01,2040,3,"prec",195.758003053958,"SSP2-4.5 (Middle of the Road)","ARIMA"
2040-04-01,2040,4,"prec",385.332185929809,"SSP2-4.5 (Middle of the Road)","ARIMA"
2040-05-01,2040,5,"prec",528.826565457091,"SSP2-4.5 (Middle of the Road)","ARIMA"
2040-06-01,2040,6,"prec",495.495334928881,"SSP2-4.5 (Middle of the Road)","ARIMA"
2040-07-01,2040,7,"prec",310.763143090611,"SSP2-4.5 (Middle of the Road)","ARIMA"
2040-08-01,2040,8,"prec",160.290435374587,"SSP2-4.5 (Middle of the Road)","ARIMA"
2040-09-01,2040,9,"prec",66.7216451867374,"SSP2-4.5 (Middle of the Road)","ARIMA"
2040-10-01,2040,10,"prec",42.8510762525838,"SSP2-4.5 (Middle of the Road)","ARIMA"
2040-11-01,2040,11,"prec",36.0551720332333,"SSP2-4.5 (Middle of the Road)","ARIMA"
2040-12-01,2040,12,"prec",48.6177938504741,"SSP2-4.5 (Middle of the Road)","ARIMA"
2041-01-01,2041,1,"prec",59.8876803907901,"SSP2-4.5 (Middle of the Road)","ARIMA"
2041-02-01,2041,2,"prec",114.913045362322,"SSP2-4.5 (Middle of the Road)","ARIMA"
2041-03-01,2041,3,"prec",198.654955021739,"SSP2-4.5 (Middle of the Road)","ARIMA"
2041-04-01,2041,4,"prec",390.5040280921,"SSP2-4.5 (Middle of the Road)","ARIMA"
2041-05-01,2041,5,"prec",535.720340173709,"SSP2-4.5 (Middle of the Road)","ARIMA"
2041-06-01,2041,6,"prec",502.032963353651,"SSP2-4.5 (Middle of the Road)","ARIMA"
2041-07-01,2041,7,"prec",315.083985213322,"SSP2-4.5 (Middle of the Road)","ARIMA"
2041-08-01,2041,8,"prec",162.805605004705,"SSP2-4.5 (Middle of the Road)","ARIMA"
2041-09-01,2041,9,"prec",68.1139893346018,"SSP2-4.5 (Middle of the Road)","ARIMA"
2041-10-01,2041,10,"prec",43.9131450987477,"SSP2-4.5 (Middle of the Road)","ARIMA"
2041-11-01,2041,11,"prec",37.0356900287651,"SSP2-4.5 (Middle of the Road)","ARIMA"
2041-12-01,2041,12,"prec",49.7490633078128,"SSP2-4.5 (Middle of the Road)","ARIMA"
2042-01-01,2042,1,"prec",61.1607627577862,"SSP2-4.5 (Middle of the Road)","ARIMA"
2042-02-01,2042,2,"prec",116.846432108976,"SSP2-4.5 (Middle of the Road)","ARIMA"
2042-03-01,2042,3,"prec",201.593244684306,"SSP2-4.5 (Middle of the Road)","ARIMA"
2042-04-01,2042,4,"prec",395.744506631511,"SSP2-4.5 (Middle of the Road)","ARIMA"
2042-05-01,2042,5,"prec",542.703414458101,"SSP2-4.5 (Middle of the Road)","ARIMA"
2042-06-01,2042,6,"prec",508.656143532386,"SSP2-4.5 (Middle of the Road)","ARIMA"
2042-07-01,2042,7,"prec",319.463777654373,"SSP2-4.5 (Middle of the Road)","ARIMA"
2042-08-01,2042,8,"prec",165.358056883253,"SSP2-4.5 (Middle of the Road)","ARIMA"
2042-09-01,2042,9,"prec",69.5301418251081,"SSP2-4.5 (Middle of the Road)","ARIMA"
2042-10-01,2042,10,"prec",44.9945330422393,"SSP2-4.5 (Middle of the Road)","ARIMA"
2042-11-01,2042,11,"prec",38.0345485114168,"SSP2-4.5 (Middle of the Road)","ARIMA"
2042-12-01,2042,12,"prec",50.9004822698131,"SSP2-4.5 (Middle of the Road)","ARIMA"
2043-01-01,2043,1,"prec",62.4557752756138,"SSP2-4.5 (Middle of the Road)","ARIMA"
2043-02-01,2043,2,"prec",118.809672659018,"SSP2-4.5 (Middle of the Road)","ARIMA"
2043-03-01,2043,3,"prec",204.573446985252,"SSP2-4.5 (Middle of the Road)","ARIMA"
2043-04-01,2043,4,"prec",401.054524075824,"SSP2-4.5 (Middle of the Road)","ARIMA"
2043-05-01,2043,5,"prec",549.776938796332,"SSP2-4.5 (Middle of the Road)","ARIMA"
2043-06-01,2043,6,"prec",515.365987288688,"SSP2-4.5 (Middle of the Road)","ARIMA"
2043-07-01,2043,7,"prec",323.903313020139,"SSP2-4.5 (Middle of the Road)","ARIMA"
2043-08-01,2043,8,"prec",167.948323599765,"SSP2-4.5 (Middle of the Road)","ARIMA"
2043-09-01,2043,9,"prec",70.9704735609224,"SSP2-4.5 (Middle of the Road)","ARIMA"
2043-10-01,2043,10,"prec",46.0955508034804,"SSP2-4.5 (Middle of the Road)","ARIMA"
2043-11-01,2043,11,"prec",39.052046458288,"SSP2-4.5 (Middle of the Road)","ARIMA"
2043-12-01,2043,12,"prec",52.0723714217851,"SSP2-4.5 (Middle of the Road)","ARIMA"
2044-01-01,2044,1,"prec",63.7730609440323,"SSP2-4.5 (Middle of the Road)","ARIMA"
2044-02-01,2044,2,"prec",120.803205096037,"SSP2-4.5 (Middle of the Road)","ARIMA"
2044-03-01,2044,3,"prec",207.596144714186,"SSP2-4.5 (Middle of the Road)","ARIMA"
2044-04-01,2044,4,"prec",406.434994729845,"SSP2-4.5 (Middle of the Road)","ARIMA"
2044-05-01,2044,5,"prec",556.942078426999,"SSP2-4.5 (Middle of the Road)","ARIMA"
2044-06-01,2044,6,"prec",522.163620810472,"SSP2-4.5 (Middle of the Road)","ARIMA"
2044-07-01,2044,7,"prec",328.4033944507,"SSP2-4.5 (Middle of the Road)","ARIMA"
2044-08-01,2044,8,"prec",170.576945157282,"SSP2-4.5 (Middle of the Road)","ARIMA"
2044-09-01,2044,9,"prec",72.4353609179734,"SSP2-4.5 (Middle of the Road)","ARIMA"
2044-10-01,2044,10,"prec",47.2165137782332,"SSP2-4.5 (Middle of the Road)","ARIMA"
2044-11-01,2044,11,"prec",40.0884873808986,"SSP2-4.5 (Middle of the Road)","ARIMA"
2044-12-01,2044,12,"prec",53.2650562439576,"SSP2-4.5 (Middle of the Road)","ARIMA"
2045-01-01,2045,1,"prec",65.112967836853,"SSP2-4.5 (Middle of the Road)","ARIMA"
2045-02-01,2045,2,"prec",122.827473718682,"SSP2-4.5 (Middle of the Road)","ARIMA"
2045-03-01,2045,3,"prec",210.661928612249,"SSP2-4.5 (Middle of the Road)","ARIMA"
2045-04-01,2045,4,"prec",411.886844828095,"SSP2-4.5 (Middle of the Road)","ARIMA"
2045-05-01,2045,5,"prec",564.200013529615,"SSP2-4.5 (Middle of the Road)","ARIMA"
2045-06-01,2045,6,"prec",529.050184834609,"SSP2-4.5 (Middle of the Road)","ARIMA"
2045-07-01,2045,7,"prec",332.96483575852,"SSP2-4.5 (Middle of the Road)","ARIMA"
2045-08-01,2045,8,"prec",173.244469073581,"SSP2-4.5 (Middle of the Road)","ARIMA"
2045-09-01,2045,9,"prec",73.9251858234009,"SSP2-4.5 (Middle of the Road)","ARIMA"
2045-10-01,2045,10,"prec",48.3577421050644,"SSP2-4.5 (Middle of the Road)","ARIMA"
2045-11-01,2045,11,"prec",41.1441793909617,"SSP2-4.5 (Middle of the Road)","ARIMA"
2045-12-01,2045,12,"prec",54.4788670803775,"SSP2-4.5 (Middle of the Road)","ARIMA"
2046-01-01,2046,1,"prec",66.4758491743256,"SSP2-4.5 (Middle of the Road)","ARIMA"
2046-02-01,2046,2,"prec",124.882929126737,"SSP2-4.5 (Middle of the Road)","ARIMA"
2046-03-01,2046,3,"prec",213.771397479026,"SSP2-4.5 (Middle of the Road)","ARIMA"
2046-04-01,2046,4,"prec",417.411012689463,"SSP2-4.5 (Middle of the Road)","ARIMA"
2046-05-01,2046,5,"prec",571.551939415401,"SSP2-4.5 (Middle of the Road)","ARIMA"
2046-06-01,2046,6,"prec",536.026834833929,"SSP2-4.5 (Middle of the Road)","ARIMA"
2046-07-01,2046,7,"prec",337.588461568927,"SSP2-4.5 (Middle of the Road)","ARIMA"
2046-08-01,2046,8,"prec",175.951450483769,"SSP2-4.5 (Middle of the Road)","ARIMA"
2046-09-01,2046,9,"prec",75.4403358345864,"SSP2-4.5 (Middle of the Road)","ARIMA"
2046-10-01,2046,10,"prec",49.5195607337555,"SSP2-4.5 (Middle of the Road)","ARIMA"
2046-11-01,2046,11,"prec",42.2194352670836,"SSP2-4.5 (Middle of the Road)","ARIMA"
2046-12-01,2046,12,"prec",55.7141392087723,"SSP2-4.5 (Middle of the Road)","ARIMA"
2047-01-01,2047,1,"prec",67.8620633965289,"SSP2-4.5 (Middle of the Road)","ARIMA"
2047-02-01,2047,2,"prec",126.970028308369,"SSP2-4.5 (Middle of the Road)","ARIMA"
2047-03-01,2047,3,"prec",216.925158280886,"SSP2-4.5 (Middle of the Road)","ARIMA"
2047-04-01,2047,4,"prec",423.008448873848,"SSP2-4.5 (Middle of the Road)","ARIMA"
2047-05-01,2047,5,"prec",578.999066720497,"SSP2-4.5 (Middle of the Road)","ARIMA"
2047-06-01,2047,6,"prec",543.094741206617,"SSP2-4.5 (Middle of the Road)","ARIMA"
2047-07-01,2047,7,"prec",342.275107462435,"SSP2-4.5 (Middle of the Road)","ARIMA"
2047-08-01,2047,8,"prec",178.698452244254,"SSP2-4.5 (Middle of the Road)","ARIMA"
2047-09-01,2047,9,"prec",76.9812042192818,"SSP2-4.5 (Middle of the Road)","ARIMA"
2047-10-01,2047,10,"prec",50.702299494672,"SSP2-4.5 (Middle of the Road)","ARIMA"
2047-11-01,2047,11,"prec",43.3145725224,"SSP2-4.5 (Middle of the Road)","ARIMA"
2047-12-01,2047,12,"prec",56.971212911389,"SSP2-4.5 (Middle of the Road)","ARIMA"
2048-01-01,2048,1,"prec",69.2719742377841,"SSP2-4.5 (Middle of the Road)","ARIMA"
2048-02-01,2048,2,"prec",129.089234728566,"SSP2-4.5 (Middle of the Road)","ARIMA"
2048-03-01,2048,3,"prec",220.123826260753,"SSP2-4.5 (Middle of the Road)","ARIMA"
2048-04-01,2048,4,"prec",428.680116340831,"SSP2-4.5 (Middle of the Road)","ARIMA"
2048-05-01,2048,5,"prec",586.54262160164,"SSP2-4.5 (Middle of the Road)","ARIMA"
2048-06-01,2048,6,"prec",550.255089468033,"SSP2-4.5 (Middle of the Road)","ARIMA"
2048-07-01,2048,7,"prec",347.025620118921,"SSP2-4.5 (Middle of the Road)","ARIMA"
2048-08-01,2048,8,"prec",181.486045038122,"SSP2-4.5 (Middle of the Road)","ARIMA"
2048-09-01,2048,9,"prec",78.5481900368497,"SSP2-4.5 (Middle of the Road)","ARIMA"
2048-10-01,2048,10,"prec",51.9062931691048,"SSP2-4.5 (Middle of the Road)","ARIMA"
2048-11-01,2048,11,"prec",44.4299134731656,"SSP2-4.5 (Middle of the Road)","ARIMA"
2048-12-01,2048,12,"prec",58.2504335468225,"SSP2-4.5 (Middle of the Road)","ARIMA"
2049-01-01,2049,1,"prec",70.7059508021002,"SSP2-4.5 (Middle of the Road)","ARIMA"
2049-02-01,2049,2,"prec",131.241018418772,"SSP2-4.5 (Middle of the Road)","ARIMA"
2049-03-01,2049,3,"prec",223.368025049345,"SSP2-4.5 (Middle of the Road)","ARIMA"
2049-04-01,2049,4,"prec",434.426990610383,"SSP2-4.5 (Middle of the Road)","ARIMA"
2049-05-01,2049,5,"prec",594.183845934323,"SSP2-4.5 (Middle of the Road)","ARIMA"
2049-06-01,2049,6,"prec",557.509080444989,"SSP2-4.5 (Middle of the Road)","ARIMA"
2049-07-01,2049,7,"prec",351.840857463687,"SSP2-4.5 (Middle of the Road)","ARIMA"
2049-08-01,2049,8,"prec",184.314807481919,"SSP2-4.5 (Middle of the Road)","ARIMA"
2049-09-01,2049,9,"prec",80.1416982206317,"SSP2-4.5 (Middle of the Road)","ARIMA"
2049-10-01,2049,10,"prec",53.1318815605969,"SSP2-4.5 (Middle of the Road)","ARIMA"
2049-11-01,2049,11,"prec",45.5657853083064,"SSP2-4.5 (Middle of the Road)","ARIMA"
2049-12-01,2049,12,"prec",59.5521516228471,"SSP2-4.5 (Middle of the Road)","ARIMA"
2050-01-01,2050,1,"prec",72.1643676396697,"SSP2-4.5 (Middle of the Road)","ARIMA"
2050-02-01,2050,2,"prec",133.425856067741,"SSP2-4.5 (Middle of the Road)","ARIMA"
2050-03-01,2050,3,"prec",226.658386777881,"SSP2-4.5 (Middle of the Road)","ARIMA"
2050-04-01,2050,4,"prec",440.250059925652,"SSP2-4.5 (Middle of the Road)","ARIMA"
2050-05-01,2050,5,"prec",601.923997513479,"SSP2-4.5 (Middle of the Road)","ARIMA"
2050-06-01,2050,6,"prec",564.857930472509,"SSP2-4.5 (Middle of the Road)","ARIMA"
2050-07-01,2050,7,"prec",356.721688815431,"SSP2-4.5 (Middle of the Road)","ARIMA"
2050-08-01,2050,8,"prec",187.185326233882,"SSP2-4.5 (Middle of the Road)","ARIMA"
2050-09-01,2050,9,"prec",81.7621396614591,"SSP2-4.5 (Middle of the Road)","ARIMA"
2050-10-01,2050,10,"prec",54.3794095672683,"SSP2-4.5 (Middle of the Road)","ARIMA"
2050-11-01,2050,11,"prec",46.7225201599503,"SSP2-4.5 (Middle of the Road)","ARIMA"
2050-12-01,2050,12,"prec",60.8767228702656,"SSP2-4.5 (Middle of the Road)","ARIMA"
2051-01-01,2051,1,"prec",73.6476048244254,"SSP2-4.5 (Middle of the Road)","ARIMA"
2051-02-01,2051,2,"prec",135.644231113634,"SSP2-4.5 (Middle of the Road)","ARIMA"
2051-03-01,2051,3,"prec",229.995552192296,"SSP2-4.5 (Middle of the Road)","ARIMA"
2051-04-01,2051,4,"prec",446.15032541784,"SSP2-4.5 (Middle of the Road)","ARIMA"
2051-05-01,2051,5,"prec",609.76435025672,"SSP2-4.5 (Middle of the Road)","ARIMA"
2051-06-01,2051,6,"prec",572.302871593105,"SSP2-4.5 (Middle of the Road)","ARIMA"
2051-07-01,2051,7,"prec",361.668995036143,"SSP2-4.5 (Middle of the Road)","ARIMA"
2051-08-01,2051,8,"prec",190.098196103615,"SSP2-4.5 (Middle of the Road)","ARIMA"
2051-09-01,2051,9,"prec",83.4099312923227,"SSP2-4.5 (Middle of the Road)","ARIMA"
2051-10-01,2051,10,"prec",55.6492272551552,"SSP2-4.5 (Middle of the Road)","ARIMA"
2051-11-01,2051,11,"prec",47.9004551749494,"SSP2-4.5 (Middle of the Road)","ARIMA"
2051-12-01,2051,12,"prec",62.2245083177884,"SSP2-4.5 (Middle of the Road)","ARIMA"
2052-01-01,2052,1,"prec",75.1560480326751,"SSP2-4.5 (Middle of the Road)","ARIMA"
2052-02-01,2052,2,"prec",137.896633837354,"SSP2-4.5 (Middle of the Road)","ARIMA"
2052-03-01,2052,3,"prec",233.38017076896,"SSP2-4.5 (Middle of the Road)","ARIMA"
2052-04-01,2052,4,"prec",452.128801273211,"SSP2-4.5 (Middle of the Road)","ARIMA"
2052-05-01,2052,5,"prec",617.706194410158,"SSP2-4.5 (Middle of the Road)","ARIMA"
2052-06-01,2052,6,"prec",579.845151758607,"SSP2-4.5 (Middle of the Road)","ARIMA"
2052-07-01,2052,7,"prec",366.683668682962,"SSP2-4.5 (Middle of the Road)","ARIMA"
2052-08-01,2052,8,"prec",193.054020163243,"SSP2-4.5 (Middle of the Road)","ARIMA"
2052-09-01,2052,9,"prec",85.0854961742157,"SSP2-4.5 (Middle of the Road)","ARIMA"
2052-10-01,2052,10,"prec",56.9416899325737,"SSP2-4.5 (Middle of the Road)","ARIMA"
2052-11-01,2052,11,"prec",49.0999325874054,"SSP2-4.5 (Middle of the Road)","ARIMA"
2052-12-01,2052,12,"prec",63.5958743679585,"SSP2-4.5 (Middle of the Road)","ARIMA"
2053-01-01,2053,1,"prec",76.6900886228281,"SSP2-4.5 (Middle of the Road)","ARIMA"
2053-02-01,2053,2,"prec",140.183561457163,"SSP2-4.5 (Middle of the Road)","ARIMA"
2053-03-01,2053,3,"prec",236.812900831948,"SSP2-4.5 (Middle of the Road)","ARIMA"
2053-04-01,2053,4,"prec",458.18651490225,"SSP2-4.5 (Middle of the Road)","ARIMA"
2053-05-01,2053,5,"prec",625.75083675684,"SSP2-4.5 (Middle of the Road)","ARIMA"
2053-06-01,2053,6,"prec",587.486035034572,"SSP2-4.5 (Middle of the Road)","ARIMA"
2053-07-01,2053,7,"prec",371.766614162019,"SSP2-4.5 (Middle of the Road)","ARIMA"
2053-08-01,2053,8,"prec",196.053409860064,"SSP2-4.5 (Middle of the Road)","ARIMA"
2053-09-01,2053,9,"prec",86.789263583168,"SSP2-4.5 (Middle of the Road)","ARIMA"
2053-10-01,2053,10,"prec",58.2571582255254,"SSP2-4.5 (Middle of the Road)","ARIMA"
2053-11-01,2053,11,"prec",50.3212997922151,"SSP2-4.5 (Middle of the Road)","ARIMA"
2053-12-01,2053,12,"prec",64.9911928741349,"SSP2-4.5 (Middle of the Road)","ARIMA"
2024-01-01,2024,1,"prec",29.4384385646334,"SSP2-4.5 (Middle of the Road)","ML-Enhanced"
2024-02-01,2024,2,"prec",32.3438421156135,"SSP2-4.5 (Middle of the Road)","ML-Enhanced"
2024-03-01,2024,3,"prec",44.3057827572787,"SSP2-4.5 (Middle of the Road)","ML-Enhanced"
2024-04-01,2024,4,"prec",83.1246873303452,"SSP2-4.5 (Middle of the Road)","ML-Enhanced"
2024-05-01,2024,5,"prec",165.292799873703,"SSP2-4.5 (Middle of the Road)","ML-Enhanced"
2024-06-01,2024,6,"prec",399.681488678624,"SSP2-4.5 (Middle of the Road)","ML-Enhanced"
2024-07-01,2024,7,"prec",337.758384376187,"SSP2-4.5 (Middle of the Road)","ML-Enhanced"
2024-08-01,2024,8,"prec",440.701381508033,"SSP2-4.5 (Middle of the Road)","ML-Enhanced"
2024-09-01,2024,9,"prec",199.577410238986,"SSP2-4.5 (Middle of the Road)","ML-Enhanced"
2024-10-01,2024,10,"prec",144.927715207616,"SSP2-4.5 (Middle of the Road)","ML-Enhanced"
2024-11-01,2024,11,"prec",50.3273015489287,"SSP2-4.5 (Middle of the Road)","ML-Enhanced"
2024-12-01,2024,12,"prec",36.1370903746111,"SSP2-4.5 (Middle of the Road)","ML-Enhanced"
2025-01-01,2025,1,"prec",24.4235151301238,"SSP2-4.5 (Middle of the Road)","ML-Enhanced"
2025-02-01,2025,2,"prec",36.5946159848319,"SSP2-4.5 (Middle of the Road)","ML-Enhanced"
2025-03-01,2025,3,"prec",49.7997623780267,"SSP2-4.5 (Middle of the Road)","ML-Enhanced"
2025-04-01,2025,4,"prec",110.297391000783,"SSP2-4.5 (Middle of the Road)","ML-Enhanced"
2025-05-01,2025,5,"prec",111.83684686429,"SSP2-4.5 (Middle of the Road)","ML-Enhanced"
2025-06-01,2025,6,"prec",365.118586278985,"SSP2-4.5 (Middle of the Road)","ML-Enhanced"
2025-07-01,2025,7,"prec",591.891155841466,"SSP2-4.5 (Middle of the Road)","ML-Enhanced"
2025-08-01,2025,8,"prec",388.650410487664,"SSP2-4.5 (Middle of the Road)","ML-Enhanced"
2025-09-01,2025,9,"prec",315.299231717182,"SSP2-4.5 (Middle of the Road)","ML-Enhanced"
2025-10-01,2025,10,"prec",121.190575433861,"SSP2-4.5 (Middle of the Road)","ML-Enhanced"
2025-11-01,2025,11,"prec",41.1131820734753,"SSP2-4.5 (Middle of the Road)","ML-Enhanced"
2025-12-01,2025,12,"prec",26.3490529779215,"SSP2-4.5 (Middle of the Road)","ML-Enhanced"
2026-01-01,2026,1,"prec",22.4399299677009,"SSP2-4.5 (Middle of the Road)","ML-Enhanced"
2026-02-01,2026,2,"prec",29.8490604534168,"SSP2-4.5 (Middle of the Road)","ML-Enhanced"
2026-03-01,2026,3,"prec",43.8405715910668,"SSP2-4.5 (Middle of the Road)","ML-Enhanced"
2026-04-01,2026,4,"prec",101.047227085328,"SSP2-4.5 (Middle of the Road)","ML-Enhanced"
2026-05-01,2026,5,"prec",200.773750355411,"SSP2-4.5 (Middle of the Road)","ML-Enhanced"
2026-06-01,2026,6,"prec",381.382970713257,"SSP2-4.5 (Middle of the Road)","ML-Enhanced"
2026-07-01,2026,7,"prec",577.065640712931,"SSP2-4.5 (Middle of the Road)","ML-Enhanced"
2026-08-01,2026,8,"prec",400.843340159735,"SSP2-4.5 (Middle of the Road)","ML-Enhanced"
2026-09-01,2026,9,"prec",266.330636569658,"SSP2-4.5 (Middle of the Road)","ML-Enhanced"
2026-10-01,2026,10,"prec",170.730282579388,"SSP2-4.5 (Middle of the Road)","ML-Enhanced"
2026-11-01,2026,11,"prec",61.504665639613,"SSP2-4.5 (Middle of the Road)","ML-Enhanced"
2026-12-01,2026,12,"prec",30.9385103356749,"SSP2-4.5 (Middle of the Road)","ML-Enhanced"
2027-01-01,2027,1,"prec",20.0065559252183,"SSP2-4.5 (Middle of the Road)","ML-Enhanced"
2027-02-01,2027,2,"prec",38.5879267959254,"SSP2-4.5 (Middle of the Road)","ML-Enhanced"
2027-03-01,2027,3,"prec",38.1106711250268,"SSP2-4.5 (Middle of the Road)","ML-Enhanced"
2027-04-01,2027,4,"prec",85.9439649193721,"SSP2-4.5 (Middle of the Road)","ML-Enhanced"
2027-05-01,2027,5,"prec",138.308072106528,"SSP2-4.5 (Middle of the Road)","ML-Enhanced"
2027-06-01,2027,6,"prec",376.079401665819,"SSP2-4.5 (Middle of the Road)","ML-Enhanced"
2027-07-01,2027,7,"prec",502.708307040569,"SSP2-4.5 (Middle of the Road)","ML-Enhanced"
2027-08-01,2027,8,"prec",436.061093488852,"SSP2-4.5 (Middle of the Road)","ML-Enhanced"
2027-09-01,2027,9,"prec",319.661013099242,"SSP2-4.5 (Middle of the Road)","ML-Enhanced"
2027-10-01,2027,10,"prec",122.865746537689,"SSP2-4.5 (Middle of the Road)","ML-Enhanced"
2027-11-01,2027,11,"prec",41.4280928165904,"SSP2-4.5 (Middle of the Road)","ML-Enhanced"
2027-12-01,2027,12,"prec",25.0969891165337,"SSP2-4.5 (Middle of the Road)","ML-Enhanced"
2028-01-01,2028,1,"prec",23.8286052297967,"SSP2-4.5 (Middle of the Road)","ML-Enhanced"
2028-02-01,2028,2,"prec",36.9751070288893,"SSP2-4.5 (Middle of the Road)","ML-Enhanced"
2028-03-01,2028,3,"prec",46.4381375026754,"SSP2-4.5 (Middle of the Road)","ML-Enhanced"
2028-04-01,2028,4,"prec",86.5170062445046,"SSP2-4.5 (Middle of the Road)","ML-Enhanced"
2028-05-01,2028,5,"prec",164.790604286148,"SSP2-4.5 (Middle of the Road)","ML-Enhanced"
2028-06-01,2028,6,"prec",332.348187267823,"SSP2-4.5 (Middle of the Road)","ML-Enhanced"
2028-07-01,2028,7,"prec",474.179729919637,"SSP2-4.5 (Middle of the Road)","ML-Enhanced"
2028-08-01,2028,8,"prec",452.000704502061,"SSP2-4.5 (Middle of the Road)","ML-Enhanced"
2028-09-01,2028,9,"prec",237.988703091912,"SSP2-4.5 (Middle of the Road)","ML-Enhanced"
2028-10-01,2028,10,"prec",111.689922882656,"SSP2-4.5 (Middle of the Road)","ML-Enhanced"
2028-11-01,2028,11,"prec",49.8812547083573,"SSP2-4.5 (Middle of the Road)","ML-Enhanced"
2028-12-01,2028,12,"prec",32.0794130923191,"SSP2-4.5 (Middle of the Road)","ML-Enhanced"
2029-01-01,2029,1,"prec",25.9602735925136,"SSP2-4.5 (Middle of the Road)","ML-Enhanced"
2029-02-01,2029,2,"prec",35.0259366065615,"SSP2-4.5 (Middle of the Road)","ML-Enhanced"
2029-03-01,2029,3,"prec",49.5789544863804,"SSP2-4.5 (Middle of the Road)","ML-Enhanced"
2029-04-01,2029,4,"prec",91.3032041477643,"SSP2-4.5 (Middle of the Road)","ML-Enhanced"
2029-05-01,2029,5,"prec",181.362887536551,"SSP2-4.5 (Middle of the Road)","ML-Enhanced"
2029-06-01,2029,6,"prec",373.359488651355,"SSP2-4.5 (Middle of the Road)","ML-Enhanced"
2029-07-01,2029,7,"prec",433.253925282853,"SSP2-4.5 (Middle of the Road)","ML-Enhanced"
2029-08-01,2029,8,"prec",402.056240849805,"SSP2-4.5 (Middle of the Road)","ML-Enhanced"
2029-09-01,2029,9,"prec",230.362691591356,"SSP2-4.5 (Middle of the Road)","ML-Enhanced"
2029-10-01,2029,10,"prec",150.516342544719,"SSP2-4.5 (Middle of the Road)","ML-Enhanced"
2029-11-01,2029,11,"prec",51.3109274420161,"SSP2-4.5 (Middle of the Road)","ML-Enhanced"
2029-12-01,2029,12,"prec",30.963247073858,"SSP2-4.5 (Middle of the Road)","ML-Enhanced"
2030-01-01,2030,1,"prec",26.3588347139706,"SSP2-4.5 (Middle of the Road)","ML-Enhanced"
2030-02-01,2030,2,"prec",27.4826445081049,"SSP2-4.5 (Middle of the Road)","ML-Enhanced"
2030-03-01,2030,3,"prec",37.4284036684052,"SSP2-4.5 (Middle of the Road)","ML-Enhanced"
2030-04-01,2030,4,"prec",95.6450586182537,"SSP2-4.5 (Middle of the Road)","ML-Enhanced"
2030-05-01,2030,5,"prec",171.997565650579,"SSP2-4.5 (Middle of the Road)","ML-Enhanced"
2030-06-01,2030,6,"prec",391.295282351904,"SSP2-4.5 (Middle of the Road)","ML-Enhanced"
2030-07-01,2030,7,"prec",353.38610918256,"SSP2-4.5 (Middle of the Road)","ML-Enhanced"
2030-08-01,2030,8,"prec",410.555731835746,"SSP2-4.5 (Middle of the Road)","ML-Enhanced"
2030-09-01,2030,9,"prec",309.94228749543,"SSP2-4.5 (Middle of the Road)","ML-Enhanced"
2030-10-01,2030,10,"prec",77.8764412465134,"SSP2-4.5 (Middle of the Road)","ML-Enhanced"
2030-11-01,2030,11,"prec",43.4329022876112,"SSP2-4.5 (Middle of the Road)","ML-Enhanced"
2030-12-01,2030,12,"prec",31.8950408645406,"SSP2-4.5 (Middle of the Road)","ML-Enhanced"
2031-01-01,2031,1,"prec",24.4733840826546,"SSP2-4.5 (Middle of the Road)","ML-Enhanced"
2031-02-01,2031,2,"prec",34.2758005042414,"SSP2-4.5 (Middle of the Road)","ML-Enhanced"
2031-03-01,2031,3,"prec",39.4710807903617,"SSP2-4.5 (Middle of the Road)","ML-Enhanced"
2031-04-01,2031,4,"prec",103.654697342977,"SSP2-4.5 (Middle of the Road)","ML-Enhanced"
2031-05-01,2031,5,"prec",160.281397425178,"SSP2-4.5 (Middle of the Road)","ML-Enhanced"
2031-06-01,2031,6,"prec",511.410106096898,"SSP2-4.5 (Middle of the Road)","ML-Enhanced"
2031-07-01,2031,7,"prec",500.551136903396,"SSP2-4.5 (Middle of the Road)","ML-Enhanced"
2031-08-01,2031,8,"prec",543.249133226331,"SSP2-4.5 (Middle of the Road)","ML-Enhanced"
2031-09-01,2031,9,"prec",288.107555646687,"SSP2-4.5 (Middle of the Road)","ML-Enhanced"
2031-10-01,2031,10,"prec",122.96018032145,"SSP2-4.5 (Middle of the Road)","ML-Enhanced"
2031-11-01,2031,11,"prec",45.7388416131876,"SSP2-4.5 (Middle of the Road)","ML-Enhanced"
2031-12-01,2031,12,"prec",36.1248217317812,"SSP2-4.5 (Middle of the Road)","ML-Enhanced"
2032-01-01,2032,1,"prec",22.4624515767726,"SSP2-4.5 (Middle of the Road)","ML-Enhanced"
2032-02-01,2032,2,"prec",41.6360821078786,"SSP2-4.5 (Middle of the Road)","ML-Enhanced"
2032-03-01,2032,3,"prec",36.0949507955998,"SSP2-4.5 (Middle of the Road)","ML-Enhanced"
2032-04-01,2032,4,"prec",94.7000469393937,"SSP2-4.5 (Middle of the Road)","ML-Enhanced"
2032-05-01,2032,5,"prec",154.79491231555,"SSP2-4.5 (Middle of the Road)","ML-Enhanced"
2032-06-01,2032,6,"prec",418.371372583058,"SSP2-4.5 (Middle of the Road)","ML-Enhanced"
2032-07-01,2032,7,"prec",518.396334306552,"SSP2-4.5 (Middle of the Road)","ML-Enhanced"
2032-08-01,2032,8,"prec",412.784520752178,"SSP2-4.5 (Middle of the Road)","ML-Enhanced"
2032-09-01,2032,9,"prec",259.056486688515,"SSP2-4.5 (Middle of the Road)","ML-Enhanced"
2032-10-01,2032,10,"prec",161.433440644657,"SSP2-4.5 (Middle of the Road)","ML-Enhanced"
2032-11-01,2032,11,"prec",53.3080452572299,"SSP2-4.5 (Middle of the Road)","ML-Enhanced"
2032-12-01,2032,12,"prec",43.5041741280146,"SSP2-4.5 (Middle of the Road)","ML-Enhanced"
2033-01-01,2033,1,"prec",25.7115624570718,"SSP2-4.5 (Middle of the Road)","ML-Enhanced"
2033-02-01,2033,2,"prec",28.1320338750172,"SSP2-4.5 (Middle of the Road)","ML-Enhanced"
2033-03-01,2033,3,"prec",41.3435389286148,"SSP2-4.5 (Middle of the Road)","ML-Enhanced"
2033-04-01,2033,4,"prec",84.7741801244086,"SSP2-4.5 (Middle of the Road)","ML-Enhanced"
2033-05-01,2033,5,"prec",191.951911561451,"SSP2-4.5 (Middle of the Road)","ML-Enhanced"
2033-06-01,2033,6,"prec",394.318399488352,"SSP2-4.5 (Middle of the Road)","ML-Enhanced"
2033-07-01,2033,7,"prec",495.598764666952,"SSP2-4.5 (Middle of the Road)","ML-Enhanced"
2033-08-01,2033,8,"prec",486.445015800561,"SSP2-4.5 (Middle of the Road)","ML-Enhanced"
2033-09-01,2033,9,"prec",294.145581441858,"SSP2-4.5 (Middle of the Road)","ML-Enhanced"
2033-10-01,2033,10,"prec",136.021863425601,"SSP2-4.5 (Middle of the Road)","ML-Enhanced"
2033-11-01,2033,11,"prec",42.6780591941958,"SSP2-4.5 (Middle of the Road)","ML-Enhanced"
2033-12-01,2033,12,"prec",33.3363763719888,"SSP2-4.5 (Middle of the Road)","ML-Enhanced"
2034-01-01,2034,1,"prec",20.6301664943399,"SSP2-4.5 (Middle of the Road)","ML-Enhanced"
2034-02-01,2034,2,"prec",35.8593282905392,"SSP2-4.5 (Middle of the Road)","ML-Enhanced"
2034-03-01,2034,3,"prec",50.4691407950543,"SSP2-4.5 (Middle of the Road)","ML-Enhanced"
2034-04-01,2034,4,"prec",102.69495327878,"SSP2-4.5 (Middle of the Road)","ML-Enhanced"
2034-05-01,2034,5,"prec",185.852954003152,"SSP2-4.5 (Middle of the Road)","ML-Enhanced"
2034-06-01,2034,6,"prec",407.013877036875,"SSP2-4.5 (Middle of the Road)","ML-Enhanced"
2034-07-01,2034,7,"prec",412.582326920415,"SSP2-4.5 (Middle of the Road)","ML-Enhanced"
2034-08-01,2034,8,"prec",586.310960409637,"SSP2-4.5 (Middle of the Road)","ML-Enhanced"
2034-09-01,2034,9,"prec",246.339880156563,"SSP2-4.5 (Middle of the Road)","ML-Enhanced"
2034-10-01,2034,10,"prec",122.044965874503,"SSP2-4.5 (Middle of the Road)","ML-Enhanced"
2034-11-01,2034,11,"prec",38.8704353600077,"SSP2-4.5 (Middle of the Road)","ML-Enhanced"
2034-12-01,2034,12,"prec",29.1230971557077,"SSP2-4.5 (Middle of the Road)","ML-Enhanced"
2035-01-01,2035,1,"prec",23.1760862623017,"SSP2-4.5 (Middle of the Road)","ML-Enhanced"
2035-02-01,2035,2,"prec",37.1763034396915,"SSP2-4.5 (Middle of the Road)","ML-Enhanced"
2035-03-01,2035,3,"prec",45.9689887781033,"SSP2-4.5 (Middle of the Road)","ML-Enhanced"
2035-04-01,2035,4,"prec",103.749193310398,"SSP2-4.5 (Middle of the Road)","ML-Enhanced"
2035-05-01,2035,5,"prec",195.173040550146,"SSP2-4.5 (Middle of the Road)","ML-Enhanced"
2035-06-01,2035,6,"prec",374.491201347167,"SSP2-4.5 (Middle of the Road)","ML-Enhanced"
2035-07-01,2035,7,"prec",450.061892575275,"SSP2-4.5 (Middle of the Road)","ML-Enhanced"
2035-08-01,2035,8,"prec",462.328306651095,"SSP2-4.5 (Middle of the Road)","ML-Enhanced"
2035-09-01,2035,9,"prec",277.540033698633,"SSP2-4.5 (Middle of the Road)","ML-Enhanced"
2035-10-01,2035,10,"prec",107.484618222086,"SSP2-4.5 (Middle of the Road)","ML-Enhanced"
2035-11-01,2035,11,"prec",50.1122810581944,"SSP2-4.5 (Middle of the Road)","ML-Enhanced"
2035-12-01,2035,12,"prec",29.9172732140325,"SSP2-4.5 (Middle of the Road)","ML-Enhanced"
2036-01-01,2036,1,"prec",30.0236943852058,"SSP2-4.5 (Middle of the Road)","ML-Enhanced"
2036-02-01,2036,2,"prec",37.224696884728,"SSP2-4.5 (Middle of the Road)","ML-Enhanced"
2036-03-01,2036,3,"prec",50.9057723484838,"SSP2-4.5 (Middle of the Road)","ML-Enhanced"
2036-04-01,2036,4,"prec",123.829443793961,"SSP2-4.5 (Middle of the Road)","ML-Enhanced"
2036-05-01,2036,5,"prec",198.486321200353,"SSP2-4.5 (Middle of the Road)","ML-Enhanced"
2036-06-01,2036,6,"prec",388.233671800077,"SSP2-4.5 (Middle of the Road)","ML-Enhanced"
2036-07-01,2036,7,"prec",571.111171680806,"SSP2-4.5 (Middle of the Road)","ML-Enhanced"
2036-08-01,2036,8,"prec",460.599071900357,"SSP2-4.5 (Middle of the Road)","ML-Enhanced"
2036-09-01,2036,9,"prec",283.463257512315,"SSP2-4.5 (Middle of the Road)","ML-Enhanced"
2036-10-01,2036,10,"prec",103.600802998454,"SSP2-4.5 (Middle of the Road)","ML-Enhanced"
2036-11-01,2036,11,"prec",58.183804464961,"SSP2-4.5 (Middle of the Road)","ML-Enhanced"
2036-12-01,2036,12,"prec",28.635328756687,"SSP2-4.5 (Middle of the Road)","ML-Enhanced"
2037-01-01,2037,1,"prec",26.0581061794231,"SSP2-4.5 (Middle of the Road)","ML-Enhanced"
2037-02-01,2037,2,"prec",38.1558241679979,"SSP2-4.5 (Middle of the Road)","ML-Enhanced"
2037-03-01,2037,3,"prec",52.6462388337266,"SSP2-4.5 (Middle of the Road)","ML-Enhanced"
2037-04-01,2037,4,"prec",113.86990137825,"SSP2-4.5 (Middle of the Road)","ML-Enhanced"
2037-05-01,2037,5,"prec",207.542135184401,"SSP2-4.5 (Middle of the Road)","ML-Enhanced"
2037-06-01,2037,6,"prec",374.134979733716,"SSP2-4.5 (Middle of the Road)","ML-Enhanced"
2037-07-01,2037,7,"prec",479.409987037252,"SSP2-4.5 (Middle of the Road)","ML-Enhanced"
2037-08-01,2037,8,"prec",350.172451480531,"SSP2-4.5 (Middle of the Road)","ML-Enhanced"
2037-09-01,2037,9,"prec",356.434475026271,"SSP2-4.5 (Middle of the Road)","ML-Enhanced"
2037-10-01,2037,10,"prec",148.568166302398,"SSP2-4.5 (Middle of the Road)","ML-Enhanced"
2037-11-01,2037,11,"prec",52.5394705756976,"SSP2-4.5 (Middle of the Road)","ML-Enhanced"
2037-12-01,2037,12,"prec",32.9884665898315,"SSP2-4.5 (Middle of the Road)","ML-Enhanced"
2038-01-01,2038,1,"prec",28.8692155530372,"SSP2-4.5 (Middle of the Road)","ML-Enhanced"
2038-02-01,2038,2,"prec",40.3003205932945,"SSP2-4.5 (Middle of the Road)","ML-Enhanced"
2038-03-01,2038,3,"prec",51.8434540305125,"SSP2-4.5 (Middle of the Road)","ML-Enhanced"
2038-04-01,2038,4,"prec",99.9497073467136,"SSP2-4.5 (Middle of the Road)","ML-Enhanced"
2038-05-01,2038,5,"prec",158.893496738526,"SSP2-4.5 (Middle of the Road)","ML-Enhanced"
2038-06-01,2038,6,"prec",342.588114972584,"SSP2-4.5 (Middle of the Road)","ML-Enhanced"
2038-07-01,2038,7,"prec",535.541270239483,"SSP2-4.5 (Middle of the Road)","ML-Enhanced"
2038-08-01,2038,8,"prec",475.378230066274,"SSP2-4.5 (Middle of the Road)","ML-Enhanced"
2038-09-01,2038,9,"prec",348.938017089931,"SSP2-4.5 (Middle of the Road)","ML-Enhanced"
2038-10-01,2038,10,"prec",122.499297811223,"SSP2-4.5 (Middle of the Road)","ML-Enhanced"
2038-11-01,2038,11,"prec",60.1548826796049,"SSP2-4.5 (Middle of the Road)","ML-Enhanced"
2038-12-01,2038,12,"prec",26.4463994900447,"SSP2-4.5 (Middle of the Road)","ML-Enhanced"
2039-01-01,2039,1,"prec",25.5236033680574,"SSP2-4.5 (Middle of the Road)","ML-Enhanced"
2039-02-01,2039,2,"prec",37.6183637887693,"SSP2-4.5 (Middle of the Road)","ML-Enhanced"
2039-03-01,2039,3,"prec",61.0921752798866,"SSP2-4.5 (Middle of the Road)","ML-Enhanced"
2039-04-01,2039,4,"prec",89.1244604883955,"SSP2-4.5 (Middle of the Road)","ML-Enhanced"
2039-05-01,2039,5,"prec",216.510799468297,"SSP2-4.5 (Middle of the Road)","ML-Enhanced"
2039-06-01,2039,6,"prec",436.123843158817,"SSP2-4.5 (Middle of the Road)","ML-Enhanced"
2039-07-01,2039,7,"prec",701.107999487045,"SSP2-4.5 (Middle of the Road)","ML-Enhanced"
2039-08-01,2039,8,"prec",463.582193205758,"SSP2-4.5 (Middle of the Road)","ML-Enhanced"
2039-09-01,2039,9,"prec",245.754186346351,"SSP2-4.5 (Middle of the Road)","ML-Enhanced"
2039-10-01,2039,10,"prec",143.182460596623,"SSP2-4.5 (Middle of the Road)","ML-Enhanced"
2039-11-01,2039,11,"prec",50.7419327871808,"SSP2-4.5 (Middle of the Road)","ML-Enhanced"
2039-12-01,2039,12,"prec",34.5713796316588,"SSP2-4.5 (Middle of the Road)","ML-Enhanced"
2040-01-01,2040,1,"prec",35.2824896937946,"SSP2-4.5 (Middle of the Road)","ML-Enhanced"
2040-02-01,2040,2,"prec",31.8241149976109,"SSP2-4.5 (Middle of the Road)","ML-Enhanced"
2040-03-01,2040,3,"prec",45.012905664423,"SSP2-4.5 (Middle of the Road)","ML-Enhanced"
2040-04-01,2040,4,"prec",97.5784700407716,"SSP2-4.5 (Middle of the Road)","ML-Enhanced"
2040-05-01,2040,5,"prec",198.443459329703,"SSP2-4.5 (Middle of the Road)","ML-Enhanced"
2040-06-01,2040,6,"prec",425.958072128852,"SSP2-4.5 (Middle of the Road)","ML-Enhanced"
2040-07-01,2040,7,"prec",476.706204113698,"SSP2-4.5 (Middle of the Road)","ML-Enhanced"
2040-08-01,2040,8,"prec",477.918418158635,"SSP2-4.5 (Middle of the Road)","ML-Enhanced"
2040-09-01,2040,9,"prec",304.997424492377,"SSP2-4.5 (Middle of the Road)","ML-Enhanced"
2040-10-01,2040,10,"prec",122.055773192289,"SSP2-4.5 (Middle of the Road)","ML-Enhanced"
2040-11-01,2040,11,"prec",49.2975399550854,"SSP2-4.5 (Middle of the Road)","ML-Enhanced"
2040-12-01,2040,12,"prec",31.6616875313888,"SSP2-4.5 (Middle of the Road)","ML-Enhanced"
2041-01-01,2041,1,"prec",25.9338191566,"SSP2-4.5 (Middle of the Road)","ML-Enhanced"
2041-02-01,2041,2,"prec",46.5948937715327,"SSP2-4.5 (Middle of the Road)","ML-Enhanced"
2041-03-01,2041,3,"prec",66.7548081015375,"SSP2-4.5 (Middle of the Road)","ML-Enhanced"
2041-04-01,2041,4,"prec",106.251829614773,"SSP2-4.5 (Middle of the Road)","ML-Enhanced"
2041-05-01,2041,5,"prec",194.428799322184,"SSP2-4.5 (Middle of the Road)","ML-Enhanced"
2041-06-01,2041,6,"prec",411.392585569744,"SSP2-4.5 (Middle of the Road)","ML-Enhanced"
2041-07-01,2041,7,"prec",581.457378510192,"SSP2-4.5 (Middle of the Road)","ML-Enhanced"
2041-08-01,2041,8,"prec",523.731968930494,"SSP2-4.5 (Middle of the Road)","ML-Enhanced"
2041-09-01,2041,9,"prec",345.197231118548,"SSP2-4.5 (Middle of the Road)","ML-Enhanced"
2041-10-01,2041,10,"prec",140.905044526797,"SSP2-4.5 (Middle of the Road)","ML-Enhanced"
2041-11-01,2041,11,"prec",52.7306236717382,"SSP2-4.5 (Middle of the Road)","ML-Enhanced"
2041-12-01,2041,12,"prec",29.0448998696736,"SSP2-4.5 (Middle of the Road)","ML-Enhanced"
2042-01-01,2042,1,"prec",31.5662540348372,"SSP2-4.5 (Middle of the Road)","ML-Enhanced"
2042-02-01,2042,2,"prec",37.0072659906073,"SSP2-4.5 (Middle of the Road)","ML-Enhanced"
2042-03-01,2042,3,"prec",51.8426042804059,"SSP2-4.5 (Middle of the Road)","ML-Enhanced"
2042-04-01,2042,4,"prec",129.22907171643,"SSP2-4.5 (Middle of the Road)","ML-Enhanced"
2042-05-01,2042,5,"prec",166.252605311298,"SSP2-4.5 (Middle of the Road)","ML-Enhanced"
2042-06-01,2042,6,"prec",476.398974228203,"SSP2-4.5 (Middle of the Road)","ML-Enhanced"
2042-07-01,2042,7,"prec",529.222026904196,"SSP2-4.5 (Middle of the Road)","ML-Enhanced"
2042-08-01,2042,8,"prec",481.441045352508,"SSP2-4.5 (Middle of the Road)","ML-Enhanced"
2042-09-01,2042,9,"prec",347.26678256058,"SSP2-4.5 (Middle of the Road)","ML-Enhanced"
2042-10-01,2042,10,"prec",162.445097123881,"SSP2-4.5 (Middle of the Road)","ML-Enhanced"
2042-11-01,2042,11,"prec",52.8257968576837,"SSP2-4.5 (Middle of the Road)","ML-Enhanced"
2042-12-01,2042,12,"prec",38.1157584930264,"SSP2-4.5 (Middle of the Road)","ML-Enhanced"
2043-01-01,2043,1,"prec",25.8584808901554,"SSP2-4.5 (Middle of the Road)","ML-Enhanced"
2043-02-01,2043,2,"prec",38.354709560608,"SSP2-4.5 (Middle of the Road)","ML-Enhanced"
2043-03-01,2043,3,"prec",59.7385677772591,"SSP2-4.5 (Middle of the Road)","ML-Enhanced"
2043-04-01,2043,4,"prec",140.824678939828,"SSP2-4.5 (Middle of the Road)","ML-Enhanced"
2043-05-01,2043,5,"prec",192.999780012087,"SSP2-4.5 (Middle of the Road)","ML-Enhanced"
2043-06-01,2043,6,"prec",381.781847249574,"SSP2-4.5 (Middle of the Road)","ML-Enhanced"
2043-07-01,2043,7,"prec",498.99022634977,"SSP2-4.5 (Middle of the Road)","ML-Enhanced"
2043-08-01,2043,8,"prec",498.055756278337,"SSP2-4.5 (Middle of the Road)","ML-Enhanced"
2043-09-01,2043,9,"prec",292.500665025783,"SSP2-4.5 (Middle of the Road)","ML-Enhanced"
2043-10-01,2043,10,"prec",132.713331031026,"SSP2-4.5 (Middle of the Road)","ML-Enhanced"
2043-11-01,2043,11,"prec",46.77214833865,"SSP2-4.5 (Middle of the Road)","ML-Enhanced"
2043-12-01,2043,12,"prec",37.3204466762577,"SSP2-4.5 (Middle of the Road)","ML-Enhanced"
2044-01-01,2044,1,"prec",28.9497439080229,"SSP2-4.5 (Middle of the Road)","ML-Enhanced"
2044-02-01,2044,2,"prec",41.645927318097,"SSP2-4.5 (Middle of the Road)","ML-Enhanced"
2044-03-01,2044,3,"prec",53.9944194554259,"SSP2-4.5 (Middle of the Road)","ML-Enhanced"
2044-04-01,2044,4,"prec",118.682000974736,"SSP2-4.5 (Middle of the Road)","ML-Enhanced"
2044-05-01,2044,5,"prec",167.619324105716,"SSP2-4.5 (Middle of the Road)","ML-Enhanced"
2044-06-01,2044,6,"prec",480.166993810544,"SSP2-4.5 (Middle of the Road)","ML-Enhanced"
2044-07-01,2044,7,"prec",630.225887956538,"SSP2-4.5 (Middle of the Road)","ML-Enhanced"
2044-08-01,2044,8,"prec",441.617150190987,"SSP2-4.5 (Middle of the Road)","ML-Enhanced"
2044-09-01,2044,9,"prec",315.220898948751,"SSP2-4.5 (Middle of the Road)","ML-Enhanced"
2044-10-01,2044,10,"prec",169.397576917621,"SSP2-4.5 (Middle of the Road)","ML-Enhanced"
2044-11-01,2044,11,"prec",60.3732587862397,"SSP2-4.5 (Middle of the Road)","ML-Enhanced"
2044-12-01,2044,12,"prec",33.5995446123394,"SSP2-4.5 (Middle of the Road)","ML-Enhanced"
2045-01-01,2045,1,"prec",29.0585100038605,"SSP2-4.5 (Middle of the Road)","ML-Enhanced"
2045-02-01,2045,2,"prec",42.8501492242302,"SSP2-4.5 (Middle of the Road)","ML-Enhanced"
2045-03-01,2045,3,"prec",49.2701319771492,"SSP2-4.5 (Middle of the Road)","ML-Enhanced"
2045-04-01,2045,4,"prec",83.9305691978528,"SSP2-4.5 (Middle of the Road)","ML-Enhanced"
2045-05-01,2045,5,"prec",200.622423670401,"SSP2-4.5 (Middle of the Road)","ML-Enhanced"
2045-06-01,2045,6,"prec",445.197028889799,"SSP2-4.5 (Middle of the Road)","ML-Enhanced"
2045-07-01,2045,7,"prec",442.012062774401,"SSP2-4.5 (Middle of the Road)","ML-Enhanced"
2045-08-01,2045,8,"prec",572.270086112805,"SSP2-4.5 (Middle of the Road)","ML-Enhanced"
2045-09-01,2045,9,"prec",335.190602013233,"SSP2-4.5 (Middle of the Road)","ML-Enhanced"
2045-10-01,2045,10,"prec",141.161677430284,"SSP2-4.5 (Middle of the Road)","ML-Enhanced"
2045-11-01,2045,11,"prec",60.6925383074053,"SSP2-4.5 (Middle of the Road)","ML-Enhanced"
2045-12-01,2045,12,"prec",23.6917469069867,"SSP2-4.5 (Middle of the Road)","ML-Enhanced"
2046-01-01,2046,1,"prec",36.314439015527,"SSP2-4.5 (Middle of the Road)","ML-Enhanced"
2046-02-01,2046,2,"prec",51.0685719316737,"SSP2-4.5 (Middle of the Road)","ML-Enhanced"
2046-03-01,2046,3,"prec",72.5796738156863,"SSP2-4.5 (Middle of the Road)","ML-Enhanced"
2046-04-01,2046,4,"prec",131.125027709057,"SSP2-4.5 (Middle of the Road)","ML-Enhanced"
2046-05-01,2046,5,"prec",214.755860889527,"SSP2-4.5 (Middle of the Road)","ML-Enhanced"
2046-06-01,2046,6,"prec",506.119932268241,"SSP2-4.5 (Middle of the Road)","ML-Enhanced"
2046-07-01,2046,7,"prec",630.537618130136,"SSP2-4.5 (Middle of the Road)","ML-Enhanced"
2046-08-01,2046,8,"prec",559.430752902872,"SSP2-4.5 (Middle of the Road)","ML-Enhanced"
2046-09-01,2046,9,"prec",253.237824121515,"SSP2-4.5 (Middle of the Road)","ML-Enhanced"
2046-10-01,2046,10,"prec",150.589168358442,"SSP2-4.5 (Middle of the Road)","ML-Enhanced"
2046-11-01,2046,11,"prec",67.4885984187422,"SSP2-4.5 (Middle of the Road)","ML-Enhanced"
2046-12-01,2046,12,"prec",32.4267841355698,"SSP2-4.5 (Middle of the Road)","ML-Enhanced"
2047-01-01,2047,1,"prec",32.3907944765845,"SSP2-4.5 (Middle of the Road)","ML-Enhanced"
2047-02-01,2047,2,"prec",32.3698188914758,"SSP2-4.5 (Middle of the Road)","ML-Enhanced"
2047-03-01,2047,3,"prec",41.9861590122272,"SSP2-4.5 (Middle of the Road)","ML-Enhanced"
2047-04-01,2047,4,"prec",110.04835146492,"SSP2-4.5 (Middle of the Road)","ML-Enhanced"
2047-05-01,2047,5,"prec",236.631560721292,"SSP2-4.5 (Middle of the Road)","ML-Enhanced"
2047-06-01,2047,6,"prec",490.642130657867,"SSP2-4.5 (Middle of the Road)","ML-Enhanced"
2047-07-01,2047,7,"prec",729.071032563631,"SSP2-4.5 (Middle of the Road)","ML-Enhanced"
2047-08-01,2047,8,"prec",570.423685366432,"SSP2-4.5 (Middle of the Road)","ML-Enhanced"
2047-09-01,2047,9,"prec",297.584783302136,"SSP2-4.5 (Middle of the Road)","ML-Enhanced"
2047-10-01,2047,10,"prec",169.473461216806,"SSP2-4.5 (Middle of the Road)","ML-Enhanced"
2047-11-01,2047,11,"prec",65.1765256820813,"SSP2-4.5 (Middle of the Road)","ML-Enhanced"
2047-12-01,2047,12,"prec",37.1370680821272,"SSP2-4.5 (Middle of the Road)","ML-Enhanced"
2048-01-01,2048,1,"prec",32.9669078622612,"SSP2-4.5 (Middle of the Road)","ML-Enhanced"
2048-02-01,2048,2,"prec",41.1435597625631,"SSP2-4.5 (Middle of the Road)","ML-Enhanced"
2048-03-01,2048,3,"prec",52.1659673646477,"SSP2-4.5 (Middle of the Road)","ML-Enhanced"
2048-04-01,2048,4,"prec",136.400908236372,"SSP2-4.5 (Middle of the Road)","ML-Enhanced"
2048-05-01,2048,5,"prec",204.973877393971,"SSP2-4.5 (Middle of the Road)","ML-Enhanced"
2048-06-01,2048,6,"prec",574.491669264275,"SSP2-4.5 (Middle of the Road)","ML-Enhanced"
2048-07-01,2048,7,"prec",680.466215797315,"SSP2-4.5 (Middle of the Road)","ML-Enhanced"
2048-08-01,2048,8,"prec",577.646841937909,"SSP2-4.5 (Middle of the Road)","ML-Enhanced"
2048-09-01,2048,9,"prec",343.697047004724,"SSP2-4.5 (Middle of the Road)","ML-Enhanced"
2048-10-01,2048,10,"prec",149.923044925679,"SSP2-4.5 (Middle of the Road)","ML-Enhanced"
2048-11-01,2048,11,"prec",54.5959199850767,"SSP2-4.5 (Middle of the Road)","ML-Enhanced"
2048-12-01,2048,12,"prec",44.0160229002653,"SSP2-4.5 (Middle of the Road)","ML-Enhanced"
2049-01-01,2049,1,"prec",34.6131566203883,"SSP2-4.5 (Middle of the Road)","ML-Enhanced"
2049-02-01,2049,2,"prec",53.067772898312,"SSP2-4.5 (Middle of the Road)","ML-Enhanced"
2049-03-01,2049,3,"prec",41.2124775812439,"SSP2-4.5 (Middle of the Road)","ML-Enhanced"
2049-04-01,2049,4,"prec",134.911980446773,"SSP2-4.5 (Middle of the Road)","ML-Enhanced"
2049-05-01,2049,5,"prec",191.92488735419,"SSP2-4.5 (Middle of the Road)","ML-Enhanced"
2049-06-01,2049,6,"prec",453.584643943015,"SSP2-4.5 (Middle of the Road)","ML-Enhanced"
2049-07-01,2049,7,"prec",565.832202471298,"SSP2-4.5 (Middle of the Road)","ML-Enhanced"
2049-08-01,2049,8,"prec",617.838774119096,"SSP2-4.5 (Middle of the Road)","ML-Enhanced"
2049-09-01,2049,9,"prec",356.144888873126,"SSP2-4.5 (Middle of the Road)","ML-Enhanced"
2049-10-01,2049,10,"prec",134.444174350444,"SSP2-4.5 (Middle of the Road)","ML-Enhanced"
2049-11-01,2049,11,"prec",68.7535281940906,"SSP2-4.5 (Middle of the Road)","ML-Enhanced"
2049-12-01,2049,12,"prec",32.6658541330181,"SSP2-4.5 (Middle of the Road)","ML-Enhanced"
2050-01-01,2050,1,"prec",20.9609653173272,"SSP2-4.5 (Middle of the Road)","ML-Enhanced"
2050-02-01,2050,2,"prec",54.5978081348166,"SSP2-4.5 (Middle of the Road)","ML-Enhanced"
2050-03-01,2050,3,"prec",40.2530128951216,"SSP2-4.5 (Middle of the Road)","ML-Enhanced"
2050-04-01,2050,4,"prec",114.867672831018,"SSP2-4.5 (Middle of the Road)","ML-Enhanced"
2050-05-01,2050,5,"prec",162.182549114502,"SSP2-4.5 (Middle of the Road)","ML-Enhanced"
2050-06-01,2050,6,"prec",627.827515208268,"SSP2-4.5 (Middle of the Road)","ML-Enhanced"
2050-07-01,2050,7,"prec",685.385237869667,"SSP2-4.5 (Middle of the Road)","ML-Enhanced"
2050-08-01,2050,8,"prec",486.941883189477,"SSP2-4.5 (Middle of the Road)","ML-Enhanced"
2050-09-01,2050,9,"prec",381.98677675189,"SSP2-4.5 (Middle of the Road)","ML-Enhanced"
2050-10-01,2050,10,"prec",182.88915882891,"SSP2-4.5 (Middle of the Road)","ML-Enhanced"
2050-11-01,2050,11,"prec",55.0873535955076,"SSP2-4.5 (Middle of the Road)","ML-Enhanced"
2050-12-01,2050,12,"prec",42.0931716923915,"SSP2-4.5 (Middle of the Road)","ML-Enhanced"
2051-01-01,2051,1,"prec",27.3404768657009,"SSP2-4.5 (Middle of the Road)","ML-Enhanced"
2051-02-01,2051,2,"prec",54.9826807871103,"SSP2-4.5 (Middle of the Road)","ML-Enhanced"
2051-03-01,2051,3,"prec",42.4350752252008,"SSP2-4.5 (Middle of the Road)","ML-Enhanced"
2051-04-01,2051,4,"prec",142.696530658698,"SSP2-4.5 (Middle of the Road)","ML-Enhanced"
2051-05-01,2051,5,"prec",294.435856080229,"SSP2-4.5 (Middle of the Road)","ML-Enhanced"
2051-06-01,2051,6,"prec",424.756756273552,"SSP2-4.5 (Middle of the Road)","ML-Enhanced"
2051-07-01,2051,7,"prec",687.54559030433,"SSP2-4.5 (Middle of the Road)","ML-Enhanced"
2051-08-01,2051,8,"prec",551.52756330828,"SSP2-4.5 (Middle of the Road)","ML-Enhanced"
2051-09-01,2051,9,"prec",394.742922606058,"SSP2-4.5 (Middle of the Road)","ML-Enhanced"
2051-10-01,2051,10,"prec",197.36357441229,"SSP2-4.5 (Middle of the Road)","ML-Enhanced"
2051-11-01,2051,11,"prec",59.3993490749641,"SSP2-4.5 (Middle of the Road)","ML-Enhanced"
2051-12-01,2051,12,"prec",32.2088373141373,"SSP2-4.5 (Middle of the Road)","ML-Enhanced"
2052-01-01,2052,1,"prec",36.915091798166,"SSP2-4.5 (Middle of the Road)","ML-Enhanced"
2052-02-01,2052,2,"prec",41.0343254188261,"SSP2-4.5 (Middle of the Road)","ML-Enhanced"
2052-03-01,2052,3,"prec",56.6869530260717,"SSP2-4.5 (Middle of the Road)","ML-Enhanced"
2052-04-01,2052,4,"prec",90.537416715772,"SSP2-4.5 (Middle of the Road)","ML-Enhanced"
2052-05-01,2052,5,"prec",196.773467700106,"SSP2-4.5 (Middle of the Road)","ML-Enhanced"
2052-06-01,2052,6,"prec",634.230826382006,"SSP2-4.5 (Middle of the Road)","ML-Enhanced"
2052-07-01,2052,7,"prec",761.136554229293,"SSP2-4.5 (Middle of the Road)","ML-Enhanced"
2052-08-01,2052,8,"prec",612.197972803489,"SSP2-4.5 (Middle of the Road)","ML-Enhanced"
2052-09-01,2052,9,"prec",305.378527942131,"SSP2-4.5 (Middle of the Road)","ML-Enhanced"
2052-10-01,2052,10,"prec",187.919972318083,"SSP2-4.5 (Middle of the Road)","ML-Enhanced"
2052-11-01,2052,11,"prec",70.1904234665402,"SSP2-4.5 (Middle of the Road)","ML-Enhanced"
2052-12-01,2052,12,"prec",37.952124492436,"SSP2-4.5 (Middle of the Road)","ML-Enhanced"
2053-01-01,2053,1,"prec",30.6308947605414,"SSP2-4.5 (Middle of the Road)","ML-Enhanced"
2053-02-01,2053,2,"prec",47.8643454164313,"SSP2-4.5 (Middle of the Road)","ML-Enhanced"
2053-03-01,2053,3,"prec",64.5241673760929,"SSP2-4.5 (Middle of the Road)","ML-Enhanced"
2053-04-01,2053,4,"prec",127.52676152585,"SSP2-4.5 (Middle of the Road)","ML-Enhanced"
2053-05-01,2053,5,"prec",262.954198309814,"SSP2-4.5 (Middle of the Road)","ML-Enhanced"
2053-06-01,2053,6,"prec",554.551035050271,"SSP2-4.5 (Middle of the Road)","ML-Enhanced"
2053-07-01,2053,7,"prec",660.007318089584,"SSP2-4.5 (Middle of the Road)","ML-Enhanced"
2053-08-01,2053,8,"prec",663.766801496459,"SSP2-4.5 (Middle of the Road)","ML-Enhanced"
2053-09-01,2053,9,"prec",350.240847965497,"SSP2-4.5 (Middle of the Road)","ML-Enhanced"
2053-10-01,2053,10,"prec",169.688951556223,"SSP2-4.5 (Middle of the Road)","ML-Enhanced"
2053-11-01,2053,11,"prec",68.6920242754238,"SSP2-4.5 (Middle of the Road)","ML-Enhanced"
2053-12-01,2053,12,"prec",40.314111086958,"SSP2-4.5 (Middle of the Road)","ML-Enhanced"
2024-01-01,2024,1,"tavg",23.4591892029897,"SSP3-7.0 (Regional Rivalry)","Statistical"
2024-02-01,2024,2,"tavg",23.9166537968194,"SSP3-7.0 (Regional Rivalry)","Statistical"
2024-03-01,2024,3,"tavg",25.3488982736892,"SSP3-7.0 (Regional Rivalry)","Statistical"
2024-04-01,2024,4,"tavg",26.7976768787435,"SSP3-7.0 (Regional Rivalry)","Statistical"
2024-05-01,2024,5,"tavg",29.4553853248426,"SSP3-7.0 (Regional Rivalry)","Statistical"
2024-06-01,2024,6,"tavg",28.3471315443043,"SSP3-7.0 (Regional Rivalry)","Statistical"
2024-07-01,2024,7,"tavg",27.2087757107148,"SSP3-7.0 (Regional Rivalry)","Statistical"
2024-08-01,2024,8,"tavg",27.8176710670787,"SSP3-7.0 (Regional Rivalry)","Statistical"
2024-09-01,2024,9,"tavg",25.8162464133329,"SSP3-7.0 (Regional Rivalry)","Statistical"
2024-10-01,2024,10,"tavg",24.4350114903931,"SSP3-7.0 (Regional Rivalry)","Statistical"
2024-11-01,2024,11,"tavg",22.9059691170564,"SSP3-7.0 (Regional Rivalry)","Statistical"
2024-12-01,2024,12,"tavg",22.0410755706598,"SSP3-7.0 (Regional Rivalry)","Statistical"
2025-01-01,2025,1,"tavg",23.3000193399822,"SSP3-7.0 (Regional Rivalry)","Statistical"
2025-02-01,2025,2,"tavg",24.8386182932643,"SSP3-7.0 (Regional Rivalry)","Statistical"
2025-03-01,2025,3,"tavg",26.2747631666178,"SSP3-7.0 (Regional Rivalry)","Statistical"
2025-04-01,2025,4,"tavg",27.7986311655154,"SSP3-7.0 (Regional Rivalry)","Statistical"
2025-05-01,2025,5,"tavg",28.4127427210119,"SSP3-7.0 (Regional Rivalry)","Statistical"
2025-06-01,2025,6,"tavg",28.8835785548112,"SSP3-7.0 (Regional Rivalry)","Statistical"
2025-07-01,2025,7,"tavg",28.2126340005697,"SSP3-7.0 (Regional Rivalry)","Statistical"
2025-08-01,2025,8,"tavg",27.6266891565592,"SSP3-7.0 (Regional Rivalry)","Statistical"
2025-09-01,2025,9,"tavg",26.1145873598444,"SSP3-7.0 (Regional Rivalry)","Statistical"
2025-10-01,2025,10,"tavg",24.1566058434905,"SSP3-7.0 (Regional Rivalry)","Statistical"
2025-11-01,2025,11,"tavg",22.2509450867875,"SSP3-7.0 (Regional Rivalry)","Statistical"
2025-12-01,2025,12,"tavg",22.4866305032964,"SSP3-7.0 (Regional Rivalry)","Statistical"
2026-01-01,2026,1,"tavg",23.9217165890441,"SSP3-7.0 (Regional Rivalry)","Statistical"
2026-02-01,2026,2,"tavg",24.0989402176999,"SSP3-7.0 (Regional Rivalry)","Statistical"
2026-03-01,2026,3,"tavg",25.5893476393199,"SSP3-7.0 (Regional Rivalry)","Statistical"
2026-04-01,2026,4,"tavg",26.5919936892181,"SSP3-7.0 (Regional Rivalry)","Statistical"
2026-05-01,2026,5,"tavg",28.982153442311,"SSP3-7.0 (Regional Rivalry)","Statistical"
2026-06-01,2026,6,"tavg",28.668521877021,"SSP3-7.0 (Regional Rivalry)","Statistical"
2026-07-01,2026,7,"tavg",28.660760446734,"SSP3-7.0 (Regional Rivalry)","Statistical"
2026-08-01,2026,8,"tavg",27.2079616196494,"SSP3-7.0 (Regional Rivalry)","Statistical"
2026-09-01,2026,9,"tavg",25.4436368927222,"SSP3-7.0 (Regional Rivalry)","Statistical"
2026-10-01,2026,10,"tavg",24.1704971173371,"SSP3-7.0 (Regional Rivalry)","Statistical"
2026-11-01,2026,11,"tavg",23.752216699743,"SSP3-7.0 (Regional Rivalry)","Statistical"
2026-12-01,2026,12,"tavg",22.1503779794558,"SSP3-7.0 (Regional Rivalry)","Statistical"
2027-01-01,2027,1,"tavg",23.4444361068744,"SSP3-7.0 (Regional Rivalry)","Statistical"
2027-02-01,2027,2,"tavg",24.1819327081749,"SSP3-7.0 (Regional Rivalry)","Statistical"
2027-03-01,2027,3,"tavg",26.0750909505888,"SSP3-7.0 (Regional Rivalry)","Statistical"
2027-04-01,2027,4,"tavg",27.3121822925824,"SSP3-7.0 (Regional Rivalry)","Statistical"
2027-05-01,2027,5,"tavg",27.7828066359569,"SSP3-7.0 (Regional Rivalry)","Statistical"
2027-06-01,2027,6,"tavg",28.6545461819357,"SSP3-7.0 (Regional Rivalry)","Statistical"
2027-07-01,2027,7,"tavg",29.0838407084272,"SSP3-7.0 (Regional Rivalry)","Statistical"
2027-08-01,2027,8,"tavg",27.8519841835275,"SSP3-7.0 (Regional Rivalry)","Statistical"
2027-09-01,2027,9,"tavg",25.6889761713828,"SSP3-7.0 (Regional Rivalry)","Statistical"
2027-10-01,2027,10,"tavg",24.4949919085957,"SSP3-7.0 (Regional Rivalry)","Statistical"
2027-11-01,2027,11,"tavg",22.9073035014383,"SSP3-7.0 (Regional Rivalry)","Statistical"
2027-12-01,2027,12,"tavg",22.8758965926,"SSP3-7.0 (Regional Rivalry)","Statistical"
2028-01-01,2028,1,"tavg",23.9717062856407,"SSP3-7.0 (Regional Rivalry)","Statistical"
2028-02-01,2028,2,"tavg",25.0938603281333,"SSP3-7.0 (Regional Rivalry)","Statistical"
2028-03-01,2028,3,"tavg",26.4649111766558,"SSP3-7.0 (Regional Rivalry)","Statistical"
2028-04-01,2028,4,"tavg",27.9152123507403,"SSP3-7.0 (Regional Rivalry)","Statistical"
2028-05-01,2028,5,"tavg",29.253907301213,"SSP3-7.0 (Regional Rivalry)","Statistical"
2028-06-01,2028,6,"tavg",27.9392929650556,"SSP3-7.0 (Regional Rivalry)","Statistical"
2028-07-01,2028,7,"tavg",27.6595331669143,"SSP3-7.0 (Regional Rivalry)","Statistical"
2028-08-01,2028,8,"tavg",27.3996728546666,"SSP3-7.0 (Regional Rivalry)","Statistical"
2028-09-01,2028,9,"tavg",26.5341114236393,"SSP3-7.0 (Regional Rivalry)","Statistical"
2028-10-01,2028,10,"tavg",24.6611517026663,"SSP3-7.0 (Regional Rivalry)","Statistical"
2028-11-01,2028,11,"tavg",24.2180000989342,"SSP3-7.0 (Regional Rivalry)","Statistical"
2028-12-01,2028,12,"tavg",22.7951024287429,"SSP3-7.0 (Regional Rivalry)","Statistical"
2029-01-01,2029,1,"tavg",23.9374963142031,"SSP3-7.0 (Regional Rivalry)","Statistical"
2029-02-01,2029,2,"tavg",24.2032542731211,"SSP3-7.0 (Regional Rivalry)","Statistical"
2029-03-01,2029,3,"tavg",27.2943797807061,"SSP3-7.0 (Regional Rivalry)","Statistical"
2029-04-01,2029,4,"tavg",26.8779588193877,"SSP3-7.0 (Regional Rivalry)","Statistical"
2029-05-01,2029,5,"tavg",28.7433674851416,"SSP3-7.0 (Regional Rivalry)","Statistical"
2029-06-01,2029,6,"tavg",28.6736531586527,"SSP3-7.0 (Regional Rivalry)","Statistical"
2029-07-01,2029,7,"tavg",27.4587005193363,"SSP3-7.0 (Regional Rivalry)","Statistical"
2029-08-01,2029,8,"tavg",26.7992961546002,"SSP3-7.0 (Regional Rivalry)","Statistical"
2029-09-01,2029,9,"tavg",25.9052283039207,"SSP3-7.0 (Regional Rivalry)","Statistical"
2029-10-01,2029,10,"tavg",24.7476482290594,"SSP3-7.0 (Regional Rivalry)","Statistical"
2029-11-01,2029,11,"tavg",23.27763195176,"SSP3-7.0 (Regional Rivalry)","Statistical"
2029-12-01,2029,12,"tavg",23.9999387272612,"SSP3-7.0 (Regional Rivalry)","Statistical"
2030-01-01,2030,1,"tavg",22.738661826264,"SSP3-7.0 (Regional Rivalry)","Statistical"
2030-02-01,2030,2,"tavg",24.5351039597816,"SSP3-7.0 (Regional Rivalry)","Statistical"
2030-03-01,2030,3,"tavg",26.358912918524,"SSP3-7.0 (Regional Rivalry)","Statistical"
2030-04-01,2030,4,"tavg",27.364133585017,"SSP3-7.0 (Regional Rivalry)","Statistical"
2030-05-01,2030,5,"tavg",27.9941504997615,"SSP3-7.0 (Regional Rivalry)","Statistical"
2030-06-01,2030,6,"tavg",29.0650919965655,"SSP3-7.0 (Regional Rivalry)","Statistical"
2030-07-01,2030,7,"tavg",28.7151985557641,"SSP3-7.0 (Regional Rivalry)","Statistical"
2030-08-01,2030,8,"tavg",27.4651193219599,"SSP3-7.0 (Regional Rivalry)","Statistical"
2030-09-01,2030,9,"tavg",25.3645693257707,"SSP3-7.0 (Regional Rivalry)","Statistical"
2030-10-01,2030,10,"tavg",24.032243416659,"SSP3-7.0 (Regional Rivalry)","Statistical"
2030-11-01,2030,11,"tavg",23.0832299911247,"SSP3-7.0 (Regional Rivalry)","Statistical"
2030-12-01,2030,12,"tavg",24.1689020025237,"SSP3-7.0 (Regional Rivalry)","Statistical"
2031-01-01,2031,1,"tavg",22.7494444848888,"SSP3-7.0 (Regional Rivalry)","Statistical"
2031-02-01,2031,2,"tavg",24.1870378232839,"SSP3-7.0 (Regional Rivalry)","Statistical"
2031-03-01,2031,3,"tavg",25.8623129211994,"SSP3-7.0 (Regional Rivalry)","Statistical"
2031-04-01,2031,4,"tavg",26.8073286481214,"SSP3-7.0 (Regional Rivalry)","Statistical"
2031-05-01,2031,5,"tavg",28.9448493884221,"SSP3-7.0 (Regional Rivalry)","Statistical"
2031-06-01,2031,6,"tavg",28.7291759904963,"SSP3-7.0 (Regional Rivalry)","Statistical"
2031-07-01,2031,7,"tavg",28.2118383316731,"SSP3-7.0 (Regional Rivalry)","Statistical"
2031-08-01,2031,8,"tavg",27.885989845577,"SSP3-7.0 (Regional Rivalry)","Statistical"
2031-09-01,2031,9,"tavg",25.925539958849,"SSP3-7.0 (Regional Rivalry)","Statistical"
2031-10-01,2031,10,"tavg",24.9835880580068,"SSP3-7.0 (Regional Rivalry)","Statistical"
2031-11-01,2031,11,"tavg",23.8246236863187,"SSP3-7.0 (Regional Rivalry)","Statistical"
2031-12-01,2031,12,"tavg",22.9609603755048,"SSP3-7.0 (Regional Rivalry)","Statistical"
2032-01-01,2032,1,"tavg",24.7122197635238,"SSP3-7.0 (Regional Rivalry)","Statistical"
2032-02-01,2032,2,"tavg",24.1622005221068,"SSP3-7.0 (Regional Rivalry)","Statistical"
2032-03-01,2032,3,"tavg",26.8066336516502,"SSP3-7.0 (Regional Rivalry)","Statistical"
2032-04-01,2032,4,"tavg",28.3792510787935,"SSP3-7.0 (Regional Rivalry)","Statistical"
2032-05-01,2032,5,"tavg",28.4813502351889,"SSP3-7.0 (Regional Rivalry)","Statistical"
2032-06-01,2032,6,"tavg",28.5920564948093,"SSP3-7.0 (Regional Rivalry)","Statistical"
2032-07-01,2032,7,"tavg",29.1810055376872,"SSP3-7.0 (Regional Rivalry)","Statistical"
2032-08-01,2032,8,"tavg",27.3162235657344,"SSP3-7.0 (Regional Rivalry)","Statistical"
2032-09-01,2032,9,"tavg",25.3015171007392,"SSP3-7.0 (Regional Rivalry)","Statistical"
2032-10-01,2032,10,"tavg",24.6644083710279,"SSP3-7.0 (Regional Rivalry)","Statistical"
2032-11-01,2032,11,"tavg",23.1357458766038,"SSP3-7.0 (Regional Rivalry)","Statistical"
2032-12-01,2032,12,"tavg",23.815886649446,"SSP3-7.0 (Regional Rivalry)","Statistical"
2033-01-01,2033,1,"tavg",24.4664972789577,"SSP3-7.0 (Regional Rivalry)","Statistical"
2033-02-01,2033,2,"tavg",26.1869540723396,"SSP3-7.0 (Regional Rivalry)","Statistical"
2033-03-01,2033,3,"tavg",27.0836818004916,"SSP3-7.0 (Regional Rivalry)","Statistical"
2033-04-01,2033,4,"tavg",27.1603853552185,"SSP3-7.0 (Regional Rivalry)","Statistical"
2033-05-01,2033,5,"tavg",29.268737144229,"SSP3-7.0 (Regional Rivalry)","Statistical"
2033-06-01,2033,6,"tavg",27.3829231165413,"SSP3-7.0 (Regional Rivalry)","Statistical"
2033-07-01,2033,7,"tavg",28.2717820242572,"SSP3-7.0 (Regional Rivalry)","Statistical"
2033-08-01,2033,8,"tavg",27.9584595886407,"SSP3-7.0 (Regional Rivalry)","Statistical"
2033-09-01,2033,9,"tavg",26.4075575912857,"SSP3-7.0 (Regional Rivalry)","Statistical"
2033-10-01,2033,10,"tavg",24.9828948852277,"SSP3-7.0 (Regional Rivalry)","Statistical"
2033-11-01,2033,11,"tavg",24.5148171811113,"SSP3-7.0 (Regional Rivalry)","Statistical"
2033-12-01,2033,12,"tavg",22.0142786989836,"SSP3-7.0 (Regional Rivalry)","Statistical"
2034-01-01,2034,1,"tavg",23.5921989138757,"SSP3-7.0 (Regional Rivalry)","Statistical"
2034-02-01,2034,2,"tavg",23.9337786845522,"SSP3-7.0 (Regional Rivalry)","Statistical"
2034-03-01,2034,3,"tavg",26.1849132039499,"SSP3-7.0 (Regional Rivalry)","Statistical"
2034-04-01,2034,4,"tavg",27.9746881047389,"SSP3-7.0 (Regional Rivalry)","Statistical"
2034-05-01,2034,5,"tavg",28.8808717176625,"SSP3-7.0 (Regional Rivalry)","Statistical"
2034-06-01,2034,6,"tavg",28.7704168409137,"SSP3-7.0 (Regional Rivalry)","Statistical"
2034-07-01,2034,7,"tavg",29.3434092076253,"SSP3-7.0 (Regional Rivalry)","Statistical"
2034-08-01,2034,8,"tavg",27.8603251515507,"SSP3-7.0 (Regional Rivalry)","Statistical"
2034-09-01,2034,9,"tavg",25.3183004779732,"SSP3-7.0 (Regional Rivalry)","Statistical"
2034-10-01,2034,10,"tavg",24.3867570674206,"SSP3-7.0 (Regional Rivalry)","Statistical"
2034-11-01,2034,11,"tavg",23.9041805192676,"SSP3-7.0 (Regional Rivalry)","Statistical"
2034-12-01,2034,12,"tavg",22.5409522962059,"SSP3-7.0 (Regional Rivalry)","Statistical"
2035-01-01,2035,1,"tavg",23.805456227987,"SSP3-7.0 (Regional Rivalry)","Statistical"
2035-02-01,2035,2,"tavg",23.6736059966643,"SSP3-7.0 (Regional Rivalry)","Statistical"
2035-03-01,2035,3,"tavg",26.5243202994715,"SSP3-7.0 (Regional Rivalry)","Statistical"
2035-04-01,2035,4,"tavg",27.4789799484666,"SSP3-7.0 (Regional Rivalry)","Statistical"
2035-05-01,2035,5,"tavg",28.0875435728271,"SSP3-7.0 (Regional Rivalry)","Statistical"
2035-06-01,2035,6,"tavg",30.0478915415254,"SSP3-7.0 (Regional Rivalry)","Statistical"
2035-07-01,2035,7,"tavg",28.3663292690276,"SSP3-7.0 (Regional Rivalry)","Statistical"
2035-08-01,2035,8,"tavg",27.9040272760803,"SSP3-7.0 (Regional Rivalry)","Statistical"
2035-09-01,2035,9,"tavg",26.8401644691729,"SSP3-7.0 (Regional Rivalry)","Statistical"
2035-10-01,2035,10,"tavg",24.7863054403958,"SSP3-7.0 (Regional Rivalry)","Statistical"
2035-11-01,2035,11,"tavg",23.0894340624438,"SSP3-7.0 (Regional Rivalry)","Statistical"
2035-12-01,2035,12,"tavg",22.4308539593246,"SSP3-7.0 (Regional Rivalry)","Statistical"
2036-01-01,2036,1,"tavg",24.0601176872971,"SSP3-7.0 (Regional Rivalry)","Statistical"
2036-02-01,2036,2,"tavg",24.1663763268042,"SSP3-7.0 (Regional Rivalry)","Statistical"
2036-03-01,2036,3,"tavg",25.9393265575599,"SSP3-7.0 (Regional Rivalry)","Statistical"
2036-04-01,2036,4,"tavg",26.9268407623949,"SSP3-7.0 (Regional Rivalry)","Statistical"
2036-05-01,2036,5,"tavg",28.2637483913699,"SSP3-7.0 (Regional Rivalry)","Statistical"
2036-06-01,2036,6,"tavg",28.5387636595217,"SSP3-7.0 (Regional Rivalry)","Statistical"
2036-07-01,2036,7,"tavg",29.2995903765314,"SSP3-7.0 (Regional Rivalry)","Statistical"
2036-08-01,2036,8,"tavg",27.3314244420342,"SSP3-7.0 (Regional Rivalry)","Statistical"
2036-09-01,2036,9,"tavg",26.5591682863353,"SSP3-7.0 (Regional Rivalry)","Statistical"
2036-10-01,2036,10,"tavg",25.0050214535843,"SSP3-7.0 (Regional Rivalry)","Statistical"
2036-11-01,2036,11,"tavg",22.2658031731645,"SSP3-7.0 (Regional Rivalry)","Statistical"
2036-12-01,2036,12,"tavg",22.9726548294237,"SSP3-7.0 (Regional Rivalry)","Statistical"
2037-01-01,2037,1,"tavg",23.1609487014382,"SSP3-7.0 (Regional Rivalry)","Statistical"
2037-02-01,2037,2,"tavg",24.2914998864587,"SSP3-7.0 (Regional Rivalry)","Statistical"
2037-03-01,2037,3,"tavg",27.3099936760496,"SSP3-7.0 (Regional Rivalry)","Statistical"
2037-04-01,2037,4,"tavg",26.7192788155971,"SSP3-7.0 (Regional Rivalry)","Statistical"
2037-05-01,2037,5,"tavg",29.1840818427009,"SSP3-7.0 (Regional Rivalry)","Statistical"
2037-06-01,2037,6,"tavg",30.3853804725609,"SSP3-7.0 (Regional Rivalry)","Statistical"
2037-07-01,2037,7,"tavg",29.3030852817644,"SSP3-7.0 (Regional Rivalry)","Statistical"
2037-08-01,2037,8,"tavg",28.1617905332625,"SSP3-7.0 (Regional Rivalry)","Statistical"
2037-09-01,2037,9,"tavg",25.9566940207693,"SSP3-7.0 (Regional Rivalry)","Statistical"
2037-10-01,2037,10,"tavg",25.8796907711811,"SSP3-7.0 (Regional Rivalry)","Statistical"
2037-11-01,2037,11,"tavg",24.1962962788667,"SSP3-7.0 (Regional Rivalry)","Statistical"
2037-12-01,2037,12,"tavg",23.2940642747617,"SSP3-7.0 (Regional Rivalry)","Statistical"
2038-01-01,2038,1,"tavg",23.4419859752403,"SSP3-7.0 (Regional Rivalry)","Statistical"
2038-02-01,2038,2,"tavg",25.1449817539883,"SSP3-7.0 (Regional Rivalry)","Statistical"
2038-03-01,2038,3,"tavg",26.576914234932,"SSP3-7.0 (Regional Rivalry)","Statistical"
2038-04-01,2038,4,"tavg",27.1895786910882,"SSP3-7.0 (Regional Rivalry)","Statistical"
2038-05-01,2038,5,"tavg",28.5290064273111,"SSP3-7.0 (Regional Rivalry)","Statistical"
2038-06-01,2038,6,"tavg",29.0975007287722,"SSP3-7.0 (Regional Rivalry)","Statistical"
2038-07-01,2038,7,"tavg",29.5529413500124,"SSP3-7.0 (Regional Rivalry)","Statistical"
2038-08-01,2038,8,"tavg",28.2425244497742,"SSP3-7.0 (Regional Rivalry)","Statistical"
2038-09-01,2038,9,"tavg",26.0212730042081,"SSP3-7.0 (Regional Rivalry)","Statistical"
2038-10-01,2038,10,"tavg",24.5475901768844,"SSP3-7.0 (Regional Rivalry)","Statistical"
2038-11-01,2038,11,"tavg",23.6014240440115,"SSP3-7.0 (Regional Rivalry)","Statistical"
2038-12-01,2038,12,"tavg",24.6343252180168,"SSP3-7.0 (Regional Rivalry)","Statistical"
2039-01-01,2039,1,"tavg",24.0378844513948,"SSP3-7.0 (Regional Rivalry)","Statistical"
2039-02-01,2039,2,"tavg",25.3569861748499,"SSP3-7.0 (Regional Rivalry)","Statistical"
2039-03-01,2039,3,"tavg",26.4739316797034,"SSP3-7.0 (Regional Rivalry)","Statistical"
2039-04-01,2039,4,"tavg",27.0440788046722,"SSP3-7.0 (Regional Rivalry)","Statistical"
2039-05-01,2039,5,"tavg",29.6137470628608,"SSP3-7.0 (Regional Rivalry)","Statistical"
2039-06-01,2039,6,"tavg",30.3377253257609,"SSP3-7.0 (Regional Rivalry)","Statistical"
2039-07-01,2039,7,"tavg",28.6332110936217,"SSP3-7.0 (Regional Rivalry)","Statistical"
2039-08-01,2039,8,"tavg",27.9248147460127,"SSP3-7.0 (Regional Rivalry)","Statistical"
2039-09-01,2039,9,"tavg",27.4171227300312,"SSP3-7.0 (Regional Rivalry)","Statistical"
2039-10-01,2039,10,"tavg",24.7261204657551,"SSP3-7.0 (Regional Rivalry)","Statistical"
2039-11-01,2039,11,"tavg",24.3406086516118,"SSP3-7.0 (Regional Rivalry)","Statistical"
2039-12-01,2039,12,"tavg",23.0563899411215,"SSP3-7.0 (Regional Rivalry)","Statistical"
2040-01-01,2040,1,"tavg",23.9377037036488,"SSP3-7.0 (Regional Rivalry)","Statistical"
2040-02-01,2040,2,"tavg",25.6408976101508,"SSP3-7.0 (Regional Rivalry)","Statistical"
2040-03-01,2040,3,"tavg",26.3372661547303,"SSP3-7.0 (Regional Rivalry)","Statistical"
2040-04-01,2040,4,"tavg",28.1042215054132,"SSP3-7.0 (Regional Rivalry)","Statistical"
2040-05-01,2040,5,"tavg",28.4417760196158,"SSP3-7.0 (Regional Rivalry)","Statistical"
2040-06-01,2040,6,"tavg",29.5147669777865,"SSP3-7.0 (Regional Rivalry)","Statistical"
2040-07-01,2040,7,"tavg",29.7817145956136,"SSP3-7.0 (Regional Rivalry)","Statistical"
2040-08-01,2040,8,"tavg",27.9717529653015,"SSP3-7.0 (Regional Rivalry)","Statistical"
2040-09-01,2040,9,"tavg",27.0431243630123,"SSP3-7.0 (Regional Rivalry)","Statistical"
2040-10-01,2040,10,"tavg",24.7589421871354,"SSP3-7.0 (Regional Rivalry)","Statistical"
2040-11-01,2040,11,"tavg",23.2801443490128,"SSP3-7.0 (Regional Rivalry)","Statistical"
2040-12-01,2040,12,"tavg",23.2497998601446,"SSP3-7.0 (Regional Rivalry)","Statistical"
2041-01-01,2041,1,"tavg",23.0151617120527,"SSP3-7.0 (Regional Rivalry)","Statistical"
2041-02-01,2041,2,"tavg",24.7966988225749,"SSP3-7.0 (Regional Rivalry)","Statistical"
2041-03-01,2041,3,"tavg",26.6198174805062,"SSP3-7.0 (Regional Rivalry)","Statistical"
2041-04-01,2041,4,"tavg",27.5456676593591,"SSP3-7.0 (Regional Rivalry)","Statistical"
2041-05-01,2041,5,"tavg",29.1226838960593,"SSP3-7.0 (Regional Rivalry)","Statistical"
2041-06-01,2041,6,"tavg",30.3512209434505,"SSP3-7.0 (Regional Rivalry)","Statistical"
2041-07-01,2041,7,"tavg",30.3331396619088,"SSP3-7.0 (Regional Rivalry)","Statistical"
2041-08-01,2041,8,"tavg",28.7297564670558,"SSP3-7.0 (Regional Rivalry)","Statistical"
2041-09-01,2041,9,"tavg",26.0007355695517,"SSP3-7.0 (Regional Rivalry)","Statistical"
2041-10-01,2041,10,"tavg",26.6950686009369,"SSP3-7.0 (Regional Rivalry)","Statistical"
2041-11-01,2041,11,"tavg",24.9430621021705,"SSP3-7.0 (Regional Rivalry)","Statistical"
2041-12-01,2041,12,"tavg",23.5765745483989,"SSP3-7.0 (Regional Rivalry)","Statistical"
2042-01-01,2042,1,"tavg",24.2925207309717,"SSP3-7.0 (Regional Rivalry)","Statistical"
2042-02-01,2042,2,"tavg",24.6257131352848,"SSP3-7.0 (Regional Rivalry)","Statistical"
2042-03-01,2042,3,"tavg",27.325340407341,"SSP3-7.0 (Regional Rivalry)","Statistical"
2042-04-01,2042,4,"tavg",28.0050091192033,"SSP3-7.0 (Regional Rivalry)","Statistical"
2042-05-01,2042,5,"tavg",28.9017857972753,"SSP3-7.0 (Regional Rivalry)","Statistical"
2042-06-01,2042,6,"tavg",29.6342506172914,"SSP3-7.0 (Regional Rivalry)","Statistical"
2042-07-01,2042,7,"tavg",28.4936529135719,"SSP3-7.0 (Regional Rivalry)","Statistical"
2042-08-01,2042,8,"tavg",27.5247043577123,"SSP3-7.0 (Regional Rivalry)","Statistical"
2042-09-01,2042,9,"tavg",26.8564625738061,"SSP3-7.0 (Regional Rivalry)","Statistical"
2042-10-01,2042,10,"tavg",24.2781139517747,"SSP3-7.0 (Regional Rivalry)","Statistical"
2042-11-01,2042,11,"tavg",24.3223928673436,"SSP3-7.0 (Regional Rivalry)","Statistical"
2042-12-01,2042,12,"tavg",24.6375757900732,"SSP3-7.0 (Regional Rivalry)","Statistical"
2043-01-01,2043,1,"tavg",22.8745884386365,"SSP3-7.0 (Regional Rivalry)","Statistical"
2043-02-01,2043,2,"tavg",24.7612008393723,"SSP3-7.0 (Regional Rivalry)","Statistical"
2043-03-01,2043,3,"tavg",26.2835027851817,"SSP3-7.0 (Regional Rivalry)","Statistical"
2043-04-01,2043,4,"tavg",27.8068438171333,"SSP3-7.0 (Regional Rivalry)","Statistical"
2043-05-01,2043,5,"tavg",30.2226454817733,"SSP3-7.0 (Regional Rivalry)","Statistical"
2043-06-01,2043,6,"tavg",29.331240133667,"SSP3-7.0 (Regional Rivalry)","Statistical"
2043-07-01,2043,7,"tavg",28.9156944759328,"SSP3-7.0 (Regional Rivalry)","Statistical"
2043-08-01,2043,8,"tavg",28.1109210105177,"SSP3-7.0 (Regional Rivalry)","Statistical"
2043-09-01,2043,9,"tavg",26.1827297576103,"SSP3-7.0 (Regional Rivalry)","Statistical"
2043-10-01,2043,10,"tavg",24.4365924516142,"SSP3-7.0 (Regional Rivalry)","Statistical"
2043-11-01,2043,11,"tavg",23.3447036111072,"SSP3-7.0 (Regional Rivalry)","Statistical"
2043-12-01,2043,12,"tavg",23.7992674644997,"SSP3-7.0 (Regional Rivalry)","Statistical"
2044-01-01,2044,1,"tavg",24.2679471450865,"SSP3-7.0 (Regional Rivalry)","Statistical"
2044-02-01,2044,2,"tavg",25.1905734775433,"SSP3-7.0 (Regional Rivalry)","Statistical"
2044-03-01,2044,3,"tavg",25.839501188937,"SSP3-7.0 (Regional Rivalry)","Statistical"
2044-04-01,2044,4,"tavg",26.8630093802603,"SSP3-7.0 (Regional Rivalry)","Statistical"
2044-05-01,2044,5,"tavg",29.3195018253403,"SSP3-7.0 (Regional Rivalry)","Statistical"
2044-06-01,2044,6,"tavg",30.5191821995697,"SSP3-7.0 (Regional Rivalry)","Statistical"
2044-07-01,2044,7,"tavg",29.500940579395,"SSP3-7.0 (Regional Rivalry)","Statistical"
2044-08-01,2044,8,"tavg",28.3913441786693,"SSP3-7.0 (Regional Rivalry)","Statistical"
2044-09-01,2044,9,"tavg",26.3205551148547,"SSP3-7.0 (Regional Rivalry)","Statistical"
2044-10-01,2044,10,"tavg",26.6226838410167,"SSP3-7.0 (Regional Rivalry)","Statistical"
2044-11-01,2044,11,"tavg",24.1348543670807,"SSP3-7.0 (Regional Rivalry)","Statistical"
2044-12-01,2044,12,"tavg",24.2551427047351,"SSP3-7.0 (Regional Rivalry)","Statistical"
2045-01-01,2045,1,"tavg",24.348791974608,"SSP3-7.0 (Regional Rivalry)","Statistical"
2045-02-01,2045,2,"tavg",25.3487763951991,"SSP3-7.0 (Regional Rivalry)","Statistical"
2045-03-01,2045,3,"tavg",26.5200280571961,"SSP3-7.0 (Regional Rivalry)","Statistical"
2045-04-01,2045,4,"tavg",27.846292547259,"SSP3-7.0 (Regional Rivalry)","Statistical"
2045-05-01,2045,5,"tavg",30.0919508950578,"SSP3-7.0 (Regional Rivalry)","Statistical"
2045-06-01,2045,6,"tavg",29.1869407028516,"SSP3-7.0 (Regional Rivalry)","Statistical"
2045-07-01,2045,7,"tavg",28.6274166580858,"SSP3-7.0 (Regional Rivalry)","Statistical"
2045-08-01,2045,8,"tavg",27.9165015271356,"SSP3-7.0 (Regional Rivalry)","Statistical"
2045-09-01,2045,9,"tavg",24.3075790238441,"SSP3-7.0 (Regional Rivalry)","Statistical"
2045-10-01,2045,10,"tavg",24.8669858457465,"SSP3-7.0 (Regional Rivalry)","Statistical"
2045-11-01,2045,11,"tavg",23.6788904237898,"SSP3-7.0 (Regional Rivalry)","Statistical"
2045-12-01,2045,12,"tavg",24.1661698314366,"SSP3-7.0 (Regional Rivalry)","Statistical"
2046-01-01,2046,1,"tavg",24.0142521116693,"SSP3-7.0 (Regional Rivalry)","Statistical"
2046-02-01,2046,2,"tavg",25.2732940659774,"SSP3-7.0 (Regional Rivalry)","Statistical"
2046-03-01,2046,3,"tavg",27.3567378625872,"SSP3-7.0 (Regional Rivalry)","Statistical"
2046-04-01,2046,4,"tavg",27.736022648847,"SSP3-7.0 (Regional Rivalry)","Statistical"
2046-05-01,2046,5,"tavg",29.587256534173,"SSP3-7.0 (Regional Rivalry)","Statistical"
2046-06-01,2046,6,"tavg",29.147196076316,"SSP3-7.0 (Regional Rivalry)","Statistical"
2046-07-01,2046,7,"tavg",28.4203589366509,"SSP3-7.0 (Regional Rivalry)","Statistical"
2046-08-01,2046,8,"tavg",27.8485963296018,"SSP3-7.0 (Regional Rivalry)","Statistical"
2046-09-01,2046,9,"tavg",26.2613385956202,"SSP3-7.0 (Regional Rivalry)","Statistical"
2046-10-01,2046,10,"tavg",25.1985791243063,"SSP3-7.0 (Regional Rivalry)","Statistical"
2046-11-01,2046,11,"tavg",24.2430816162205,"SSP3-7.0 (Regional Rivalry)","Statistical"
2046-12-01,2046,12,"tavg",22.8507064254023,"SSP3-7.0 (Regional Rivalry)","Statistical"
2047-01-01,2047,1,"tavg",25.3193625783795,"SSP3-7.0 (Regional Rivalry)","Statistical"
2047-02-01,2047,2,"tavg",26.305037072516,"SSP3-7.0 (Regional Rivalry)","Statistical"
2047-03-01,2047,3,"tavg",25.8171616546631,"SSP3-7.0 (Regional Rivalry)","Statistical"
2047-04-01,2047,4,"tavg",28.1713075441614,"SSP3-7.0 (Regional Rivalry)","Statistical"
2047-05-01,2047,5,"tavg",29.7595565475726,"SSP3-7.0 (Regional Rivalry)","Statistical"
2047-06-01,2047,6,"tavg",28.9314945189619,"SSP3-7.0 (Regional Rivalry)","Statistical"
2047-07-01,2047,7,"tavg",30.1140488454272,"SSP3-7.0 (Regional Rivalry)","Statistical"
2047-08-01,2047,8,"tavg",28.2717178818443,"SSP3-7.0 (Regional Rivalry)","Statistical"
2047-09-01,2047,9,"tavg",26.7085357705495,"SSP3-7.0 (Regional Rivalry)","Statistical"
2047-10-01,2047,10,"tavg",26.0921900251808,"SSP3-7.0 (Regional Rivalry)","Statistical"
2047-11-01,2047,11,"tavg",24.3557239524109,"SSP3-7.0 (Regional Rivalry)","Statistical"
2047-12-01,2047,12,"tavg",24.3415912352858,"SSP3-7.0 (Regional Rivalry)","Statistical"
2048-01-01,2048,1,"tavg",24.0113397289508,"SSP3-7.0 (Regional Rivalry)","Statistical"
2048-02-01,2048,2,"tavg",25.0401191799819,"SSP3-7.0 (Regional Rivalry)","Statistical"
2048-03-01,2048,3,"tavg",27.6646173423067,"SSP3-7.0 (Regional Rivalry)","Statistical"
2048-04-01,2048,4,"tavg",26.4730379583582,"SSP3-7.0 (Regional Rivalry)","Statistical"
2048-05-01,2048,5,"tavg",28.6285159052869,"SSP3-7.0 (Regional Rivalry)","Statistical"
2048-06-01,2048,6,"tavg",31.0385555606994,"SSP3-7.0 (Regional Rivalry)","Statistical"
2048-07-01,2048,7,"tavg",30.0863874500573,"SSP3-7.0 (Regional Rivalry)","Statistical"
2048-08-01,2048,8,"tavg",29.1200232099814,"SSP3-7.0 (Regional Rivalry)","Statistical"
2048-09-01,2048,9,"tavg",26.6746637455066,"SSP3-7.0 (Regional Rivalry)","Statistical"
2048-10-01,2048,10,"tavg",25.3832482528143,"SSP3-7.0 (Regional Rivalry)","Statistical"
2048-11-01,2048,11,"tavg",24.3745311599238,"SSP3-7.0 (Regional Rivalry)","Statistical"
2048-12-01,2048,12,"tavg",23.3046653859076,"SSP3-7.0 (Regional Rivalry)","Statistical"
2049-01-01,2049,1,"tavg",23.8093015370177,"SSP3-7.0 (Regional Rivalry)","Statistical"
2049-02-01,2049,2,"tavg",25.105283691552,"SSP3-7.0 (Regional Rivalry)","Statistical"
2049-03-01,2049,3,"tavg",26.8683148720403,"SSP3-7.0 (Regional Rivalry)","Statistical"
2049-04-01,2049,4,"tavg",28.4659676487214,"SSP3-7.0 (Regional Rivalry)","Statistical"
2049-05-01,2049,5,"tavg",28.718328296717,"SSP3-7.0 (Regional Rivalry)","Statistical"
2049-06-01,2049,6,"tavg",30.1569351428375,"SSP3-7.0 (Regional Rivalry)","Statistical"
2049-07-01,2049,7,"tavg",28.9661089656481,"SSP3-7.0 (Regional Rivalry)","Statistical"
2049-08-01,2049,8,"tavg",28.6845527883168,"SSP3-7.0 (Regional Rivalry)","Statistical"
2049-09-01,2049,9,"tavg",26.2042256262034,"SSP3-7.0 (Regional Rivalry)","Statistical"
2049-10-01,2049,10,"tavg",26.2543321016014,"SSP3-7.0 (Regional Rivalry)","Statistical"
2049-11-01,2049,11,"tavg",24.1927336007995,"SSP3-7.0 (Regional Rivalry)","Statistical"
2049-12-01,2049,12,"tavg",22.5163930634006,"SSP3-7.0 (Regional Rivalry)","Statistical"
2050-01-01,2050,1,"tavg",23.7074190918014,"SSP3-7.0 (Regional Rivalry)","Statistical"
2050-02-01,2050,2,"tavg",24.6285849407038,"SSP3-7.0 (Regional Rivalry)","Statistical"
2050-03-01,2050,3,"tavg",26.5649687247027,"SSP3-7.0 (Regional Rivalry)","Statistical"
2050-04-01,2050,4,"tavg",27.7472653385658,"SSP3-7.0 (Regional Rivalry)","Statistical"
2050-05-01,2050,5,"tavg",30.2057666685435,"SSP3-7.0 (Regional Rivalry)","Statistical"
2050-06-01,2050,6,"tavg",29.239728863262,"SSP3-7.0 (Regional Rivalry)","Statistical"
2050-07-01,2050,7,"tavg",29.1837757551523,"SSP3-7.0 (Regional Rivalry)","Statistical"
2050-08-01,2050,8,"tavg",28.4118773331829,"SSP3-7.0 (Regional Rivalry)","Statistical"
2050-09-01,2050,9,"tavg",26.9494380585526,"SSP3-7.0 (Regional Rivalry)","Statistical"
2050-10-01,2050,10,"tavg",25.1180480109753,"SSP3-7.0 (Regional Rivalry)","Statistical"
2050-11-01,2050,11,"tavg",25.3969053440436,"SSP3-7.0 (Regional Rivalry)","Statistical"
2050-12-01,2050,12,"tavg",24.214411209283,"SSP3-7.0 (Regional Rivalry)","Statistical"
2051-01-01,2051,1,"tavg",24.0270005611818,"SSP3-7.0 (Regional Rivalry)","Statistical"
2051-02-01,2051,2,"tavg",25.4636127547738,"SSP3-7.0 (Regional Rivalry)","Statistical"
2051-03-01,2051,3,"tavg",27.0020671970446,"SSP3-7.0 (Regional Rivalry)","Statistical"
2051-04-01,2051,4,"tavg",27.8206613606315,"SSP3-7.0 (Regional Rivalry)","Statistical"
2051-05-01,2051,5,"tavg",29.63388647678,"SSP3-7.0 (Regional Rivalry)","Statistical"
2051-06-01,2051,6,"tavg",29.6666401554508,"SSP3-7.0 (Regional Rivalry)","Statistical"
2051-07-01,2051,7,"tavg",29.9953538011305,"SSP3-7.0 (Regional Rivalry)","Statistical"
2051-08-01,2051,8,"tavg",28.7530018824966,"SSP3-7.0 (Regional Rivalry)","Statistical"
2051-09-01,2051,9,"tavg",26.7452484655881,"SSP3-7.0 (Regional Rivalry)","Statistical"
2051-10-01,2051,10,"tavg",26.3842661872525,"SSP3-7.0 (Regional Rivalry)","Statistical"
2051-11-01,2051,11,"tavg",24.1608107973867,"SSP3-7.0 (Regional Rivalry)","Statistical"
2051-12-01,2051,12,"tavg",23.7237671344411,"SSP3-7.0 (Regional Rivalry)","Statistical"
2052-01-01,2052,1,"tavg",23.5689655379512,"SSP3-7.0 (Regional Rivalry)","Statistical"
2052-02-01,2052,2,"tavg",25.2144609366804,"SSP3-7.0 (Regional Rivalry)","Statistical"
2052-03-01,2052,3,"tavg",26.3445741868529,"SSP3-7.0 (Regional Rivalry)","Statistical"
2052-04-01,2052,4,"tavg",27.3414838677982,"SSP3-7.0 (Regional Rivalry)","Statistical"
2052-05-01,2052,5,"tavg",29.260776462781,"SSP3-7.0 (Regional Rivalry)","Statistical"
2052-06-01,2052,6,"tavg",28.981339132454,"SSP3-7.0 (Regional Rivalry)","Statistical"
2052-07-01,2052,7,"tavg",29.6508574266334,"SSP3-7.0 (Regional Rivalry)","Statistical"
2052-08-01,2052,8,"tavg",28.2537814211241,"SSP3-7.0 (Regional Rivalry)","Statistical"
2052-09-01,2052,9,"tavg",26.2328385255551,"SSP3-7.0 (Regional Rivalry)","Statistical"
2052-10-01,2052,10,"tavg",24.9070236342434,"SSP3-7.0 (Regional Rivalry)","Statistical"
2052-11-01,2052,11,"tavg",23.8155585694949,"SSP3-7.0 (Regional Rivalry)","Statistical"
2052-12-01,2052,12,"tavg",24.932033685386,"SSP3-7.0 (Regional Rivalry)","Statistical"
2053-01-01,2053,1,"tavg",24.7032240503145,"SSP3-7.0 (Regional Rivalry)","Statistical"
2053-02-01,2053,2,"tavg",25.5718397331336,"SSP3-7.0 (Regional Rivalry)","Statistical"
2053-03-01,2053,3,"tavg",27.2654142991182,"SSP3-7.0 (Regional Rivalry)","Statistical"
2053-04-01,2053,4,"tavg",27.4883267524837,"SSP3-7.0 (Regional Rivalry)","Statistical"
2053-05-01,2053,5,"tavg",29.8682706260407,"SSP3-7.0 (Regional Rivalry)","Statistical"
2053-06-01,2053,6,"tavg",30.6150315894204,"SSP3-7.0 (Regional Rivalry)","Statistical"
2053-07-01,2053,7,"tavg",28.8386824430261,"SSP3-7.0 (Regional Rivalry)","Statistical"
2053-08-01,2053,8,"tavg",28.8634300567873,"SSP3-7.0 (Regional Rivalry)","Statistical"
2053-09-01,2053,9,"tavg",26.8236910079646,"SSP3-7.0 (Regional Rivalry)","Statistical"
2053-10-01,2053,10,"tavg",25.0095792769039,"SSP3-7.0 (Regional Rivalry)","Statistical"
2053-11-01,2053,11,"tavg",23.3626336804876,"SSP3-7.0 (Regional Rivalry)","Statistical"
2053-12-01,2053,12,"tavg",24.5170757880876,"SSP3-7.0 (Regional Rivalry)","Statistical"
2024-01-01,2024,1,"tavg",26.5591180377023,"SSP3-7.0 (Regional Rivalry)","ARIMA"
2024-02-01,2024,2,"tavg",27.6136512098293,"SSP3-7.0 (Regional Rivalry)","ARIMA"
2024-03-01,2024,3,"tavg",29.2578448941914,"SSP3-7.0 (Regional Rivalry)","ARIMA"
2024-04-01,2024,4,"tavg",29.2640417388721,"SSP3-7.0 (Regional Rivalry)","ARIMA"
2024-05-01,2024,5,"tavg",28.9692995385505,"SSP3-7.0 (Regional Rivalry)","ARIMA"
2024-06-01,2024,6,"tavg",27.7608288904444,"SSP3-7.0 (Regional Rivalry)","ARIMA"
2024-07-01,2024,7,"tavg",26.2148752149107,"SSP3-7.0 (Regional Rivalry)","ARIMA"
2024-08-01,2024,8,"tavg",25.2142120953958,"SSP3-7.0 (Regional Rivalry)","ARIMA"
2024-09-01,2024,9,"tavg",23.6934221304462,"SSP3-7.0 (Regional Rivalry)","ARIMA"
2024-10-01,2024,10,"tavg",23.455456628002,"SSP3-7.0 (Regional Rivalry)","ARIMA"
2024-11-01,2024,11,"tavg",24.0792374651044,"SSP3-7.0 (Regional Rivalry)","ARIMA"
2024-12-01,2024,12,"tavg",24.7364041098176,"SSP3-7.0 (Regional Rivalry)","ARIMA"
2025-01-01,2025,1,"tavg",26.6520527631575,"SSP3-7.0 (Regional Rivalry)","ARIMA"
2025-02-01,2025,2,"tavg",27.7179330293543,"SSP3-7.0 (Regional Rivalry)","ARIMA"
2025-03-01,2025,3,"tavg",29.3624872938856,"SSP3-7.0 (Regional Rivalry)","ARIMA"
2025-04-01,2025,4,"tavg",29.3686955968355,"SSP3-7.0 (Regional Rivalry)","ARIMA"
2025-05-01,2025,5,"tavg",29.0739537606269,"SSP3-7.0 (Regional Rivalry)","ARIMA"
2025-06-01,2025,6,"tavg",27.8654831240914,"SSP3-7.0 (Regional Rivalry)","ARIMA"
2025-07-01,2025,7,"tavg",26.3195294489254,"SSP3-7.0 (Regional Rivalry)","ARIMA"
2025-08-01,2025,8,"tavg",25.3188663294222,"SSP3-7.0 (Regional Rivalry)","ARIMA"
2025-09-01,2025,9,"tavg",23.7980763644729,"SSP3-7.0 (Regional Rivalry)","ARIMA"
2025-10-01,2025,10,"tavg",23.5601108620288,"SSP3-7.0 (Regional Rivalry)","ARIMA"
2025-11-01,2025,11,"tavg",24.1838916991311,"SSP3-7.0 (Regional Rivalry)","ARIMA"
2025-12-01,2025,12,"tavg",24.8410583438443,"SSP3-7.0 (Regional Rivalry)","ARIMA"
2026-01-01,2026,1,"tavg",26.7569069971843,"SSP3-7.0 (Regional Rivalry)","ARIMA"
2026-02-01,2026,2,"tavg",27.822787263381,"SSP3-7.0 (Regional Rivalry)","ARIMA"
2026-03-01,2026,3,"tavg",29.4673415279124,"SSP3-7.0 (Regional Rivalry)","ARIMA"
2026-04-01,2026,4,"tavg",29.4735498308623,"SSP3-7.0 (Regional Rivalry)","ARIMA"
2026-05-01,2026,5,"tavg",29.1788079946537,"SSP3-7.0 (Regional Rivalry)","ARIMA"
2026-06-01,2026,6,"tavg",27.9703373581182,"SSP3-7.0 (Regional Rivalry)","ARIMA"
2026-07-01,2026,7,"tavg",26.4243836829522,"SSP3-7.0 (Regional Rivalry)","ARIMA"
2026-08-01,2026,8,"tavg",25.423720563449,"SSP3-7.0 (Regional Rivalry)","ARIMA"
2026-09-01,2026,9,"tavg",23.9029305984997,"SSP3-7.0 (Regional Rivalry)","ARIMA"
2026-10-01,2026,10,"tavg",23.6649650960555,"SSP3-7.0 (Regional Rivalry)","ARIMA"
2026-11-01,2026,11,"tavg",24.2887459331579,"SSP3-7.0 (Regional Rivalry)","ARIMA"
2026-12-01,2026,12,"tavg",24.9459125778711,"SSP3-7.0 (Regional Rivalry)","ARIMA"
2027-01-01,2027,1,"tavg",26.8619612312111,"SSP3-7.0 (Regional Rivalry)","ARIMA"
2027-02-01,2027,2,"tavg",27.9278414974078,"SSP3-7.0 (Regional Rivalry)","ARIMA"
2027-03-01,2027,3,"tavg",29.5723957619392,"SSP3-7.0 (Regional Rivalry)","ARIMA"
2027-04-01,2027,4,"tavg",29.5786040648891,"SSP3-7.0 (Regional Rivalry)","ARIMA"
2027-05-01,2027,5,"tavg",29.2838622286805,"SSP3-7.0 (Regional Rivalry)","ARIMA"
2027-06-01,2027,6,"tavg",28.075391592145,"SSP3-7.0 (Regional Rivalry)","ARIMA"
2027-07-01,2027,7,"tavg",26.529437916979,"SSP3-7.0 (Regional Rivalry)","ARIMA"
2027-08-01,2027,8,"tavg",25.5287747974757,"SSP3-7.0 (Regional Rivalry)","ARIMA"
2027-09-01,2027,9,"tavg",24.0079848325264,"SSP3-7.0 (Regional Rivalry)","ARIMA"
2027-10-01,2027,10,"tavg",23.7700193300823,"SSP3-7.0 (Regional Rivalry)","ARIMA"
2027-11-01,2027,11,"tavg",24.3938001671847,"SSP3-7.0 (Regional Rivalry)","ARIMA"
2027-12-01,2027,12,"tavg",25.0509668118979,"SSP3-7.0 (Regional Rivalry)","ARIMA"
2028-01-01,2028,1,"tavg",26.9672154652378,"SSP3-7.0 (Regional Rivalry)","ARIMA"
2028-02-01,2028,2,"tavg",28.0330957314346,"SSP3-7.0 (Regional Rivalry)","ARIMA"
2028-03-01,2028,3,"tavg",29.677649995966,"SSP3-7.0 (Regional Rivalry)","ARIMA"
2028-04-01,2028,4,"tavg",29.6838582989158,"SSP3-7.0 (Regional Rivalry)","ARIMA"
2028-05-01,2028,5,"tavg",29.3891164627072,"SSP3-7.0 (Regional Rivalry)","ARIMA"
2028-06-01,2028,6,"tavg",28.1806458261718,"SSP3-7.0 (Regional Rivalry)","ARIMA"
2028-07-01,2028,7,"tavg",26.6346921510057,"SSP3-7.0 (Regional Rivalry)","ARIMA"
2028-08-01,2028,8,"tavg",25.6340290315025,"SSP3-7.0 (Regional Rivalry)","ARIMA"
2028-09-01,2028,9,"tavg",24.1132390665532,"SSP3-7.0 (Regional Rivalry)","ARIMA"
2028-10-01,2028,10,"tavg",23.8752735641091,"SSP3-7.0 (Regional Rivalry)","ARIMA"
2028-11-01,2028,11,"tavg",24.4990544012114,"SSP3-7.0 (Regional Rivalry)","ARIMA"
2028-12-01,2028,12,"tavg",25.1562210459247,"SSP3-7.0 (Regional Rivalry)","ARIMA"
2029-01-01,2029,1,"tavg",27.0726696992646,"SSP3-7.0 (Regional Rivalry)","ARIMA"
2029-02-01,2029,2,"tavg",28.1385499654614,"SSP3-7.0 (Regional Rivalry)","ARIMA"
2029-03-01,2029,3,"tavg",29.7831042299927,"SSP3-7.0 (Regional Rivalry)","ARIMA"
2029-04-01,2029,4,"tavg",29.7893125329426,"SSP3-7.0 (Regional Rivalry)","ARIMA"
2029-05-01,2029,5,"tavg",29.494570696734,"SSP3-7.0 (Regional Rivalry)","ARIMA"
2029-06-01,2029,6,"tavg",28.2861000601985,"SSP3-7.0 (Regional Rivalry)","ARIMA"
2029-07-01,2029,7,"tavg",26.7401463850325,"SSP3-7.0 (Regional Rivalry)","ARIMA"
2029-08-01,2029,8,"tavg",25.7394832655293,"SSP3-7.0 (Regional Rivalry)","ARIMA"
2029-09-01,2029,9,"tavg",24.21869330058,"SSP3-7.0 (Regional Rivalry)","ARIMA"
2029-10-01,2029,10,"tavg",23.9807277981359,"SSP3-7.0 (Regional Rivalry)","ARIMA"
2029-11-01,2029,11,"tavg",24.6045086352382,"SSP3-7.0 (Regional Rivalry)","ARIMA"
2029-12-01,2029,12,"tavg",25.2616752799515,"SSP3-7.0 (Regional Rivalry)","ARIMA"
2030-01-01,2030,1,"tavg",27.1783239332914,"SSP3-7.0 (Regional Rivalry)","ARIMA"
2030-02-01,2030,2,"tavg",28.2442041994882,"SSP3-7.0 (Regional Rivalry)","ARIMA"
2030-03-01,2030,3,"tavg",29.8887584640195,"SSP3-7.0 (Regional Rivalry)","ARIMA"
2030-04-01,2030,4,"tavg",29.8949667669694,"SSP3-7.0 (Regional Rivalry)","ARIMA"
2030-05-01,2030,5,"tavg",29.6002249307608,"SSP3-7.0 (Regional Rivalry)","ARIMA"
2030-06-01,2030,6,"tavg",28.3917542942253,"SSP3-7.0 (Regional Rivalry)","ARIMA"
2030-07-01,2030,7,"tavg",26.8458006190593,"SSP3-7.0 (Regional Rivalry)","ARIMA"
2030-08-01,2030,8,"tavg",25.8451374995561,"SSP3-7.0 (Regional Rivalry)","ARIMA"
2030-09-01,2030,9,"tavg",24.3243475346068,"SSP3-7.0 (Regional Rivalry)","ARIMA"
2030-10-01,2030,10,"tavg",24.0863820321626,"SSP3-7.0 (Regional Rivalry)","ARIMA"
2030-11-01,2030,11,"tavg",24.710162869265,"SSP3-7.0 (Regional Rivalry)","ARIMA"
2030-12-01,2030,12,"tavg",25.3673295139782,"SSP3-7.0 (Regional Rivalry)","ARIMA"
2031-01-01,2031,1,"tavg",27.2841781673182,"SSP3-7.0 (Regional Rivalry)","ARIMA"
2031-02-01,2031,2,"tavg",28.3500584335149,"SSP3-7.0 (Regional Rivalry)","ARIMA"
2031-03-01,2031,3,"tavg",29.9946126980463,"SSP3-7.0 (Regional Rivalry)","ARIMA"
2031-04-01,2031,4,"tavg",30.0008210009962,"SSP3-7.0 (Regional Rivalry)","ARIMA"
2031-05-01,2031,5,"tavg",29.7060791647876,"SSP3-7.0 (Regional Rivalry)","ARIMA"
2031-06-01,2031,6,"tavg",28.4976085282521,"SSP3-7.0 (Regional Rivalry)","ARIMA"
2031-07-01,2031,7,"tavg",26.9516548530861,"SSP3-7.0 (Regional Rivalry)","ARIMA"
2031-08-01,2031,8,"tavg",25.9509917335829,"SSP3-7.0 (Regional Rivalry)","ARIMA"
2031-09-01,2031,9,"tavg",24.4302017686336,"SSP3-7.0 (Regional Rivalry)","ARIMA"
2031-10-01,2031,10,"tavg",24.1922362661894,"SSP3-7.0 (Regional Rivalry)","ARIMA"
2031-11-01,2031,11,"tavg",24.8160171032918,"SSP3-7.0 (Regional Rivalry)","ARIMA"
2031-12-01,2031,12,"tavg",25.473183748005,"SSP3-7.0 (Regional Rivalry)","ARIMA"
2032-01-01,2032,1,"tavg",27.3902324013449,"SSP3-7.0 (Regional Rivalry)","ARIMA"
2032-02-01,2032,2,"tavg",28.4561126675417,"SSP3-7.0 (Regional Rivalry)","ARIMA"
2032-03-01,2032,3,"tavg",30.1006669320731,"SSP3-7.0 (Regional Rivalry)","ARIMA"
2032-04-01,2032,4,"tavg",30.1068752350229,"SSP3-7.0 (Regional Rivalry)","ARIMA"
2032-05-01,2032,5,"tavg",29.8121333988143,"SSP3-7.0 (Regional Rivalry)","ARIMA"
2032-06-01,2032,6,"tavg",28.6036627622789,"SSP3-7.0 (Regional Rivalry)","ARIMA"
2032-07-01,2032,7,"tavg",27.0577090871128,"SSP3-7.0 (Regional Rivalry)","ARIMA"
2032-08-01,2032,8,"tavg",26.0570459676096,"SSP3-7.0 (Regional Rivalry)","ARIMA"
2032-09-01,2032,9,"tavg",24.5362560026603,"SSP3-7.0 (Regional Rivalry)","ARIMA"
2032-10-01,2032,10,"tavg",24.2982905002162,"SSP3-7.0 (Regional Rivalry)","ARIMA"
2032-11-01,2032,11,"tavg",24.9220713373185,"SSP3-7.0 (Regional Rivalry)","ARIMA"
2032-12-01,2032,12,"tavg",25.5792379820318,"SSP3-7.0 (Regional Rivalry)","ARIMA"
2033-01-01,2033,1,"tavg",27.4964866353717,"SSP3-7.0 (Regional Rivalry)","ARIMA"
2033-02-01,2033,2,"tavg",28.5623669015685,"SSP3-7.0 (Regional Rivalry)","ARIMA"
2033-03-01,2033,3,"tavg",30.2069211660998,"SSP3-7.0 (Regional Rivalry)","ARIMA"
2033-04-01,2033,4,"tavg",30.2131294690497,"SSP3-7.0 (Regional Rivalry)","ARIMA"
2033-05-01,2033,5,"tavg",29.9183876328411,"SSP3-7.0 (Regional Rivalry)","ARIMA"
2033-06-01,2033,6,"tavg",28.7099169963057,"SSP3-7.0 (Regional Rivalry)","ARIMA"
2033-07-01,2033,7,"tavg",27.1639633211396,"SSP3-7.0 (Regional Rivalry)","ARIMA"
2033-08-01,2033,8,"tavg",26.1633002016364,"SSP3-7.0 (Regional Rivalry)","ARIMA"
2033-09-01,2033,9,"tavg",24.6425102366871,"SSP3-7.0 (Regional Rivalry)","ARIMA"
2033-10-01,2033,10,"tavg",24.404544734243,"SSP3-7.0 (Regional Rivalry)","ARIMA"
2033-11-01,2033,11,"tavg",25.0283255713453,"SSP3-7.0 (Regional Rivalry)","ARIMA"
2033-12-01,2033,12,"tavg",25.6854922160586,"SSP3-7.0 (Regional Rivalry)","ARIMA"
2034-01-01,2034,1,"tavg",27.6029408693985,"SSP3-7.0 (Regional Rivalry)","ARIMA"
2034-02-01,2034,2,"tavg",28.6688211355953,"SSP3-7.0 (Regional Rivalry)","ARIMA"
2034-03-01,2034,3,"tavg",30.3133754001266,"SSP3-7.0 (Regional Rivalry)","ARIMA"
2034-04-01,2034,4,"tavg",30.3195837030765,"SSP3-7.0 (Regional Rivalry)","ARIMA"
2034-05-01,2034,5,"tavg",30.0248418668679,"SSP3-7.0 (Regional Rivalry)","ARIMA"
2034-06-01,2034,6,"tavg",28.8163712303324,"SSP3-7.0 (Regional Rivalry)","ARIMA"
2034-07-01,2034,7,"tavg",27.2704175551664,"SSP3-7.0 (Regional Rivalry)","ARIMA"
2034-08-01,2034,8,"tavg",26.2697544356632,"SSP3-7.0 (Regional Rivalry)","ARIMA"
2034-09-01,2034,9,"tavg",24.7489644707139,"SSP3-7.0 (Regional Rivalry)","ARIMA"
2034-10-01,2034,10,"tavg",24.5109989682698,"SSP3-7.0 (Regional Rivalry)","ARIMA"
2034-11-01,2034,11,"tavg",25.1347798053721,"SSP3-7.0 (Regional Rivalry)","ARIMA"
2034-12-01,2034,12,"tavg",25.7919464500854,"SSP3-7.0 (Regional Rivalry)","ARIMA"
2035-01-01,2035,1,"tavg",27.7095951034253,"SSP3-7.0 (Regional Rivalry)","ARIMA"
2035-02-01,2035,2,"tavg",28.7754753696221,"SSP3-7.0 (Regional Rivalry)","ARIMA"
2035-03-01,2035,3,"tavg",30.4200296341534,"SSP3-7.0 (Regional Rivalry)","ARIMA"
2035-04-01,2035,4,"tavg",30.4262379371033,"SSP3-7.0 (Regional Rivalry)","ARIMA"
2035-05-01,2035,5,"tavg",30.1314961008947,"SSP3-7.0 (Regional Rivalry)","ARIMA"
2035-06-01,2035,6,"tavg",28.9230254643592,"SSP3-7.0 (Regional Rivalry)","ARIMA"
2035-07-01,2035,7,"tavg",27.3770717891932,"SSP3-7.0 (Regional Rivalry)","ARIMA"
2035-08-01,2035,8,"tavg",26.37640866969,"SSP3-7.0 (Regional Rivalry)","ARIMA"
2035-09-01,2035,9,"tavg",24.8556187047407,"SSP3-7.0 (Regional Rivalry)","ARIMA"
2035-10-01,2035,10,"tavg",24.6176532022965,"SSP3-7.0 (Regional Rivalry)","ARIMA"
2035-11-01,2035,11,"tavg",25.2414340393989,"SSP3-7.0 (Regional Rivalry)","ARIMA"
2035-12-01,2035,12,"tavg",25.8986006841121,"SSP3-7.0 (Regional Rivalry)","ARIMA"
2036-01-01,2036,1,"tavg",27.8164493374521,"SSP3-7.0 (Regional Rivalry)","ARIMA"
2036-02-01,2036,2,"tavg",28.8823296036488,"SSP3-7.0 (Regional Rivalry)","ARIMA"
2036-03-01,2036,3,"tavg",30.5268838681802,"SSP3-7.0 (Regional Rivalry)","ARIMA"
2036-04-01,2036,4,"tavg",30.5330921711301,"SSP3-7.0 (Regional Rivalry)","ARIMA"
2036-05-01,2036,5,"tavg",30.2383503349215,"SSP3-7.0 (Regional Rivalry)","ARIMA"
2036-06-01,2036,6,"tavg",29.029879698386,"SSP3-7.0 (Regional Rivalry)","ARIMA"
2036-07-01,2036,7,"tavg",27.48392602322,"SSP3-7.0 (Regional Rivalry)","ARIMA"
2036-08-01,2036,8,"tavg",26.4832629037168,"SSP3-7.0 (Regional Rivalry)","ARIMA"
2036-09-01,2036,9,"tavg",24.9624729387675,"SSP3-7.0 (Regional Rivalry)","ARIMA"
2036-10-01,2036,10,"tavg",24.7245074363233,"SSP3-7.0 (Regional Rivalry)","ARIMA"
2036-11-01,2036,11,"tavg",25.3482882734257,"SSP3-7.0 (Regional Rivalry)","ARIMA"
2036-12-01,2036,12,"tavg",26.0054549181389,"SSP3-7.0 (Regional Rivalry)","ARIMA"
2037-01-01,2037,1,"tavg",27.9235035714789,"SSP3-7.0 (Regional Rivalry)","ARIMA"
2037-02-01,2037,2,"tavg",28.9893838376756,"SSP3-7.0 (Regional Rivalry)","ARIMA"
2037-03-01,2037,3,"tavg",30.633938102207,"SSP3-7.0 (Regional Rivalry)","ARIMA"
2037-04-01,2037,4,"tavg",30.6401464051569,"SSP3-7.0 (Regional Rivalry)","ARIMA"
2037-05-01,2037,5,"tavg",30.3454045689483,"SSP3-7.0 (Regional Rivalry)","ARIMA"
2037-06-01,2037,6,"tavg",29.1369339324128,"SSP3-7.0 (Regional Rivalry)","ARIMA"
2037-07-01,2037,7,"tavg",27.5909802572468,"SSP3-7.0 (Regional Rivalry)","ARIMA"
2037-08-01,2037,8,"tavg",26.5903171377436,"SSP3-7.0 (Regional Rivalry)","ARIMA"
2037-09-01,2037,9,"tavg",25.0695271727943,"SSP3-7.0 (Regional Rivalry)","ARIMA"
2037-10-01,2037,10,"tavg",24.8315616703501,"SSP3-7.0 (Regional Rivalry)","ARIMA"
2037-11-01,2037,11,"tavg",25.4553425074525,"SSP3-7.0 (Regional Rivalry)","ARIMA"
2037-12-01,2037,12,"tavg",26.1125091521657,"SSP3-7.0 (Regional Rivalry)","ARIMA"
2038-01-01,2038,1,"tavg",28.0307578055056,"SSP3-7.0 (Regional Rivalry)","ARIMA"
2038-02-01,2038,2,"tavg",29.0966380717024,"SSP3-7.0 (Regional Rivalry)","ARIMA"
2038-03-01,2038,3,"tavg",30.7411923362338,"SSP3-7.0 (Regional Rivalry)","ARIMA"
2038-04-01,2038,4,"tavg",30.7474006391836,"SSP3-7.0 (Regional Rivalry)","ARIMA"
2038-05-01,2038,5,"tavg",30.4526588029751,"SSP3-7.0 (Regional Rivalry)","ARIMA"
2038-06-01,2038,6,"tavg",29.2441881664396,"SSP3-7.0 (Regional Rivalry)","ARIMA"
2038-07-01,2038,7,"tavg",27.6982344912735,"SSP3-7.0 (Regional Rivalry)","ARIMA"
2038-08-01,2038,8,"tavg",26.6975713717703,"SSP3-7.0 (Regional Rivalry)","ARIMA"
2038-09-01,2038,9,"tavg",25.176781406821,"SSP3-7.0 (Regional Rivalry)","ARIMA"
2038-10-01,2038,10,"tavg",24.9388159043769,"SSP3-7.0 (Regional Rivalry)","ARIMA"
2038-11-01,2038,11,"tavg",25.5625967414792,"SSP3-7.0 (Regional Rivalry)","ARIMA"
2038-12-01,2038,12,"tavg",26.2197633861925,"SSP3-7.0 (Regional Rivalry)","ARIMA"
2039-01-01,2039,1,"tavg",28.1382120395324,"SSP3-7.0 (Regional Rivalry)","ARIMA"
2039-02-01,2039,2,"tavg",29.2040923057292,"SSP3-7.0 (Regional Rivalry)","ARIMA"
2039-03-01,2039,3,"tavg",30.8486465702605,"SSP3-7.0 (Regional Rivalry)","ARIMA"
2039-04-01,2039,4,"tavg",30.8548548732104,"SSP3-7.0 (Regional Rivalry)","ARIMA"
2039-05-01,2039,5,"tavg",30.5601130370018,"SSP3-7.0 (Regional Rivalry)","ARIMA"
2039-06-01,2039,6,"tavg",29.3516424004664,"SSP3-7.0 (Regional Rivalry)","ARIMA"
2039-07-01,2039,7,"tavg",27.8056887253003,"SSP3-7.0 (Regional Rivalry)","ARIMA"
2039-08-01,2039,8,"tavg",26.8050256057971,"SSP3-7.0 (Regional Rivalry)","ARIMA"
2039-09-01,2039,9,"tavg",25.2842356408478,"SSP3-7.0 (Regional Rivalry)","ARIMA"
2039-10-01,2039,10,"tavg",25.0462701384037,"SSP3-7.0 (Regional Rivalry)","ARIMA"
2039-11-01,2039,11,"tavg",25.670050975506,"SSP3-7.0 (Regional Rivalry)","ARIMA"
2039-12-01,2039,12,"tavg",26.3272176202193,"SSP3-7.0 (Regional Rivalry)","ARIMA"
2040-01-01,2040,1,"tavg",28.2458662735592,"SSP3-7.0 (Regional Rivalry)","ARIMA"
2040-02-01,2040,2,"tavg",29.311746539756,"SSP3-7.0 (Regional Rivalry)","ARIMA"
2040-03-01,2040,3,"tavg",30.9563008042873,"SSP3-7.0 (Regional Rivalry)","ARIMA"
2040-04-01,2040,4,"tavg",30.9625091072372,"SSP3-7.0 (Regional Rivalry)","ARIMA"
2040-05-01,2040,5,"tavg",30.6677672710287,"SSP3-7.0 (Regional Rivalry)","ARIMA"
2040-06-01,2040,6,"tavg",29.4592966344932,"SSP3-7.0 (Regional Rivalry)","ARIMA"
2040-07-01,2040,7,"tavg",27.9133429593271,"SSP3-7.0 (Regional Rivalry)","ARIMA"
2040-08-01,2040,8,"tavg",26.9126798398239,"SSP3-7.0 (Regional Rivalry)","ARIMA"
2040-09-01,2040,9,"tavg",25.3918898748746,"SSP3-7.0 (Regional Rivalry)","ARIMA"
2040-10-01,2040,10,"tavg",25.1539243724305,"SSP3-7.0 (Regional Rivalry)","ARIMA"
2040-11-01,2040,11,"tavg",25.7777052095328,"SSP3-7.0 (Regional Rivalry)","ARIMA"
2040-12-01,2040,12,"tavg",26.4348718542461,"SSP3-7.0 (Regional Rivalry)","ARIMA"
2041-01-01,2041,1,"tavg",28.353720507586,"SSP3-7.0 (Regional Rivalry)","ARIMA"
2041-02-01,2041,2,"tavg",29.4196007737828,"SSP3-7.0 (Regional Rivalry)","ARIMA"
2041-03-01,2041,3,"tavg",31.0641550383141,"SSP3-7.0 (Regional Rivalry)","ARIMA"
2041-04-01,2041,4,"tavg",31.070363341264,"SSP3-7.0 (Regional Rivalry)","ARIMA"
2041-05-01,2041,5,"tavg",30.7756215050555,"SSP3-7.0 (Regional Rivalry)","ARIMA"
2041-06-01,2041,6,"tavg",29.56715086852,"SSP3-7.0 (Regional Rivalry)","ARIMA"
2041-07-01,2041,7,"tavg",28.0211971933539,"SSP3-7.0 (Regional Rivalry)","ARIMA"
2041-08-01,2041,8,"tavg",27.0205340738507,"SSP3-7.0 (Regional Rivalry)","ARIMA"
2041-09-01,2041,9,"tavg",25.4997441089014,"SSP3-7.0 (Regional Rivalry)","ARIMA"
2041-10-01,2041,10,"tavg",25.2617786064573,"SSP3-7.0 (Regional Rivalry)","ARIMA"
2041-11-01,2041,11,"tavg",25.8855594435597,"SSP3-7.0 (Regional Rivalry)","ARIMA"
2041-12-01,2041,12,"tavg",26.5427260882729,"SSP3-7.0 (Regional Rivalry)","ARIMA"
2042-01-01,2042,1,"tavg",28.4617747416128,"SSP3-7.0 (Regional Rivalry)","ARIMA"
2042-02-01,2042,2,"tavg",29.5276550078096,"SSP3-7.0 (Regional Rivalry)","ARIMA"
2042-03-01,2042,3,"tavg",31.172209272341,"SSP3-7.0 (Regional Rivalry)","ARIMA"
2042-04-01,2042,4,"tavg",31.1784175752909,"SSP3-7.0 (Regional Rivalry)","ARIMA"
2042-05-01,2042,5,"tavg",30.8836757390823,"SSP3-7.0 (Regional Rivalry)","ARIMA"
2042-06-01,2042,6,"tavg",29.6752051025468,"SSP3-7.0 (Regional Rivalry)","ARIMA"
2042-07-01,2042,7,"tavg",28.1292514273808,"SSP3-7.0 (Regional Rivalry)","ARIMA"
2042-08-01,2042,8,"tavg",27.1285883078775,"SSP3-7.0 (Regional Rivalry)","ARIMA"
2042-09-01,2042,9,"tavg",25.6077983429283,"SSP3-7.0 (Regional Rivalry)","ARIMA"
2042-10-01,2042,10,"tavg",25.3698328404841,"SSP3-7.0 (Regional Rivalry)","ARIMA"
2042-11-01,2042,11,"tavg",25.9936136775865,"SSP3-7.0 (Regional Rivalry)","ARIMA"
2042-12-01,2042,12,"tavg",26.6507803222997,"SSP3-7.0 (Regional Rivalry)","ARIMA"
2043-01-01,2043,1,"tavg",28.5700289756397,"SSP3-7.0 (Regional Rivalry)","ARIMA"
2043-02-01,2043,2,"tavg",29.6359092418364,"SSP3-7.0 (Regional Rivalry)","ARIMA"
2043-03-01,2043,3,"tavg",31.2804635063678,"SSP3-7.0 (Regional Rivalry)","ARIMA"
2043-04-01,2043,4,"tavg",31.2866718093177,"SSP3-7.0 (Regional Rivalry)","ARIMA"
2043-05-01,2043,5,"tavg",30.9919299731091,"SSP3-7.0 (Regional Rivalry)","ARIMA"
2043-06-01,2043,6,"tavg",29.7834593365736,"SSP3-7.0 (Regional Rivalry)","ARIMA"
2043-07-01,2043,7,"tavg",28.2375056614076,"SSP3-7.0 (Regional Rivalry)","ARIMA"
2043-08-01,2043,8,"tavg",27.2368425419043,"SSP3-7.0 (Regional Rivalry)","ARIMA"
2043-09-01,2043,9,"tavg",25.7160525769551,"SSP3-7.0 (Regional Rivalry)","ARIMA"
2043-10-01,2043,10,"tavg",25.4780870745109,"SSP3-7.0 (Regional Rivalry)","ARIMA"
2043-11-01,2043,11,"tavg",26.1018679116133,"SSP3-7.0 (Regional Rivalry)","ARIMA"
2043-12-01,2043,12,"tavg",26.7590345563265,"SSP3-7.0 (Regional Rivalry)","ARIMA"
2044-01-01,2044,1,"tavg",28.6784832096665,"SSP3-7.0 (Regional Rivalry)","ARIMA"
2044-02-01,2044,2,"tavg",29.7443634758632,"SSP3-7.0 (Regional Rivalry)","ARIMA"
2044-03-01,2044,3,"tavg",31.3889177403946,"SSP3-7.0 (Regional Rivalry)","ARIMA"
2044-04-01,2044,4,"tavg",31.3951260433445,"SSP3-7.0 (Regional Rivalry)","ARIMA"
2044-05-01,2044,5,"tavg",31.1003842071359,"SSP3-7.0 (Regional Rivalry)","ARIMA"
2044-06-01,2044,6,"tavg",29.8919135706004,"SSP3-7.0 (Regional Rivalry)","ARIMA"
2044-07-01,2044,7,"tavg",28.3459598954344,"SSP3-7.0 (Regional Rivalry)","ARIMA"
2044-08-01,2044,8,"tavg",27.3452967759311,"SSP3-7.0 (Regional Rivalry)","ARIMA"
2044-09-01,2044,9,"tavg",25.8245068109819,"SSP3-7.0 (Regional Rivalry)","ARIMA"
2044-10-01,2044,10,"tavg",25.5865413085377,"SSP3-7.0 (Regional Rivalry)","ARIMA"
2044-11-01,2044,11,"tavg",26.2103221456401,"SSP3-7.0 (Regional Rivalry)","ARIMA"
2044-12-01,2044,12,"tavg",26.8674887903533,"SSP3-7.0 (Regional Rivalry)","ARIMA"
2045-01-01,2045,1,"tavg",28.7871374436933,"SSP3-7.0 (Regional Rivalry)","ARIMA"
2045-02-01,2045,2,"tavg",29.85301770989,"SSP3-7.0 (Regional Rivalry)","ARIMA"
2045-03-01,2045,3,"tavg",31.4975719744214,"SSP3-7.0 (Regional Rivalry)","ARIMA"
2045-04-01,2045,4,"tavg",31.5037802773713,"SSP3-7.0 (Regional Rivalry)","ARIMA"
2045-05-01,2045,5,"tavg",31.2090384411627,"SSP3-7.0 (Regional Rivalry)","ARIMA"
2045-06-01,2045,6,"tavg",30.0005678046272,"SSP3-7.0 (Regional Rivalry)","ARIMA"
2045-07-01,2045,7,"tavg",28.4546141294612,"SSP3-7.0 (Regional Rivalry)","ARIMA"
2045-08-01,2045,8,"tavg",27.453951009958,"SSP3-7.0 (Regional Rivalry)","ARIMA"
2045-09-01,2045,9,"tavg",25.9331610450087,"SSP3-7.0 (Regional Rivalry)","ARIMA"
2045-10-01,2045,10,"tavg",25.6951955425645,"SSP3-7.0 (Regional Rivalry)","ARIMA"
2045-11-01,2045,11,"tavg",26.3189763796669,"SSP3-7.0 (Regional Rivalry)","ARIMA"
2045-12-01,2045,12,"tavg",26.9761430243801,"SSP3-7.0 (Regional Rivalry)","ARIMA"
2046-01-01,2046,1,"tavg",28.8959916777201,"SSP3-7.0 (Regional Rivalry)","ARIMA"
2046-02-01,2046,2,"tavg",29.9618719439168,"SSP3-7.0 (Regional Rivalry)","ARIMA"
2046-03-01,2046,3,"tavg",31.6064262084482,"SSP3-7.0 (Regional Rivalry)","ARIMA"
2046-04-01,2046,4,"tavg",31.6126345113981,"SSP3-7.0 (Regional Rivalry)","ARIMA"
2046-05-01,2046,5,"tavg",31.3178926751895,"SSP3-7.0 (Regional Rivalry)","ARIMA"
2046-06-01,2046,6,"tavg",30.109422038654,"SSP3-7.0 (Regional Rivalry)","ARIMA"
2046-07-01,2046,7,"tavg",28.563468363488,"SSP3-7.0 (Regional Rivalry)","ARIMA"
2046-08-01,2046,8,"tavg",27.5628052439848,"SSP3-7.0 (Regional Rivalry)","ARIMA"
2046-09-01,2046,9,"tavg",26.0420152790355,"SSP3-7.0 (Regional Rivalry)","ARIMA"
2046-10-01,2046,10,"tavg",25.8040497765913,"SSP3-7.0 (Regional Rivalry)","ARIMA"
2046-11-01,2046,11,"tavg",26.4278306136937,"SSP3-7.0 (Regional Rivalry)","ARIMA"
2046-12-01,2046,12,"tavg",27.0849972584069,"SSP3-7.0 (Regional Rivalry)","ARIMA"
2047-01-01,2047,1,"tavg",29.0050459117469,"SSP3-7.0 (Regional Rivalry)","ARIMA"
2047-02-01,2047,2,"tavg",30.0709261779436,"SSP3-7.0 (Regional Rivalry)","ARIMA"
2047-03-01,2047,3,"tavg",31.715480442475,"SSP3-7.0 (Regional Rivalry)","ARIMA"
2047-04-01,2047,4,"tavg",31.7216887454249,"SSP3-7.0 (Regional Rivalry)","ARIMA"
2047-05-01,2047,5,"tavg",31.4269469092163,"SSP3-7.0 (Regional Rivalry)","ARIMA"
2047-06-01,2047,6,"tavg",30.2184762726808,"SSP3-7.0 (Regional Rivalry)","ARIMA"
2047-07-01,2047,7,"tavg",28.6725225975148,"SSP3-7.0 (Regional Rivalry)","ARIMA"
2047-08-01,2047,8,"tavg",27.6718594780116,"SSP3-7.0 (Regional Rivalry)","ARIMA"
2047-09-01,2047,9,"tavg",26.1510695130623,"SSP3-7.0 (Regional Rivalry)","ARIMA"
2047-10-01,2047,10,"tavg",25.9131040106181,"SSP3-7.0 (Regional Rivalry)","ARIMA"
2047-11-01,2047,11,"tavg",26.5368848477205,"SSP3-7.0 (Regional Rivalry)","ARIMA"
2047-12-01,2047,12,"tavg",27.1940514924338,"SSP3-7.0 (Regional Rivalry)","ARIMA"
2048-01-01,2048,1,"tavg",29.1143001457737,"SSP3-7.0 (Regional Rivalry)","ARIMA"
2048-02-01,2048,2,"tavg",30.1801804119705,"SSP3-7.0 (Regional Rivalry)","ARIMA"
2048-03-01,2048,3,"tavg",31.8247346765018,"SSP3-7.0 (Regional Rivalry)","ARIMA"
2048-04-01,2048,4,"tavg",31.8309429794517,"SSP3-7.0 (Regional Rivalry)","ARIMA"
2048-05-01,2048,5,"tavg",31.5362011432431,"SSP3-7.0 (Regional Rivalry)","ARIMA"
2048-06-01,2048,6,"tavg",30.3277305067076,"SSP3-7.0 (Regional Rivalry)","ARIMA"
2048-07-01,2048,7,"tavg",28.7817768315416,"SSP3-7.0 (Regional Rivalry)","ARIMA"
2048-08-01,2048,8,"tavg",27.7811137120384,"SSP3-7.0 (Regional Rivalry)","ARIMA"
2048-09-01,2048,9,"tavg",26.2603237470891,"SSP3-7.0 (Regional Rivalry)","ARIMA"
2048-10-01,2048,10,"tavg",26.022358244645,"SSP3-7.0 (Regional Rivalry)","ARIMA"
2048-11-01,2048,11,"tavg",26.6461390817473,"SSP3-7.0 (Regional Rivalry)","ARIMA"
2048-12-01,2048,12,"tavg",27.3033057264606,"SSP3-7.0 (Regional Rivalry)","ARIMA"
2049-01-01,2049,1,"tavg",29.2237543798005,"SSP3-7.0 (Regional Rivalry)","ARIMA"
2049-02-01,2049,2,"tavg",30.2896346459973,"SSP3-7.0 (Regional Rivalry)","ARIMA"
2049-03-01,2049,3,"tavg",31.9341889105286,"SSP3-7.0 (Regional Rivalry)","ARIMA"
2049-04-01,2049,4,"tavg",31.9403972134785,"SSP3-7.0 (Regional Rivalry)","ARIMA"
2049-05-01,2049,5,"tavg",31.6456553772699,"SSP3-7.0 (Regional Rivalry)","ARIMA"
2049-06-01,2049,6,"tavg",30.4371847407345,"SSP3-7.0 (Regional Rivalry)","ARIMA"
2049-07-01,2049,7,"tavg",28.8912310655684,"SSP3-7.0 (Regional Rivalry)","ARIMA"
2049-08-01,2049,8,"tavg",27.8905679460652,"SSP3-7.0 (Regional Rivalry)","ARIMA"
2049-09-01,2049,9,"tavg",26.3697779811159,"SSP3-7.0 (Regional Rivalry)","ARIMA"
2049-10-01,2049,10,"tavg",26.1318124786718,"SSP3-7.0 (Regional Rivalry)","ARIMA"
2049-11-01,2049,11,"tavg",26.7555933157741,"SSP3-7.0 (Regional Rivalry)","ARIMA"
2049-12-01,2049,12,"tavg",27.4127599604874,"SSP3-7.0 (Regional Rivalry)","ARIMA"
2050-01-01,2050,1,"tavg",29.3334086138273,"SSP3-7.0 (Regional Rivalry)","ARIMA"
2050-02-01,2050,2,"tavg",30.3992888800241,"SSP3-7.0 (Regional Rivalry)","ARIMA"
2050-03-01,2050,3,"tavg",32.0438431445554,"SSP3-7.0 (Regional Rivalry)","ARIMA"
2050-04-01,2050,4,"tavg",32.0500514475053,"SSP3-7.0 (Regional Rivalry)","ARIMA"
2050-05-01,2050,5,"tavg",31.7553096112967,"SSP3-7.0 (Regional Rivalry)","ARIMA"
2050-06-01,2050,6,"tavg",30.5468389747613,"SSP3-7.0 (Regional Rivalry)","ARIMA"
2050-07-01,2050,7,"tavg",29.0008852995952,"SSP3-7.0 (Regional Rivalry)","ARIMA"
2050-08-01,2050,8,"tavg",28.000222180092,"SSP3-7.0 (Regional Rivalry)","ARIMA"
2050-09-01,2050,9,"tavg",26.4794322151427,"SSP3-7.0 (Regional Rivalry)","ARIMA"
2050-10-01,2050,10,"tavg",26.2414667126986,"SSP3-7.0 (Regional Rivalry)","ARIMA"
2050-11-01,2050,11,"tavg",26.8652475498009,"SSP3-7.0 (Regional Rivalry)","ARIMA"
2050-12-01,2050,12,"tavg",27.5224141945142,"SSP3-7.0 (Regional Rivalry)","ARIMA"
2051-01-01,2051,1,"tavg",29.4432628478541,"SSP3-7.0 (Regional Rivalry)","ARIMA"
2051-02-01,2051,2,"tavg",30.5091431140509,"SSP3-7.0 (Regional Rivalry)","ARIMA"
2051-03-01,2051,3,"tavg",32.1536973785822,"SSP3-7.0 (Regional Rivalry)","ARIMA"
2051-04-01,2051,4,"tavg",32.1599056815321,"SSP3-7.0 (Regional Rivalry)","ARIMA"
2051-05-01,2051,5,"tavg",31.8651638453236,"SSP3-7.0 (Regional Rivalry)","ARIMA"
2051-06-01,2051,6,"tavg",30.6566932087881,"SSP3-7.0 (Regional Rivalry)","ARIMA"
2051-07-01,2051,7,"tavg",29.110739533622,"SSP3-7.0 (Regional Rivalry)","ARIMA"
2051-08-01,2051,8,"tavg",28.1100764141188,"SSP3-7.0 (Regional Rivalry)","ARIMA"
2051-09-01,2051,9,"tavg",26.5892864491695,"SSP3-7.0 (Regional Rivalry)","ARIMA"
2051-10-01,2051,10,"tavg",26.3513209467254,"SSP3-7.0 (Regional Rivalry)","ARIMA"
2051-11-01,2051,11,"tavg",26.9751017838277,"SSP3-7.0 (Regional Rivalry)","ARIMA"
2051-12-01,2051,12,"tavg",27.632268428541,"SSP3-7.0 (Regional Rivalry)","ARIMA"
2052-01-01,2052,1,"tavg",29.5533170818809,"SSP3-7.0 (Regional Rivalry)","ARIMA"
2052-02-01,2052,2,"tavg",30.6191973480777,"SSP3-7.0 (Regional Rivalry)","ARIMA"
2052-03-01,2052,3,"tavg",32.263751612609,"SSP3-7.0 (Regional Rivalry)","ARIMA"
2052-04-01,2052,4,"tavg",32.269959915559,"SSP3-7.0 (Regional Rivalry)","ARIMA"
2052-05-01,2052,5,"tavg",31.9752180793504,"SSP3-7.0 (Regional Rivalry)","ARIMA"
2052-06-01,2052,6,"tavg",30.7667474428149,"SSP3-7.0 (Regional Rivalry)","ARIMA"
2052-07-01,2052,7,"tavg",29.2207937676489,"SSP3-7.0 (Regional Rivalry)","ARIMA"
2052-08-01,2052,8,"tavg",28.2201306481456,"SSP3-7.0 (Regional Rivalry)","ARIMA"
2052-09-01,2052,9,"tavg",26.6993406831964,"SSP3-7.0 (Regional Rivalry)","ARIMA"
2052-10-01,2052,10,"tavg",26.4613751807522,"SSP3-7.0 (Regional Rivalry)","ARIMA"
2052-11-01,2052,11,"tavg",27.0851560178546,"SSP3-7.0 (Regional Rivalry)","ARIMA"
2052-12-01,2052,12,"tavg",27.7423226625678,"SSP3-7.0 (Regional Rivalry)","ARIMA"
2053-01-01,2053,1,"tavg",29.6635713159078,"SSP3-7.0 (Regional Rivalry)","ARIMA"
2053-02-01,2053,2,"tavg",30.7294515821045,"SSP3-7.0 (Regional Rivalry)","ARIMA"
2053-03-01,2053,3,"tavg",32.3740058466359,"SSP3-7.0 (Regional Rivalry)","ARIMA"
2053-04-01,2053,4,"tavg",32.3802141495858,"SSP3-7.0 (Regional Rivalry)","ARIMA"
2053-05-01,2053,5,"tavg",32.0854723133772,"SSP3-7.0 (Regional Rivalry)","ARIMA"
2053-06-01,2053,6,"tavg",30.8770016768417,"SSP3-7.0 (Regional Rivalry)","ARIMA"
2053-07-01,2053,7,"tavg",29.3310480016757,"SSP3-7.0 (Regional Rivalry)","ARIMA"
2053-08-01,2053,8,"tavg",28.3303848821725,"SSP3-7.0 (Regional Rivalry)","ARIMA"
2053-09-01,2053,9,"tavg",26.8095949172232,"SSP3-7.0 (Regional Rivalry)","ARIMA"
2053-10-01,2053,10,"tavg",26.571629414779,"SSP3-7.0 (Regional Rivalry)","ARIMA"
2053-11-01,2053,11,"tavg",27.1954102518814,"SSP3-7.0 (Regional Rivalry)","ARIMA"
2053-12-01,2053,12,"tavg",27.8525768965947,"SSP3-7.0 (Regional Rivalry)","ARIMA"
2024-01-01,2024,1,"tavg",22.7859708653417,"SSP3-7.0 (Regional Rivalry)","ML-Enhanced"
2024-02-01,2024,2,"tavg",24.3598171634002,"SSP3-7.0 (Regional Rivalry)","ML-Enhanced"
2024-03-01,2024,3,"tavg",24.8609108216006,"SSP3-7.0 (Regional Rivalry)","ML-Enhanced"
2024-04-01,2024,4,"tavg",27.4532435796995,"SSP3-7.0 (Regional Rivalry)","ML-Enhanced"
2024-05-01,2024,5,"tavg",27.1993220840579,"SSP3-7.0 (Regional Rivalry)","ML-Enhanced"
2024-06-01,2024,6,"tavg",28.9743931657546,"SSP3-7.0 (Regional Rivalry)","ML-Enhanced"
2024-07-01,2024,7,"tavg",28.3558537408643,"SSP3-7.0 (Regional Rivalry)","ML-Enhanced"
2024-08-01,2024,8,"tavg",27.3547976734263,"SSP3-7.0 (Regional Rivalry)","ML-Enhanced"
2024-09-01,2024,9,"tavg",25.8505482498322,"SSP3-7.0 (Regional Rivalry)","ML-Enhanced"
2024-10-01,2024,10,"tavg",24.3416923050076,"SSP3-7.0 (Regional Rivalry)","ML-Enhanced"
2024-11-01,2024,11,"tavg",22.8609554937012,"SSP3-7.0 (Regional Rivalry)","ML-Enhanced"
2024-12-01,2024,12,"tavg",22.8702072764592,"SSP3-7.0 (Regional Rivalry)","ML-Enhanced"
2025-01-01,2025,1,"tavg",22.4650547822626,"SSP3-7.0 (Regional Rivalry)","ML-Enhanced"
2025-02-01,2025,2,"tavg",24.98208643413,"SSP3-7.0 (Regional Rivalry)","ML-Enhanced"
2025-03-01,2025,3,"tavg",25.2696923627651,"SSP3-7.0 (Regional Rivalry)","ML-Enhanced"
2025-04-01,2025,4,"tavg",27.0674389166795,"SSP3-7.0 (Regional Rivalry)","ML-Enhanced"
2025-05-01,2025,5,"tavg",28.4990393756577,"SSP3-7.0 (Regional Rivalry)","ML-Enhanced"
2025-06-01,2025,6,"tavg",28.8603309146928,"SSP3-7.0 (Regional Rivalry)","ML-Enhanced"
2025-07-01,2025,7,"tavg",28.99209648413,"SSP3-7.0 (Regional Rivalry)","ML-Enhanced"
2025-08-01,2025,8,"tavg",27.0425127155194,"SSP3-7.0 (Regional Rivalry)","ML-Enhanced"
2025-09-01,2025,9,"tavg",24.8355207110403,"SSP3-7.0 (Regional Rivalry)","ML-Enhanced"
2025-10-01,2025,10,"tavg",24.5191330872205,"SSP3-7.0 (Regional Rivalry)","ML-Enhanced"
2025-11-01,2025,11,"tavg",22.8061688949654,"SSP3-7.0 (Regional Rivalry)","ML-Enhanced"
2025-12-01,2025,12,"tavg",22.2293924693823,"SSP3-7.0 (Regional Rivalry)","ML-Enhanced"
2026-01-01,2026,1,"tavg",23.0144451748394,"SSP3-7.0 (Regional Rivalry)","ML-Enhanced"
2026-02-01,2026,2,"tavg",24.5272488527507,"SSP3-7.0 (Regional Rivalry)","ML-Enhanced"
2026-03-01,2026,3,"tavg",25.1466731768208,"SSP3-7.0 (Regional Rivalry)","ML-Enhanced"
2026-04-01,2026,4,"tavg",26.3341929964302,"SSP3-7.0 (Regional Rivalry)","ML-Enhanced"
2026-05-01,2026,5,"tavg",28.5534253404017,"SSP3-7.0 (Regional Rivalry)","ML-Enhanced"
2026-06-01,2026,6,"tavg",28.0940581622075,"SSP3-7.0 (Regional Rivalry)","ML-Enhanced"
2026-07-01,2026,7,"tavg",29.2144828282683,"SSP3-7.0 (Regional Rivalry)","ML-Enhanced"
2026-08-01,2026,8,"tavg",27.8517383714282,"SSP3-7.0 (Regional Rivalry)","ML-Enhanced"
2026-09-01,2026,9,"tavg",25.9855652578201,"SSP3-7.0 (Regional Rivalry)","ML-Enhanced"
2026-10-01,2026,10,"tavg",24.7834920661996,"SSP3-7.0 (Regional Rivalry)","ML-Enhanced"
2026-11-01,2026,11,"tavg",22.8209476814959,"SSP3-7.0 (Regional Rivalry)","ML-Enhanced"
2026-12-01,2026,12,"tavg",22.2773382225883,"SSP3-7.0 (Regional Rivalry)","ML-Enhanced"
2027-01-01,2027,1,"tavg",23.6201640105942,"SSP3-7.0 (Regional Rivalry)","ML-Enhanced"
2027-02-01,2027,2,"tavg",24.7280224275711,"SSP3-7.0 (Regional Rivalry)","ML-Enhanced"
2027-03-01,2027,3,"tavg",26.0421330129384,"SSP3-7.0 (Regional Rivalry)","ML-Enhanced"
2027-04-01,2027,4,"tavg",27.4759108609583,"SSP3-7.0 (Regional Rivalry)","ML-Enhanced"
2027-05-01,2027,5,"tavg",28.5126078000698,"SSP3-7.0 (Regional Rivalry)","ML-Enhanced"
2027-06-01,2027,6,"tavg",29.3548960444295,"SSP3-7.0 (Regional Rivalry)","ML-Enhanced"
2027-07-01,2027,7,"tavg",29.1483180856472,"SSP3-7.0 (Regional Rivalry)","ML-Enhanced"
2027-08-01,2027,8,"tavg",27.0819360355954,"SSP3-7.0 (Regional Rivalry)","ML-Enhanced"
2027-09-01,2027,9,"tavg",24.9328737966206,"SSP3-7.0 (Regional Rivalry)","ML-Enhanced"
2027-10-01,2027,10,"tavg",24.7476448022756,"SSP3-7.0 (Regional Rivalry)","ML-Enhanced"
2027-11-01,2027,11,"tavg",23.7911097131701,"SSP3-7.0 (Regional Rivalry)","ML-Enhanced"
2027-12-01,2027,12,"tavg",22.9198113649531,"SSP3-7.0 (Regional Rivalry)","ML-Enhanced"
2028-01-01,2028,1,"tavg",23.4079462321487,"SSP3-7.0 (Regional Rivalry)","ML-Enhanced"
2028-02-01,2028,2,"tavg",25.0782837482103,"SSP3-7.0 (Regional Rivalry)","ML-Enhanced"
2028-03-01,2028,3,"tavg",25.7097603609165,"SSP3-7.0 (Regional Rivalry)","ML-Enhanced"
2028-04-01,2028,4,"tavg",27.0259852565048,"SSP3-7.0 (Regional Rivalry)","ML-Enhanced"
2028-05-01,2028,5,"tavg",28.6910014244612,"SSP3-7.0 (Regional Rivalry)","ML-Enhanced"
2028-06-01,2028,6,"tavg",29.1179468359455,"SSP3-7.0 (Regional Rivalry)","ML-Enhanced"
2028-07-01,2028,7,"tavg",28.0954069492642,"SSP3-7.0 (Regional Rivalry)","ML-Enhanced"
2028-08-01,2028,8,"tavg",26.9003728592196,"SSP3-7.0 (Regional Rivalry)","ML-Enhanced"
2028-09-01,2028,9,"tavg",26.008889377245,"SSP3-7.0 (Regional Rivalry)","ML-Enhanced"
2028-10-01,2028,10,"tavg",24.787812089591,"SSP3-7.0 (Regional Rivalry)","ML-Enhanced"
2028-11-01,2028,11,"tavg",24.3273081896819,"SSP3-7.0 (Regional Rivalry)","ML-Enhanced"
2028-12-01,2028,12,"tavg",22.7211503327304,"SSP3-7.0 (Regional Rivalry)","ML-Enhanced"
2029-01-01,2029,1,"tavg",22.9283117190813,"SSP3-7.0 (Regional Rivalry)","ML-Enhanced"
2029-02-01,2029,2,"tavg",25.3531811557413,"SSP3-7.0 (Regional Rivalry)","ML-Enhanced"
2029-03-01,2029,3,"tavg",26.0658029950541,"SSP3-7.0 (Regional Rivalry)","ML-Enhanced"
2029-04-01,2029,4,"tavg",28.4440177429068,"SSP3-7.0 (Regional Rivalry)","ML-Enhanced"
2029-05-01,2029,5,"tavg",28.3682212922236,"SSP3-7.0 (Regional Rivalry)","ML-Enhanced"
2029-06-01,2029,6,"tavg",29.4270933255652,"SSP3-7.0 (Regional Rivalry)","ML-Enhanced"
2029-07-01,2029,7,"tavg",28.7886584322785,"SSP3-7.0 (Regional Rivalry)","ML-Enhanced"
2029-08-01,2029,8,"tavg",27.4867588446965,"SSP3-7.0 (Regional Rivalry)","ML-Enhanced"
2029-09-01,2029,9,"tavg",25.3230909964421,"SSP3-7.0 (Regional Rivalry)","ML-Enhanced"
2029-10-01,2029,10,"tavg",25.4715536342134,"SSP3-7.0 (Regional Rivalry)","ML-Enhanced"
2029-11-01,2029,11,"tavg",23.6654017182486,"SSP3-7.0 (Regional Rivalry)","ML-Enhanced"
2029-12-01,2029,12,"tavg",22.4819381915375,"SSP3-7.0 (Regional Rivalry)","ML-Enhanced"
2030-01-01,2030,1,"tavg",23.3741512615624,"SSP3-7.0 (Regional Rivalry)","ML-Enhanced"
2030-02-01,2030,2,"tavg",23.7260000843048,"SSP3-7.0 (Regional Rivalry)","ML-Enhanced"
2030-03-01,2030,3,"tavg",26.2841894852161,"SSP3-7.0 (Regional Rivalry)","ML-Enhanced"
2030-04-01,2030,4,"tavg",27.6261200346632,"SSP3-7.0 (Regional Rivalry)","ML-Enhanced"
2030-05-01,2030,5,"tavg",28.9013103052669,"SSP3-7.0 (Regional Rivalry)","ML-Enhanced"
2030-06-01,2030,6,"tavg",28.834557678648,"SSP3-7.0 (Regional Rivalry)","ML-Enhanced"
2030-07-01,2030,7,"tavg",28.8684594811954,"SSP3-7.0 (Regional Rivalry)","ML-Enhanced"
2030-08-01,2030,8,"tavg",27.6920890202216,"SSP3-7.0 (Regional Rivalry)","ML-Enhanced"
2030-09-01,2030,9,"tavg",25.3960736001361,"SSP3-7.0 (Regional Rivalry)","ML-Enhanced"
2030-10-01,2030,10,"tavg",25.33514848622,"SSP3-7.0 (Regional Rivalry)","ML-Enhanced"
2030-11-01,2030,11,"tavg",23.1262976902326,"SSP3-7.0 (Regional Rivalry)","ML-Enhanced"
2030-12-01,2030,12,"tavg",23.2625411052514,"SSP3-7.0 (Regional Rivalry)","ML-Enhanced"
2031-01-01,2031,1,"tavg",23.5462582892709,"SSP3-7.0 (Regional Rivalry)","ML-Enhanced"
2031-02-01,2031,2,"tavg",24.6540257876758,"SSP3-7.0 (Regional Rivalry)","ML-Enhanced"
2031-03-01,2031,3,"tavg",25.8546473975515,"SSP3-7.0 (Regional Rivalry)","ML-Enhanced"
2031-04-01,2031,4,"tavg",27.1324552142663,"SSP3-7.0 (Regional Rivalry)","ML-Enhanced"
2031-05-01,2031,5,"tavg",28.8175842543975,"SSP3-7.0 (Regional Rivalry)","ML-Enhanced"
2031-06-01,2031,6,"tavg",28.1018825045204,"SSP3-7.0 (Regional Rivalry)","ML-Enhanced"
2031-07-01,2031,7,"tavg",28.6809064978588,"SSP3-7.0 (Regional Rivalry)","ML-Enhanced"
2031-08-01,2031,8,"tavg",26.9309235609585,"SSP3-7.0 (Regional Rivalry)","ML-Enhanced"
2031-09-01,2031,9,"tavg",26.1202925297768,"SSP3-7.0 (Regional Rivalry)","ML-Enhanced"
2031-10-01,2031,10,"tavg",24.2616587663229,"SSP3-7.0 (Regional Rivalry)","ML-Enhanced"
2031-11-01,2031,11,"tavg",22.9194709822097,"SSP3-7.0 (Regional Rivalry)","ML-Enhanced"
2031-12-01,2031,12,"tavg",23.1577623902316,"SSP3-7.0 (Regional Rivalry)","ML-Enhanced"
2032-01-01,2032,1,"tavg",23.695473140219,"SSP3-7.0 (Regional Rivalry)","ML-Enhanced"
2032-02-01,2032,2,"tavg",24.5434388128507,"SSP3-7.0 (Regional Rivalry)","ML-Enhanced"
2032-03-01,2032,3,"tavg",25.9128971060501,"SSP3-7.0 (Regional Rivalry)","ML-Enhanced"
2032-04-01,2032,4,"tavg",27.2117022143491,"SSP3-7.0 (Regional Rivalry)","ML-Enhanced"
2032-05-01,2032,5,"tavg",29.2602480822848,"SSP3-7.0 (Regional Rivalry)","ML-Enhanced"
2032-06-01,2032,6,"tavg",28.2793488213777,"SSP3-7.0 (Regional Rivalry)","ML-Enhanced"
2032-07-01,2032,7,"tavg",28.0372908350613,"SSP3-7.0 (Regional Rivalry)","ML-Enhanced"
2032-08-01,2032,8,"tavg",27.0813360663285,"SSP3-7.0 (Regional Rivalry)","ML-Enhanced"
2032-09-01,2032,9,"tavg",25.8229400170287,"SSP3-7.0 (Regional Rivalry)","ML-Enhanced"
2032-10-01,2032,10,"tavg",24.7750687253148,"SSP3-7.0 (Regional Rivalry)","ML-Enhanced"
2032-11-01,2032,11,"tavg",22.7442773381258,"SSP3-7.0 (Regional Rivalry)","ML-Enhanced"
2032-12-01,2032,12,"tavg",22.5198842655228,"SSP3-7.0 (Regional Rivalry)","ML-Enhanced"
2033-01-01,2033,1,"tavg",23.3696887730238,"SSP3-7.0 (Regional Rivalry)","ML-Enhanced"
2033-02-01,2033,2,"tavg",25.0387487859795,"SSP3-7.0 (Regional Rivalry)","ML-Enhanced"
2033-03-01,2033,3,"tavg",25.9094167779145,"SSP3-7.0 (Regional Rivalry)","ML-Enhanced"
2033-04-01,2033,4,"tavg",27.3532297160157,"SSP3-7.0 (Regional Rivalry)","ML-Enhanced"
2033-05-01,2033,5,"tavg",29.6174987588422,"SSP3-7.0 (Regional Rivalry)","ML-Enhanced"
2033-06-01,2033,6,"tavg",28.9233105933365,"SSP3-7.0 (Regional Rivalry)","ML-Enhanced"
2033-07-01,2033,7,"tavg",29.6988415099402,"SSP3-7.0 (Regional Rivalry)","ML-Enhanced"
2033-08-01,2033,8,"tavg",27.3912505864266,"SSP3-7.0 (Regional Rivalry)","ML-Enhanced"
2033-09-01,2033,9,"tavg",26.1091159067385,"SSP3-7.0 (Regional Rivalry)","ML-Enhanced"
2033-10-01,2033,10,"tavg",25.3189285009338,"SSP3-7.0 (Regional Rivalry)","ML-Enhanced"
2033-11-01,2033,11,"tavg",23.1026144342521,"SSP3-7.0 (Regional Rivalry)","ML-Enhanced"
2033-12-01,2033,12,"tavg",23.4654849680627,"SSP3-7.0 (Regional Rivalry)","ML-Enhanced"
2034-01-01,2034,1,"tavg",23.7857312109232,"SSP3-7.0 (Regional Rivalry)","ML-Enhanced"
2034-02-01,2034,2,"tavg",24.1112021720238,"SSP3-7.0 (Regional Rivalry)","ML-Enhanced"
2034-03-01,2034,3,"tavg",25.6570330945238,"SSP3-7.0 (Regional Rivalry)","ML-Enhanced"
2034-04-01,2034,4,"tavg",28.1748502371256,"SSP3-7.0 (Regional Rivalry)","ML-Enhanced"
2034-05-01,2034,5,"tavg",29.4764004801557,"SSP3-7.0 (Regional Rivalry)","ML-Enhanced"
2034-06-01,2034,6,"tavg",28.7391582068227,"SSP3-7.0 (Regional Rivalry)","ML-Enhanced"
2034-07-01,2034,7,"tavg",28.6695683117281,"SSP3-7.0 (Regional Rivalry)","ML-Enhanced"
2034-08-01,2034,8,"tavg",27.0129366184326,"SSP3-7.0 (Regional Rivalry)","ML-Enhanced"
2034-09-01,2034,9,"tavg",26.249752342558,"SSP3-7.0 (Regional Rivalry)","ML-Enhanced"
2034-10-01,2034,10,"tavg",24.8980872229715,"SSP3-7.0 (Regional Rivalry)","ML-Enhanced"
2034-11-01,2034,11,"tavg",23.8144804599681,"SSP3-7.0 (Regional Rivalry)","ML-Enhanced"
2034-12-01,2034,12,"tavg",23.5023183871264,"SSP3-7.0 (Regional Rivalry)","ML-Enhanced"
2035-01-01,2035,1,"tavg",24.0196177340819,"SSP3-7.0 (Regional Rivalry)","ML-Enhanced"
2035-02-01,2035,2,"tavg",24.6557334923042,"SSP3-7.0 (Regional Rivalry)","ML-Enhanced"
2035-03-01,2035,3,"tavg",25.6036906864556,"SSP3-7.0 (Regional Rivalry)","ML-Enhanced"
2035-04-01,2035,4,"tavg",26.6958990201769,"SSP3-7.0 (Regional Rivalry)","ML-Enhanced"
2035-05-01,2035,5,"tavg",28.6903508689315,"SSP3-7.0 (Regional Rivalry)","ML-Enhanced"
2035-06-01,2035,6,"tavg",29.1889286978212,"SSP3-7.0 (Regional Rivalry)","ML-Enhanced"
2035-07-01,2035,7,"tavg",28.3748596689062,"SSP3-7.0 (Regional Rivalry)","ML-Enhanced"
2035-08-01,2035,8,"tavg",27.571188484693,"SSP3-7.0 (Regional Rivalry)","ML-Enhanced"
2035-09-01,2035,9,"tavg",25.8550119559763,"SSP3-7.0 (Regional Rivalry)","ML-Enhanced"
2035-10-01,2035,10,"tavg",24.3818417872431,"SSP3-7.0 (Regional Rivalry)","ML-Enhanced"
2035-11-01,2035,11,"tavg",23.1762993767993,"SSP3-7.0 (Regional Rivalry)","ML-Enhanced"
2035-12-01,2035,12,"tavg",22.7657010548755,"SSP3-7.0 (Regional Rivalry)","ML-Enhanced"
2036-01-01,2036,1,"tavg",23.996286959904,"SSP3-7.0 (Regional Rivalry)","ML-Enhanced"
2036-02-01,2036,2,"tavg",24.3569027692723,"SSP3-7.0 (Regional Rivalry)","ML-Enhanced"
2036-03-01,2036,3,"tavg",26.4903129089261,"SSP3-7.0 (Regional Rivalry)","ML-Enhanced"
2036-04-01,2036,4,"tavg",26.7850905258169,"SSP3-7.0 (Regional Rivalry)","ML-Enhanced"
2036-05-01,2036,5,"tavg",28.7600645319962,"SSP3-7.0 (Regional Rivalry)","ML-Enhanced"
2036-06-01,2036,6,"tavg",27.8647100112128,"SSP3-7.0 (Regional Rivalry)","ML-Enhanced"
2036-07-01,2036,7,"tavg",28.9037235767644,"SSP3-7.0 (Regional Rivalry)","ML-Enhanced"
2036-08-01,2036,8,"tavg",28.3586105578032,"SSP3-7.0 (Regional Rivalry)","ML-Enhanced"
2036-09-01,2036,9,"tavg",25.9596393538336,"SSP3-7.0 (Regional Rivalry)","ML-Enhanced"
2036-10-01,2036,10,"tavg",25.4982342209256,"SSP3-7.0 (Regional Rivalry)","ML-Enhanced"
2036-11-01,2036,11,"tavg",23.1360143784741,"SSP3-7.0 (Regional Rivalry)","ML-Enhanced"
2036-12-01,2036,12,"tavg",22.2354686666442,"SSP3-7.0 (Regional Rivalry)","ML-Enhanced"
2037-01-01,2037,1,"tavg",24.0903155519642,"SSP3-7.0 (Regional Rivalry)","ML-Enhanced"
2037-02-01,2037,2,"tavg",24.7268174398583,"SSP3-7.0 (Regional Rivalry)","ML-Enhanced"
2037-03-01,2037,3,"tavg",25.8519634834528,"SSP3-7.0 (Regional Rivalry)","ML-Enhanced"
2037-04-01,2037,4,"tavg",26.7997444983648,"SSP3-7.0 (Regional Rivalry)","ML-Enhanced"
2037-05-01,2037,5,"tavg",29.2016727763627,"SSP3-7.0 (Regional Rivalry)","ML-Enhanced"
2037-06-01,2037,6,"tavg",29.8714505260008,"SSP3-7.0 (Regional Rivalry)","ML-Enhanced"
2037-07-01,2037,7,"tavg",28.9285290150843,"SSP3-7.0 (Regional Rivalry)","ML-Enhanced"
2037-08-01,2037,8,"tavg",28.1415476379028,"SSP3-7.0 (Regional Rivalry)","ML-Enhanced"
2037-09-01,2037,9,"tavg",25.9714199898267,"SSP3-7.0 (Regional Rivalry)","ML-Enhanced"
2037-10-01,2037,10,"tavg",24.5277576434113,"SSP3-7.0 (Regional Rivalry)","ML-Enhanced"
2037-11-01,2037,11,"tavg",23.2088726629309,"SSP3-7.0 (Regional Rivalry)","ML-Enhanced"
2037-12-01,2037,12,"tavg",22.2116975811045,"SSP3-7.0 (Regional Rivalry)","ML-Enhanced"
2038-01-01,2038,1,"tavg",23.5743374096554,"SSP3-7.0 (Regional Rivalry)","ML-Enhanced"
2038-02-01,2038,2,"tavg",25.1655707952551,"SSP3-7.0 (Regional Rivalry)","ML-Enhanced"
2038-03-01,2038,3,"tavg",26.6515968503215,"SSP3-7.0 (Regional Rivalry)","ML-Enhanced"
2038-04-01,2038,4,"tavg",27.256704238041,"SSP3-7.0 (Regional Rivalry)","ML-Enhanced"
2038-05-01,2038,5,"tavg",29.6339674701571,"SSP3-7.0 (Regional Rivalry)","ML-Enhanced"
2038-06-01,2038,6,"tavg",29.1085911411756,"SSP3-7.0 (Regional Rivalry)","ML-Enhanced"
2038-07-01,2038,7,"tavg",28.2553751293916,"SSP3-7.0 (Regional Rivalry)","ML-Enhanced"
2038-08-01,2038,8,"tavg",26.9442440024911,"SSP3-7.0 (Regional Rivalry)","ML-Enhanced"
2038-09-01,2038,9,"tavg",25.5455272325236,"SSP3-7.0 (Regional Rivalry)","ML-Enhanced"
2038-10-01,2038,10,"tavg",25.4435031189391,"SSP3-7.0 (Regional Rivalry)","ML-Enhanced"
2038-11-01,2038,11,"tavg",23.6882764071196,"SSP3-7.0 (Regional Rivalry)","ML-Enhanced"
2038-12-01,2038,12,"tavg",23.4954889821129,"SSP3-7.0 (Regional Rivalry)","ML-Enhanced"
2039-01-01,2039,1,"tavg",23.1941225779222,"SSP3-7.0 (Regional Rivalry)","ML-Enhanced"
2039-02-01,2039,2,"tavg",24.2170722031488,"SSP3-7.0 (Regional Rivalry)","ML-Enhanced"
2039-03-01,2039,3,"tavg",26.7599612119883,"SSP3-7.0 (Regional Rivalry)","ML-Enhanced"
2039-04-01,2039,4,"tavg",27.2240128183572,"SSP3-7.0 (Regional Rivalry)","ML-Enhanced"
2039-05-01,2039,5,"tavg",29.2017059361837,"SSP3-7.0 (Regional Rivalry)","ML-Enhanced"
2039-06-01,2039,6,"tavg",29.6524179496485,"SSP3-7.0 (Regional Rivalry)","ML-Enhanced"
2039-07-01,2039,7,"tavg",29.5759926033741,"SSP3-7.0 (Regional Rivalry)","ML-Enhanced"
2039-08-01,2039,8,"tavg",27.7657712600013,"SSP3-7.0 (Regional Rivalry)","ML-Enhanced"
2039-09-01,2039,9,"tavg",25.8765586888041,"SSP3-7.0 (Regional Rivalry)","ML-Enhanced"
2039-10-01,2039,10,"tavg",25.5530420831554,"SSP3-7.0 (Regional Rivalry)","ML-Enhanced"
2039-11-01,2039,11,"tavg",23.5462623624764,"SSP3-7.0 (Regional Rivalry)","ML-Enhanced"
2039-12-01,2039,12,"tavg",22.6342686165712,"SSP3-7.0 (Regional Rivalry)","ML-Enhanced"
2040-01-01,2040,1,"tavg",23.3044683457136,"SSP3-7.0 (Regional Rivalry)","ML-Enhanced"
2040-02-01,2040,2,"tavg",24.2624611525389,"SSP3-7.0 (Regional Rivalry)","ML-Enhanced"
2040-03-01,2040,3,"tavg",27.5624377709997,"SSP3-7.0 (Regional Rivalry)","ML-Enhanced"
2040-04-01,2040,4,"tavg",26.9576413823164,"SSP3-7.0 (Regional Rivalry)","ML-Enhanced"
2040-05-01,2040,5,"tavg",29.5916493197211,"SSP3-7.0 (Regional Rivalry)","ML-Enhanced"
2040-06-01,2040,6,"tavg",29.5717458531119,"SSP3-7.0 (Regional Rivalry)","ML-Enhanced"
2040-07-01,2040,7,"tavg",29.6349450173152,"SSP3-7.0 (Regional Rivalry)","ML-Enhanced"
2040-08-01,2040,8,"tavg",28.6051309994044,"SSP3-7.0 (Regional Rivalry)","ML-Enhanced"
2040-09-01,2040,9,"tavg",26.5128431527155,"SSP3-7.0 (Regional Rivalry)","ML-Enhanced"
2040-10-01,2040,10,"tavg",25.2912555712757,"SSP3-7.0 (Regional Rivalry)","ML-Enhanced"
2040-11-01,2040,11,"tavg",23.454117989418,"SSP3-7.0 (Regional Rivalry)","ML-Enhanced"
2040-12-01,2040,12,"tavg",22.5700249696354,"SSP3-7.0 (Regional Rivalry)","ML-Enhanced"
2041-01-01,2041,1,"tavg",23.7110647452726,"SSP3-7.0 (Regional Rivalry)","ML-Enhanced"
2041-02-01,2041,2,"tavg",24.8847710603936,"SSP3-7.0 (Regional Rivalry)","ML-Enhanced"
2041-03-01,2041,3,"tavg",26.2364243747379,"SSP3-7.0 (Regional Rivalry)","ML-Enhanced"
2041-04-01,2041,4,"tavg",27.9530910138578,"SSP3-7.0 (Regional Rivalry)","ML-Enhanced"
2041-05-01,2041,5,"tavg",28.6807414576294,"SSP3-7.0 (Regional Rivalry)","ML-Enhanced"
2041-06-01,2041,6,"tavg",29.321165220461,"SSP3-7.0 (Regional Rivalry)","ML-Enhanced"
2041-07-01,2041,7,"tavg",29.1291411902547,"SSP3-7.0 (Regional Rivalry)","ML-Enhanced"
2041-08-01,2041,8,"tavg",28.5987010936679,"SSP3-7.0 (Regional Rivalry)","ML-Enhanced"
2041-09-01,2041,9,"tavg",26.7562718920265,"SSP3-7.0 (Regional Rivalry)","ML-Enhanced"
2041-10-01,2041,10,"tavg",25.2345249431522,"SSP3-7.0 (Regional Rivalry)","ML-Enhanced"
2041-11-01,2041,11,"tavg",24.0716868095172,"SSP3-7.0 (Regional Rivalry)","ML-Enhanced"
2041-12-01,2041,12,"tavg",23.2085801863544,"SSP3-7.0 (Regional Rivalry)","ML-Enhanced"
2042-01-01,2042,1,"tavg",23.2674716022592,"SSP3-7.0 (Regional Rivalry)","ML-Enhanced"
2042-02-01,2042,2,"tavg",25.4301471349093,"SSP3-7.0 (Regional Rivalry)","ML-Enhanced"
2042-03-01,2042,3,"tavg",27.2941879027381,"SSP3-7.0 (Regional Rivalry)","ML-Enhanced"
2042-04-01,2042,4,"tavg",26.798802780074,"SSP3-7.0 (Regional Rivalry)","ML-Enhanced"
2042-05-01,2042,5,"tavg",29.4163068380754,"SSP3-7.0 (Regional Rivalry)","ML-Enhanced"
2042-06-01,2042,6,"tavg",29.2481466465321,"SSP3-7.0 (Regional Rivalry)","ML-Enhanced"
2042-07-01,2042,7,"tavg",28.8579288523502,"SSP3-7.0 (Regional Rivalry)","ML-Enhanced"
2042-08-01,2042,8,"tavg",28.0749078319572,"SSP3-7.0 (Regional Rivalry)","ML-Enhanced"
2042-09-01,2042,9,"tavg",26.3321253444966,"SSP3-7.0 (Regional Rivalry)","ML-Enhanced"
2042-10-01,2042,10,"tavg",25.9030541281567,"SSP3-7.0 (Regional Rivalry)","ML-Enhanced"
2042-11-01,2042,11,"tavg",23.6166358541062,"SSP3-7.0 (Regional Rivalry)","ML-Enhanced"
2042-12-01,2042,12,"tavg",23.8194753838409,"SSP3-7.0 (Regional Rivalry)","ML-Enhanced"
2043-01-01,2043,1,"tavg",23.9225866268592,"SSP3-7.0 (Regional Rivalry)","ML-Enhanced"
2043-02-01,2043,2,"tavg",24.6173345650525,"SSP3-7.0 (Regional Rivalry)","ML-Enhanced"
2043-03-01,2043,3,"tavg",26.1419724957459,"SSP3-7.0 (Regional Rivalry)","ML-Enhanced"
2043-04-01,2043,4,"tavg",27.233975328085,"SSP3-7.0 (Regional Rivalry)","ML-Enhanced"
2043-05-01,2043,5,"tavg",29.5696128534514,"SSP3-7.0 (Regional Rivalry)","ML-Enhanced"
2043-06-01,2043,6,"tavg",29.3999848814403,"SSP3-7.0 (Regional Rivalry)","ML-Enhanced"
2043-07-01,2043,7,"tavg",29.5910709307988,"SSP3-7.0 (Regional Rivalry)","ML-Enhanced"
2043-08-01,2043,8,"tavg",28.6986908011887,"SSP3-7.0 (Regional Rivalry)","ML-Enhanced"
2043-09-01,2043,9,"tavg",26.5903065237264,"SSP3-7.0 (Regional Rivalry)","ML-Enhanced"
2043-10-01,2043,10,"tavg",25.0685476699046,"SSP3-7.0 (Regional Rivalry)","ML-Enhanced"
2043-11-01,2043,11,"tavg",23.6555057355001,"SSP3-7.0 (Regional Rivalry)","ML-Enhanced"
2043-12-01,2043,12,"tavg",24.0026763090941,"SSP3-7.0 (Regional Rivalry)","ML-Enhanced"
2044-01-01,2044,1,"tavg",23.5191543226204,"SSP3-7.0 (Regional Rivalry)","ML-Enhanced"
2044-02-01,2044,2,"tavg",24.7525259850979,"SSP3-7.0 (Regional Rivalry)","ML-Enhanced"
2044-03-01,2044,3,"tavg",27.1205388692961,"SSP3-7.0 (Regional Rivalry)","ML-Enhanced"
2044-04-01,2044,4,"tavg",28.0661711129063,"SSP3-7.0 (Regional Rivalry)","ML-Enhanced"
2044-05-01,2044,5,"tavg",28.4480077702222,"SSP3-7.0 (Regional Rivalry)","ML-Enhanced"
2044-06-01,2044,6,"tavg",30.0775712255659,"SSP3-7.0 (Regional Rivalry)","ML-Enhanced"
2044-07-01,2044,7,"tavg",29.3838855785473,"SSP3-7.0 (Regional Rivalry)","ML-Enhanced"
2044-08-01,2044,8,"tavg",28.7586808989685,"SSP3-7.0 (Regional Rivalry)","ML-Enhanced"
2044-09-01,2044,9,"tavg",26.4887497779148,"SSP3-7.0 (Regional Rivalry)","ML-Enhanced"
2044-10-01,2044,10,"tavg",25.5692739804333,"SSP3-7.0 (Regional Rivalry)","ML-Enhanced"
2044-11-01,2044,11,"tavg",24.6213187818191,"SSP3-7.0 (Regional Rivalry)","ML-Enhanced"
2044-12-01,2044,12,"tavg",22.9112526650601,"SSP3-7.0 (Regional Rivalry)","ML-Enhanced"
2045-01-01,2045,1,"tavg",23.7457939574607,"SSP3-7.0 (Regional Rivalry)","ML-Enhanced"
2045-02-01,2045,2,"tavg",25.712323880929,"SSP3-7.0 (Regional Rivalry)","ML-Enhanced"
2045-03-01,2045,3,"tavg",26.2246426335891,"SSP3-7.0 (Regional Rivalry)","ML-Enhanced"
2045-04-01,2045,4,"tavg",28.1696640716832,"SSP3-7.0 (Regional Rivalry)","ML-Enhanced"
2045-05-01,2045,5,"tavg",27.8765596413307,"SSP3-7.0 (Regional Rivalry)","ML-Enhanced"
2045-06-01,2045,6,"tavg",29.4390792826131,"SSP3-7.0 (Regional Rivalry)","ML-Enhanced"
2045-07-01,2045,7,"tavg",28.3870554809608,"SSP3-7.0 (Regional Rivalry)","ML-Enhanced"
2045-08-01,2045,8,"tavg",27.0207140403364,"SSP3-7.0 (Regional Rivalry)","ML-Enhanced"
2045-09-01,2045,9,"tavg",26.2624691404566,"SSP3-7.0 (Regional Rivalry)","ML-Enhanced"
2045-10-01,2045,10,"tavg",24.9876793621199,"SSP3-7.0 (Regional Rivalry)","ML-Enhanced"
2045-11-01,2045,11,"tavg",24.4903334085423,"SSP3-7.0 (Regional Rivalry)","ML-Enhanced"
2045-12-01,2045,12,"tavg",23.8536384531601,"SSP3-7.0 (Regional Rivalry)","ML-Enhanced"
2046-01-01,2046,1,"tavg",24.6209724001366,"SSP3-7.0 (Regional Rivalry)","ML-Enhanced"
2046-02-01,2046,2,"tavg",24.872822795052,"SSP3-7.0 (Regional Rivalry)","ML-Enhanced"
2046-03-01,2046,3,"tavg",26.6055331639658,"SSP3-7.0 (Regional Rivalry)","ML-Enhanced"
2046-04-01,2046,4,"tavg",27.2367044235,"SSP3-7.0 (Regional Rivalry)","ML-Enhanced"
2046-05-01,2046,5,"tavg",28.5512498806405,"SSP3-7.0 (Regional Rivalry)","ML-Enhanced"
2046-06-01,2046,6,"tavg",29.9476059609392,"SSP3-7.0 (Regional Rivalry)","ML-Enhanced"
2046-07-01,2046,7,"tavg",28.9870495720966,"SSP3-7.0 (Regional Rivalry)","ML-Enhanced"
2046-08-01,2046,8,"tavg",27.9998965803391,"SSP3-7.0 (Regional Rivalry)","ML-Enhanced"
2046-09-01,2046,9,"tavg",26.0401301565281,"SSP3-7.0 (Regional Rivalry)","ML-Enhanced"
2046-10-01,2046,10,"tavg",25.0103524281197,"SSP3-7.0 (Regional Rivalry)","ML-Enhanced"
2046-11-01,2046,11,"tavg",23.7755328301222,"SSP3-7.0 (Regional Rivalry)","ML-Enhanced"
2046-12-01,2046,12,"tavg",23.3720137995749,"SSP3-7.0 (Regional Rivalry)","ML-Enhanced"
2047-01-01,2047,1,"tavg",23.9786536122648,"SSP3-7.0 (Regional Rivalry)","ML-Enhanced"
2047-02-01,2047,2,"tavg",25.6647098367838,"SSP3-7.0 (Regional Rivalry)","ML-Enhanced"
2047-03-01,2047,3,"tavg",26.6265886145628,"SSP3-7.0 (Regional Rivalry)","ML-Enhanced"
2047-04-01,2047,4,"tavg",28.9502172880896,"SSP3-7.0 (Regional Rivalry)","ML-Enhanced"
2047-05-01,2047,5,"tavg",29.1091643755607,"SSP3-7.0 (Regional Rivalry)","ML-Enhanced"
2047-06-01,2047,6,"tavg",30.2834342056954,"SSP3-7.0 (Regional Rivalry)","ML-Enhanced"
2047-07-01,2047,7,"tavg",29.4333966238113,"SSP3-7.0 (Regional Rivalry)","ML-Enhanced"
2047-08-01,2047,8,"tavg",27.9523656857498,"SSP3-7.0 (Regional Rivalry)","ML-Enhanced"
2047-09-01,2047,9,"tavg",26.3185868220664,"SSP3-7.0 (Regional Rivalry)","ML-Enhanced"
2047-10-01,2047,10,"tavg",25.6596582999607,"SSP3-7.0 (Regional Rivalry)","ML-Enhanced"
2047-11-01,2047,11,"tavg",24.6603935749066,"SSP3-7.0 (Regional Rivalry)","ML-Enhanced"
2047-12-01,2047,12,"tavg",22.9737286933993,"SSP3-7.0 (Regional Rivalry)","ML-Enhanced"
2048-01-01,2048,1,"tavg",24.1034052710797,"SSP3-7.0 (Regional Rivalry)","ML-Enhanced"
2048-02-01,2048,2,"tavg",24.4835721898668,"SSP3-7.0 (Regional Rivalry)","ML-Enhanced"
2048-03-01,2048,3,"tavg",27.1225636019416,"SSP3-7.0 (Regional Rivalry)","ML-Enhanced"
2048-04-01,2048,4,"tavg",28.3463623314146,"SSP3-7.0 (Regional Rivalry)","ML-Enhanced"
2048-05-01,2048,5,"tavg",29.6605597950051,"SSP3-7.0 (Regional Rivalry)","ML-Enhanced"
2048-06-01,2048,6,"tavg",29.8840395727284,"SSP3-7.0 (Regional Rivalry)","ML-Enhanced"
2048-07-01,2048,7,"tavg",28.9024447926087,"SSP3-7.0 (Regional Rivalry)","ML-Enhanced"
2048-08-01,2048,8,"tavg",28.187199985768,"SSP3-7.0 (Regional Rivalry)","ML-Enhanced"
2048-09-01,2048,9,"tavg",27.0295323119958,"SSP3-7.0 (Regional Rivalry)","ML-Enhanced"
2048-10-01,2048,10,"tavg",25.353388101332,"SSP3-7.0 (Regional Rivalry)","ML-Enhanced"
2048-11-01,2048,11,"tavg",24.0384135896838,"SSP3-7.0 (Regional Rivalry)","ML-Enhanced"
2048-12-01,2048,12,"tavg",23.6254021931611,"SSP3-7.0 (Regional Rivalry)","ML-Enhanced"
2049-01-01,2049,1,"tavg",24.6090921507008,"SSP3-7.0 (Regional Rivalry)","ML-Enhanced"
2049-02-01,2049,2,"tavg",25.5755296924076,"SSP3-7.0 (Regional Rivalry)","ML-Enhanced"
2049-03-01,2049,3,"tavg",25.7479639100847,"SSP3-7.0 (Regional Rivalry)","ML-Enhanced"
2049-04-01,2049,4,"tavg",28.228549114957,"SSP3-7.0 (Regional Rivalry)","ML-Enhanced"
2049-05-01,2049,5,"tavg",29.8290755332728,"SSP3-7.0 (Regional Rivalry)","ML-Enhanced"
2049-06-01,2049,6,"tavg",29.5146687507221,"SSP3-7.0 (Regional Rivalry)","ML-Enhanced"
2049-07-01,2049,7,"tavg",28.7640965058612,"SSP3-7.0 (Regional Rivalry)","ML-Enhanced"
2049-08-01,2049,8,"tavg",27.8828042268001,"SSP3-7.0 (Regional Rivalry)","ML-Enhanced"
2049-09-01,2049,9,"tavg",26.4706602882396,"SSP3-7.0 (Regional Rivalry)","ML-Enhanced"
2049-10-01,2049,10,"tavg",26.5701512320556,"SSP3-7.0 (Regional Rivalry)","ML-Enhanced"
2049-11-01,2049,11,"tavg",23.6540804073132,"SSP3-7.0 (Regional Rivalry)","ML-Enhanced"
2049-12-01,2049,12,"tavg",24.4148605245363,"SSP3-7.0 (Regional Rivalry)","ML-Enhanced"
2050-01-01,2050,1,"tavg",24.0251607034069,"SSP3-7.0 (Regional Rivalry)","ML-Enhanced"
2050-02-01,2050,2,"tavg",24.7379929925808,"SSP3-7.0 (Regional Rivalry)","ML-Enhanced"
2050-03-01,2050,3,"tavg",26.0378043589322,"SSP3-7.0 (Regional Rivalry)","ML-Enhanced"
2050-04-01,2050,4,"tavg",28.0648576700449,"SSP3-7.0 (Regional Rivalry)","ML-Enhanced"
2050-05-01,2050,5,"tavg",29.1239386673512,"SSP3-7.0 (Regional Rivalry)","ML-Enhanced"
2050-06-01,2050,6,"tavg",29.4358237357912,"SSP3-7.0 (Regional Rivalry)","ML-Enhanced"
2050-07-01,2050,7,"tavg",27.8454460712808,"SSP3-7.0 (Regional Rivalry)","ML-Enhanced"
2050-08-01,2050,8,"tavg",27.6215662679723,"SSP3-7.0 (Regional Rivalry)","ML-Enhanced"
2050-09-01,2050,9,"tavg",27.1653241854473,"SSP3-7.0 (Regional Rivalry)","ML-Enhanced"
2050-10-01,2050,10,"tavg",24.9676640737199,"SSP3-7.0 (Regional Rivalry)","ML-Enhanced"
2050-11-01,2050,11,"tavg",24.4384656765641,"SSP3-7.0 (Regional Rivalry)","ML-Enhanced"
2050-12-01,2050,12,"tavg",24.5457031356005,"SSP3-7.0 (Regional Rivalry)","ML-Enhanced"
2051-01-01,2051,1,"tavg",23.8985496364205,"SSP3-7.0 (Regional Rivalry)","ML-Enhanced"
2051-02-01,2051,2,"tavg",24.966026540983,"SSP3-7.0 (Regional Rivalry)","ML-Enhanced"
2051-03-01,2051,3,"tavg",26.9064606615778,"SSP3-7.0 (Regional Rivalry)","ML-Enhanced"
2051-04-01,2051,4,"tavg",28.0255626197778,"SSP3-7.0 (Regional Rivalry)","ML-Enhanced"
2051-05-01,2051,5,"tavg",28.493616686052,"SSP3-7.0 (Regional Rivalry)","ML-Enhanced"
2051-06-01,2051,6,"tavg",29.5016215668259,"SSP3-7.0 (Regional Rivalry)","ML-Enhanced"
2051-07-01,2051,7,"tavg",29.9158830380337,"SSP3-7.0 (Regional Rivalry)","ML-Enhanced"
2051-08-01,2051,8,"tavg",28.5730246980972,"SSP3-7.0 (Regional Rivalry)","ML-Enhanced"
2051-09-01,2051,9,"tavg",26.4903791592643,"SSP3-7.0 (Regional Rivalry)","ML-Enhanced"
2051-10-01,2051,10,"tavg",24.7268277461817,"SSP3-7.0 (Regional Rivalry)","ML-Enhanced"
2051-11-01,2051,11,"tavg",24.2797101020046,"SSP3-7.0 (Regional Rivalry)","ML-Enhanced"
2051-12-01,2051,12,"tavg",23.7919532061581,"SSP3-7.0 (Regional Rivalry)","ML-Enhanced"
2052-01-01,2052,1,"tavg",23.4418739924116,"SSP3-7.0 (Regional Rivalry)","ML-Enhanced"
2052-02-01,2052,2,"tavg",25.4794368764944,"SSP3-7.0 (Regional Rivalry)","ML-Enhanced"
2052-03-01,2052,3,"tavg",26.9621051075346,"SSP3-7.0 (Regional Rivalry)","ML-Enhanced"
2052-04-01,2052,4,"tavg",28.2824857654727,"SSP3-7.0 (Regional Rivalry)","ML-Enhanced"
2052-05-01,2052,5,"tavg",29.3930450929969,"SSP3-7.0 (Regional Rivalry)","ML-Enhanced"
2052-06-01,2052,6,"tavg",29.7563228426313,"SSP3-7.0 (Regional Rivalry)","ML-Enhanced"
2052-07-01,2052,7,"tavg",29.4434535510022,"SSP3-7.0 (Regional Rivalry)","ML-Enhanced"
2052-08-01,2052,8,"tavg",28.0094288243304,"SSP3-7.0 (Regional Rivalry)","ML-Enhanced"
2052-09-01,2052,9,"tavg",25.8970226906599,"SSP3-7.0 (Regional Rivalry)","ML-Enhanced"
2052-10-01,2052,10,"tavg",25.4871913286431,"SSP3-7.0 (Regional Rivalry)","ML-Enhanced"
2052-11-01,2052,11,"tavg",23.3506037240201,"SSP3-7.0 (Regional Rivalry)","ML-Enhanced"
2052-12-01,2052,12,"tavg",23.6017924861275,"SSP3-7.0 (Regional Rivalry)","ML-Enhanced"
2053-01-01,2053,1,"tavg",23.9901679152673,"SSP3-7.0 (Regional Rivalry)","ML-Enhanced"
2053-02-01,2053,2,"tavg",24.9793427362728,"SSP3-7.0 (Regional Rivalry)","ML-Enhanced"
2053-03-01,2053,3,"tavg",27.0057929481525,"SSP3-7.0 (Regional Rivalry)","ML-Enhanced"
2053-04-01,2053,4,"tavg",28.8070625474977,"SSP3-7.0 (Regional Rivalry)","ML-Enhanced"
2053-05-01,2053,5,"tavg",29.7940916291226,"SSP3-7.0 (Regional Rivalry)","ML-Enhanced"
2053-06-01,2053,6,"tavg",29.2822064716783,"SSP3-7.0 (Regional Rivalry)","ML-Enhanced"
2053-07-01,2053,7,"tavg",29.449658142517,"SSP3-7.0 (Regional Rivalry)","ML-Enhanced"
2053-08-01,2053,8,"tavg",27.3634329388045,"SSP3-7.0 (Regional Rivalry)","ML-Enhanced"
2053-09-01,2053,9,"tavg",27.4101634704019,"SSP3-7.0 (Regional Rivalry)","ML-Enhanced"
2053-10-01,2053,10,"tavg",25.4325910312962,"SSP3-7.0 (Regional Rivalry)","ML-Enhanced"
2053-11-01,2053,11,"tavg",23.6627364173412,"SSP3-7.0 (Regional Rivalry)","ML-Enhanced"
2053-12-01,2053,12,"tavg",24.0388461351917,"SSP3-7.0 (Regional Rivalry)","ML-Enhanced"
2024-01-01,2024,1,"prec",17.6957886103368,"SSP3-7.0 (Regional Rivalry)","Statistical"
2024-02-01,2024,2,"prec",32.2365613787258,"SSP3-7.0 (Regional Rivalry)","Statistical"
2024-03-01,2024,3,"prec",36.0111907216152,"SSP3-7.0 (Regional Rivalry)","Statistical"
2024-04-01,2024,4,"prec",93.1367905227469,"SSP3-7.0 (Regional Rivalry)","Statistical"
2024-05-01,2024,5,"prec",163.288064688245,"SSP3-7.0 (Regional Rivalry)","Statistical"
2024-06-01,2024,6,"prec",484.784817482529,"SSP3-7.0 (Regional Rivalry)","Statistical"
2024-07-01,2024,7,"prec",413.167618216236,"SSP3-7.0 (Regional Rivalry)","Statistical"
2024-08-01,2024,8,"prec",471.90502037934,"SSP3-7.0 (Regional Rivalry)","Statistical"
2024-09-01,2024,9,"prec",159.566063993561,"SSP3-7.0 (Regional Rivalry)","Statistical"
2024-10-01,2024,10,"prec",113.221083318243,"SSP3-7.0 (Regional Rivalry)","Statistical"
2024-11-01,2024,11,"prec",48.034922827953,"SSP3-7.0 (Regional Rivalry)","Statistical"
2024-12-01,2024,12,"prec",24.8658367354213,"SSP3-7.0 (Regional Rivalry)","Statistical"
2025-01-01,2025,1,"prec",19.006037566485,"SSP3-7.0 (Regional Rivalry)","Statistical"
2025-02-01,2025,2,"prec",38.8296968696181,"SSP3-7.0 (Regional Rivalry)","Statistical"
2025-03-01,2025,3,"prec",49.4630756455349,"SSP3-7.0 (Regional Rivalry)","Statistical"
2025-04-01,2025,4,"prec",43.0530891308246,"SSP3-7.0 (Regional Rivalry)","Statistical"
2025-05-01,2025,5,"prec",143.236497057182,"SSP3-7.0 (Regional Rivalry)","Statistical"
2025-06-01,2025,6,"prec",308.44197431391,"SSP3-7.0 (Regional Rivalry)","Statistical"
2025-07-01,2025,7,"prec",530.278025717115,"SSP3-7.0 (Regional Rivalry)","Statistical"
2025-08-01,2025,8,"prec",310.741185687727,"SSP3-7.0 (Regional Rivalry)","Statistical"
2025-09-01,2025,9,"prec",318.542108094715,"SSP3-7.0 (Regional Rivalry)","Statistical"
2025-10-01,2025,10,"prec",104.840702150659,"SSP3-7.0 (Regional Rivalry)","Statistical"
2025-11-01,2025,11,"prec",37.2365376303147,"SSP3-7.0 (Regional Rivalry)","Statistical"
2025-12-01,2025,12,"prec",32.8248170539384,"SSP3-7.0 (Regional Rivalry)","Statistical"
2026-01-01,2026,1,"prec",24.9126975595186,"SSP3-7.0 (Regional Rivalry)","Statistical"
2026-02-01,2026,2,"prec",35.973899707842,"SSP3-7.0 (Regional Rivalry)","Statistical"
2026-03-01,2026,3,"prec",27.8503398227817,"SSP3-7.0 (Regional Rivalry)","Statistical"
2026-04-01,2026,4,"prec",62.1919368552794,"SSP3-7.0 (Regional Rivalry)","Statistical"
2026-05-01,2026,5,"prec",117.523069992782,"SSP3-7.0 (Regional Rivalry)","Statistical"
2026-06-01,2026,6,"prec",360.994792172054,"SSP3-7.0 (Regional Rivalry)","Statistical"
2026-07-01,2026,7,"prec",489.8439536679,"SSP3-7.0 (Regional Rivalry)","Statistical"
2026-08-01,2026,8,"prec",426.853172136281,"SSP3-7.0 (Regional Rivalry)","Statistical"
2026-09-01,2026,9,"prec",338.704548403679,"SSP3-7.0 (Regional Rivalry)","Statistical"
2026-10-01,2026,10,"prec",117.782809446429,"SSP3-7.0 (Regional Rivalry)","Statistical"
2026-11-01,2026,11,"prec",54.5102344431595,"SSP3-7.0 (Regional Rivalry)","Statistical"
2026-12-01,2026,12,"prec",21.0912991584991,"SSP3-7.0 (Regional Rivalry)","Statistical"
2027-01-01,2027,1,"prec",19.1009184360403,"SSP3-7.0 (Regional Rivalry)","Statistical"
2027-02-01,2027,2,"prec",23.7547569539554,"SSP3-7.0 (Regional Rivalry)","Statistical"
2027-03-01,2027,3,"prec",55.3934257977463,"SSP3-7.0 (Regional Rivalry)","Statistical"
2027-04-01,2027,4,"prec",81.9854305782073,"SSP3-7.0 (Regional Rivalry)","Statistical"
2027-05-01,2027,5,"prec",182.811525345916,"SSP3-7.0 (Regional Rivalry)","Statistical"
2027-06-01,2027,6,"prec",289.80261247194,"SSP3-7.0 (Regional Rivalry)","Statistical"
2027-07-01,2027,7,"prec",369.797079146428,"SSP3-7.0 (Regional Rivalry)","Statistical"
2027-08-01,2027,8,"prec",481.147877575402,"SSP3-7.0 (Regional Rivalry)","Statistical"
2027-09-01,2027,9,"prec",333.928112101183,"SSP3-7.0 (Regional Rivalry)","Statistical"
2027-10-01,2027,10,"prec",100.507201650978,"SSP3-7.0 (Regional Rivalry)","Statistical"
2027-11-01,2027,11,"prec",51.0851038500802,"SSP3-7.0 (Regional Rivalry)","Statistical"
2027-12-01,2027,12,"prec",25.325860137055,"SSP3-7.0 (Regional Rivalry)","Statistical"
2028-01-01,2028,1,"prec",15.5889141149075,"SSP3-7.0 (Regional Rivalry)","Statistical"
2028-02-01,2028,2,"prec",16.991318531341,"SSP3-7.0 (Regional Rivalry)","Statistical"
2028-03-01,2028,3,"prec",42.7696418405098,"SSP3-7.0 (Regional Rivalry)","Statistical"
2028-04-01,2028,4,"prec",98.8775785849246,"SSP3-7.0 (Regional Rivalry)","Statistical"
2028-05-01,2028,5,"prec",134.096851468371,"SSP3-7.0 (Regional Rivalry)","Statistical"
2028-06-01,2028,6,"prec",209.521307283318,"SSP3-7.0 (Regional Rivalry)","Statistical"
2028-07-01,2028,7,"prec",534.047793476637,"SSP3-7.0 (Regional Rivalry)","Statistical"
2028-08-01,2028,8,"prec",349.669105122626,"SSP3-7.0 (Regional Rivalry)","Statistical"
2028-09-01,2028,9,"prec",171.099299809073,"SSP3-7.0 (Regional Rivalry)","Statistical"
2028-10-01,2028,10,"prec",121.755170167535,"SSP3-7.0 (Regional Rivalry)","Statistical"
2028-11-01,2028,11,"prec",49.0029954485036,"SSP3-7.0 (Regional Rivalry)","Statistical"
2028-12-01,2028,12,"prec",30.4999373651765,"SSP3-7.0 (Regional Rivalry)","Statistical"
2029-01-01,2029,1,"prec",23.0579012724579,"SSP3-7.0 (Regional Rivalry)","Statistical"
2029-02-01,2029,2,"prec",20.843454667867,"SSP3-7.0 (Regional Rivalry)","Statistical"
2029-03-01,2029,3,"prec",48.0433864255767,"SSP3-7.0 (Regional Rivalry)","Statistical"
2029-04-01,2029,4,"prec",98.398150671141,"SSP3-7.0 (Regional Rivalry)","Statistical"
2029-05-01,2029,5,"prec",131.315122720296,"SSP3-7.0 (Regional Rivalry)","Statistical"
2029-06-01,2029,6,"prec",354.472240833748,"SSP3-7.0 (Regional Rivalry)","Statistical"
2029-07-01,2029,7,"prec",508.899381585228,"SSP3-7.0 (Regional Rivalry)","Statistical"
2029-08-01,2029,8,"prec",411.971416824904,"SSP3-7.0 (Regional Rivalry)","Statistical"
2029-09-01,2029,9,"prec",210.37941038893,"SSP3-7.0 (Regional Rivalry)","Statistical"
2029-10-01,2029,10,"prec",128.999004900396,"SSP3-7.0 (Regional Rivalry)","Statistical"
2029-11-01,2029,11,"prec",32.7985565624798,"SSP3-7.0 (Regional Rivalry)","Statistical"
2029-12-01,2029,12,"prec",34.1177242228053,"SSP3-7.0 (Regional Rivalry)","Statistical"
2030-01-01,2030,1,"prec",22.0854465786456,"SSP3-7.0 (Regional Rivalry)","Statistical"
2030-02-01,2030,2,"prec",32.2107809902585,"SSP3-7.0 (Regional Rivalry)","Statistical"
2030-03-01,2030,3,"prec",44.9446615878884,"SSP3-7.0 (Regional Rivalry)","Statistical"
2030-04-01,2030,4,"prec",92.8548598979023,"SSP3-7.0 (Regional Rivalry)","Statistical"
2030-05-01,2030,5,"prec",175.633215028859,"SSP3-7.0 (Regional Rivalry)","Statistical"
2030-06-01,2030,6,"prec",408.710848126855,"SSP3-7.0 (Regional Rivalry)","Statistical"
2030-07-01,2030,7,"prec",364.934468186626,"SSP3-7.0 (Regional Rivalry)","Statistical"
2030-08-01,2030,8,"prec",509.24607242347,"SSP3-7.0 (Regional Rivalry)","Statistical"
2030-09-01,2030,9,"prec",205.539211950286,"SSP3-7.0 (Regional Rivalry)","Statistical"
2030-10-01,2030,10,"prec",114.154436662771,"SSP3-7.0 (Regional Rivalry)","Statistical"
2030-11-01,2030,11,"prec",32.1765667409532,"SSP3-7.0 (Regional Rivalry)","Statistical"
2030-12-01,2030,12,"prec",21.7292162379624,"SSP3-7.0 (Regional Rivalry)","Statistical"
2031-01-01,2031,1,"prec",21.884318986054,"SSP3-7.0 (Regional Rivalry)","Statistical"
2031-02-01,2031,2,"prec",25.3747788400778,"SSP3-7.0 (Regional Rivalry)","Statistical"
2031-03-01,2031,3,"prec",37.1903457106798,"SSP3-7.0 (Regional Rivalry)","Statistical"
2031-04-01,2031,4,"prec",81.0182992013632,"SSP3-7.0 (Regional Rivalry)","Statistical"
2031-05-01,2031,5,"prec",122.698790414383,"SSP3-7.0 (Regional Rivalry)","Statistical"
2031-06-01,2031,6,"prec",324.796507380722,"SSP3-7.0 (Regional Rivalry)","Statistical"
2031-07-01,2031,7,"prec",616.846484004349,"SSP3-7.0 (Regional Rivalry)","Statistical"
2031-08-01,2031,8,"prec",277.090361523687,"SSP3-7.0 (Regional Rivalry)","Statistical"
2031-09-01,2031,9,"prec",274.035279901011,"SSP3-7.0 (Regional Rivalry)","Statistical"
2031-10-01,2031,10,"prec",147.161661193549,"SSP3-7.0 (Regional Rivalry)","Statistical"
2031-11-01,2031,11,"prec",33.2601127218411,"SSP3-7.0 (Regional Rivalry)","Statistical"
2031-12-01,2031,12,"prec",29.9340452718441,"SSP3-7.0 (Regional Rivalry)","Statistical"
2032-01-01,2032,1,"prec",19.6682901108422,"SSP3-7.0 (Regional Rivalry)","Statistical"
2032-02-01,2032,2,"prec",28.8156118425149,"SSP3-7.0 (Regional Rivalry)","Statistical"
2032-03-01,2032,3,"prec",42.5092831163084,"SSP3-7.0 (Regional Rivalry)","Statistical"
2032-04-01,2032,4,"prec",114.376237969966,"SSP3-7.0 (Regional Rivalry)","Statistical"
2032-05-01,2032,5,"prec",127.98402274222,"SSP3-7.0 (Regional Rivalry)","Statistical"
2032-06-01,2032,6,"prec",415.518794891613,"SSP3-7.0 (Regional Rivalry)","Statistical"
2032-07-01,2032,7,"prec",419.715834497563,"SSP3-7.0 (Regional Rivalry)","Statistical"
2032-08-01,2032,8,"prec",550.58799050093,"SSP3-7.0 (Regional Rivalry)","Statistical"
2032-09-01,2032,9,"prec",324.880460174065,"SSP3-7.0 (Regional Rivalry)","Statistical"
2032-10-01,2032,10,"prec",64.9911935066175,"SSP3-7.0 (Regional Rivalry)","Statistical"
2032-11-01,2032,11,"prec",51.3853468448311,"SSP3-7.0 (Regional Rivalry)","Statistical"
2032-12-01,2032,12,"prec",34.6327887404142,"SSP3-7.0 (Regional Rivalry)","Statistical"
2033-01-01,2033,1,"prec",24.6684932164453,"SSP3-7.0 (Regional Rivalry)","Statistical"
2033-02-01,2033,2,"prec",47.3478204327458,"SSP3-7.0 (Regional Rivalry)","Statistical"
2033-03-01,2033,3,"prec",38.4422550485674,"SSP3-7.0 (Regional Rivalry)","Statistical"
2033-04-01,2033,4,"prec",74.507434579928,"SSP3-7.0 (Regional Rivalry)","Statistical"
2033-05-01,2033,5,"prec",156.541491314797,"SSP3-7.0 (Regional Rivalry)","Statistical"
2033-06-01,2033,6,"prec",396.093497809091,"SSP3-7.0 (Regional Rivalry)","Statistical"
2033-07-01,2033,7,"prec",372.745068450916,"SSP3-7.0 (Regional Rivalry)","Statistical"
2033-08-01,2033,8,"prec",317.540687398863,"SSP3-7.0 (Regional Rivalry)","Statistical"
2033-09-01,2033,9,"prec",253.927920239741,"SSP3-7.0 (Regional Rivalry)","Statistical"
2033-10-01,2033,10,"prec",94.7579534668978,"SSP3-7.0 (Regional Rivalry)","Statistical"
2033-11-01,2033,11,"prec",40.5437059332872,"SSP3-7.0 (Regional Rivalry)","Statistical"
2033-12-01,2033,12,"prec",27.0667240275638,"SSP3-7.0 (Regional Rivalry)","Statistical"
2034-01-01,2034,1,"prec",26.0125919354477,"SSP3-7.0 (Regional Rivalry)","Statistical"
2034-02-01,2034,2,"prec",35.809442685977,"SSP3-7.0 (Regional Rivalry)","Statistical"
2034-03-01,2034,3,"prec",37.6308451298748,"SSP3-7.0 (Regional Rivalry)","Statistical"
2034-04-01,2034,4,"prec",82.1351004782321,"SSP3-7.0 (Regional Rivalry)","Statistical"
2034-05-01,2034,5,"prec",161.460226420476,"SSP3-7.0 (Regional Rivalry)","Statistical"
2034-06-01,2034,6,"prec",321.595579967543,"SSP3-7.0 (Regional Rivalry)","Statistical"
2034-07-01,2034,7,"prec",659.718808403296,"SSP3-7.0 (Regional Rivalry)","Statistical"
2034-08-01,2034,8,"prec",400.885470132202,"SSP3-7.0 (Regional Rivalry)","Statistical"
2034-09-01,2034,9,"prec",182.546244094117,"SSP3-7.0 (Regional Rivalry)","Statistical"
2034-10-01,2034,10,"prec",118.90518829108,"SSP3-7.0 (Regional Rivalry)","Statistical"
2034-11-01,2034,11,"prec",37.7786149077999,"SSP3-7.0 (Regional Rivalry)","Statistical"
2034-12-01,2034,12,"prec",22.8703615490829,"SSP3-7.0 (Regional Rivalry)","Statistical"
2035-01-01,2035,1,"prec",29.0736050153653,"SSP3-7.0 (Regional Rivalry)","Statistical"
2035-02-01,2035,2,"prec",46.2439227028319,"SSP3-7.0 (Regional Rivalry)","Statistical"
2035-03-01,2035,3,"prec",47.3921881684326,"SSP3-7.0 (Regional Rivalry)","Statistical"
2035-04-01,2035,4,"prec",86.5911582393091,"SSP3-7.0 (Regional Rivalry)","Statistical"
2035-05-01,2035,5,"prec",139.466053382632,"SSP3-7.0 (Regional Rivalry)","Statistical"
2035-06-01,2035,6,"prec",412.01215474918,"SSP3-7.0 (Regional Rivalry)","Statistical"
2035-07-01,2035,7,"prec",599.26114226193,"SSP3-7.0 (Regional Rivalry)","Statistical"
2035-08-01,2035,8,"prec",334.99987675608,"SSP3-7.0 (Regional Rivalry)","Statistical"
2035-09-01,2035,9,"prec",316.4610642628,"SSP3-7.0 (Regional Rivalry)","Statistical"
2035-10-01,2035,10,"prec",144.230928659352,"SSP3-7.0 (Regional Rivalry)","Statistical"
2035-11-01,2035,11,"prec",44.7589884542854,"SSP3-7.0 (Regional Rivalry)","Statistical"
2035-12-01,2035,12,"prec",36.0652812226271,"SSP3-7.0 (Regional Rivalry)","Statistical"
2036-01-01,2036,1,"prec",19.8416011861795,"SSP3-7.0 (Regional Rivalry)","Statistical"
2036-02-01,2036,2,"prec",32.1956814220895,"SSP3-7.0 (Regional Rivalry)","Statistical"
2036-03-01,2036,3,"prec",42.4156574886083,"SSP3-7.0 (Regional Rivalry)","Statistical"
2036-04-01,2036,4,"prec",92.7425212604126,"SSP3-7.0 (Regional Rivalry)","Statistical"
2036-05-01,2036,5,"prec",155.511730962293,"SSP3-7.0 (Regional Rivalry)","Statistical"
2036-06-01,2036,6,"prec",522.05186151118,"SSP3-7.0 (Regional Rivalry)","Statistical"
2036-07-01,2036,7,"prec",332.379661486919,"SSP3-7.0 (Regional Rivalry)","Statistical"
2036-08-01,2036,8,"prec",460.147320643557,"SSP3-7.0 (Regional Rivalry)","Statistical"
2036-09-01,2036,9,"prec",294.83370759584,"SSP3-7.0 (Regional Rivalry)","Statistical"
2036-10-01,2036,10,"prec",119.188891127841,"SSP3-7.0 (Regional Rivalry)","Statistical"
2036-11-01,2036,11,"prec",25.4884237356362,"SSP3-7.0 (Regional Rivalry)","Statistical"
2036-12-01,2036,12,"prec",28.7616866269295,"SSP3-7.0 (Regional Rivalry)","Statistical"
2037-01-01,2037,1,"prec",23.3733133426667,"SSP3-7.0 (Regional Rivalry)","Statistical"
2037-02-01,2037,2,"prec",45.3563441741231,"SSP3-7.0 (Regional Rivalry)","Statistical"
2037-03-01,2037,3,"prec",44.1604543452057,"SSP3-7.0 (Regional Rivalry)","Statistical"
2037-04-01,2037,4,"prec",86.593624432708,"SSP3-7.0 (Regional Rivalry)","Statistical"
2037-05-01,2037,5,"prec",175.685807790887,"SSP3-7.0 (Regional Rivalry)","Statistical"
2037-06-01,2037,6,"prec",425.440395945998,"SSP3-7.0 (Regional Rivalry)","Statistical"
2037-07-01,2037,7,"prec",296.554782867724,"SSP3-7.0 (Regional Rivalry)","Statistical"
2037-08-01,2037,8,"prec",567.035923610096,"SSP3-7.0 (Regional Rivalry)","Statistical"
2037-09-01,2037,9,"prec",311.792592954257,"SSP3-7.0 (Regional Rivalry)","Statistical"
2037-10-01,2037,10,"prec",78.951713063198,"SSP3-7.0 (Regional Rivalry)","Statistical"
2037-11-01,2037,11,"prec",39.9828117812696,"SSP3-7.0 (Regional Rivalry)","Statistical"
2037-12-01,2037,12,"prec",28.0794734975542,"SSP3-7.0 (Regional Rivalry)","Statistical"
2038-01-01,2038,1,"prec",26.0335890998512,"SSP3-7.0 (Regional Rivalry)","Statistical"
2038-02-01,2038,2,"prec",30.9083257579594,"SSP3-7.0 (Regional Rivalry)","Statistical"
2038-03-01,2038,3,"prec",31.6962382423917,"SSP3-7.0 (Regional Rivalry)","Statistical"
2038-04-01,2038,4,"prec",87.0022961109901,"SSP3-7.0 (Regional Rivalry)","Statistical"
2038-05-01,2038,5,"prec",158.100108533842,"SSP3-7.0 (Regional Rivalry)","Statistical"
2038-06-01,2038,6,"prec",380.364053874958,"SSP3-7.0 (Regional Rivalry)","Statistical"
2038-07-01,2038,7,"prec",377.495810900892,"SSP3-7.0 (Regional Rivalry)","Statistical"
2038-08-01,2038,8,"prec",512.945298310341,"SSP3-7.0 (Regional Rivalry)","Statistical"
2038-09-01,2038,9,"prec",276.678306857848,"SSP3-7.0 (Regional Rivalry)","Statistical"
2038-10-01,2038,10,"prec",135.079049305063,"SSP3-7.0 (Regional Rivalry)","Statistical"
2038-11-01,2038,11,"prec",49.1817932768325,"SSP3-7.0 (Regional Rivalry)","Statistical"
2038-12-01,2038,12,"prec",20.1804316922567,"SSP3-7.0 (Regional Rivalry)","Statistical"
2039-01-01,2039,1,"prec",21.4953422547587,"SSP3-7.0 (Regional Rivalry)","Statistical"
2039-02-01,2039,2,"prec",35.8580818935638,"SSP3-7.0 (Regional Rivalry)","Statistical"
2039-03-01,2039,3,"prec",66.6265178436923,"SSP3-7.0 (Regional Rivalry)","Statistical"
2039-04-01,2039,4,"prec",87.1379968375602,"SSP3-7.0 (Regional Rivalry)","Statistical"
2039-05-01,2039,5,"prec",197.213119763696,"SSP3-7.0 (Regional Rivalry)","Statistical"
2039-06-01,2039,6,"prec",362.541359915711,"SSP3-7.0 (Regional Rivalry)","Statistical"
2039-07-01,2039,7,"prec",542.73451641927,"SSP3-7.0 (Regional Rivalry)","Statistical"
2039-08-01,2039,8,"prec",328.179457061728,"SSP3-7.0 (Regional Rivalry)","Statistical"
2039-09-01,2039,9,"prec",286.754280818443,"SSP3-7.0 (Regional Rivalry)","Statistical"
2039-10-01,2039,10,"prec",120.126459873469,"SSP3-7.0 (Regional Rivalry)","Statistical"
2039-11-01,2039,11,"prec",33.80696872134,"SSP3-7.0 (Regional Rivalry)","Statistical"
2039-12-01,2039,12,"prec",39.1217368862816,"SSP3-7.0 (Regional Rivalry)","Statistical"
2040-01-01,2040,1,"prec",29.9057910333745,"SSP3-7.0 (Regional Rivalry)","Statistical"
2040-02-01,2040,2,"prec",32.7220950654757,"SSP3-7.0 (Regional Rivalry)","Statistical"
2040-03-01,2040,3,"prec",35.7943848344288,"SSP3-7.0 (Regional Rivalry)","Statistical"
2040-04-01,2040,4,"prec",84.1313269282491,"SSP3-7.0 (Regional Rivalry)","Statistical"
2040-05-01,2040,5,"prec",159.053605305006,"SSP3-7.0 (Regional Rivalry)","Statistical"
2040-06-01,2040,6,"prec",212.892733899306,"SSP3-7.0 (Regional Rivalry)","Statistical"
2040-07-01,2040,7,"prec",564.546181816605,"SSP3-7.0 (Regional Rivalry)","Statistical"
2040-08-01,2040,8,"prec",394.83405470617,"SSP3-7.0 (Regional Rivalry)","Statistical"
2040-09-01,2040,9,"prec",286.222738876159,"SSP3-7.0 (Regional Rivalry)","Statistical"
2040-10-01,2040,10,"prec",127.500531910582,"SSP3-7.0 (Regional Rivalry)","Statistical"
2040-11-01,2040,11,"prec",39.5308775891197,"SSP3-7.0 (Regional Rivalry)","Statistical"
2040-12-01,2040,12,"prec",36.3493916819079,"SSP3-7.0 (Regional Rivalry)","Statistical"
2041-01-01,2041,1,"prec",33.0950625898981,"SSP3-7.0 (Regional Rivalry)","Statistical"
2041-02-01,2041,2,"prec",25.968855883264,"SSP3-7.0 (Regional Rivalry)","Statistical"
2041-03-01,2041,3,"prec",48.1958418027007,"SSP3-7.0 (Regional Rivalry)","Statistical"
2041-04-01,2041,4,"prec",101.24986335954,"SSP3-7.0 (Regional Rivalry)","Statistical"
2041-05-01,2041,5,"prec",166.641436796976,"SSP3-7.0 (Regional Rivalry)","Statistical"
2041-06-01,2041,6,"prec",311.960059459029,"SSP3-7.0 (Regional Rivalry)","Statistical"
2041-07-01,2041,7,"prec",549.50477851292,"SSP3-7.0 (Regional Rivalry)","Statistical"
2041-08-01,2041,8,"prec",431.614585761288,"SSP3-7.0 (Regional Rivalry)","Statistical"
2041-09-01,2041,9,"prec",263.654670880756,"SSP3-7.0 (Regional Rivalry)","Statistical"
2041-10-01,2041,10,"prec",115.58314284799,"SSP3-7.0 (Regional Rivalry)","Statistical"
2041-11-01,2041,11,"prec",49.7668453214436,"SSP3-7.0 (Regional Rivalry)","Statistical"
2041-12-01,2041,12,"prec",30.13379704384,"SSP3-7.0 (Regional Rivalry)","Statistical"
2042-01-01,2042,1,"prec",26.6039240802141,"SSP3-7.0 (Regional Rivalry)","Statistical"
2042-02-01,2042,2,"prec",33.8053522965676,"SSP3-7.0 (Regional Rivalry)","Statistical"
2042-03-01,2042,3,"prec",55.9575081504386,"SSP3-7.0 (Regional Rivalry)","Statistical"
2042-04-01,2042,4,"prec",77.3613729670174,"SSP3-7.0 (Regional Rivalry)","Statistical"
2042-05-01,2042,5,"prec",190.790198617555,"SSP3-7.0 (Regional Rivalry)","Statistical"
2042-06-01,2042,6,"prec",484.537547521279,"SSP3-7.0 (Regional Rivalry)","Statistical"
2042-07-01,2042,7,"prec",474.621266372595,"SSP3-7.0 (Regional Rivalry)","Statistical"
2042-08-01,2042,8,"prec",408.254008006167,"SSP3-7.0 (Regional Rivalry)","Statistical"
2042-09-01,2042,9,"prec",309.931183576024,"SSP3-7.0 (Regional Rivalry)","Statistical"
2042-10-01,2042,10,"prec",97.4315972732408,"SSP3-7.0 (Regional Rivalry)","Statistical"
2042-11-01,2042,11,"prec",28.5099544863913,"SSP3-7.0 (Regional Rivalry)","Statistical"
2042-12-01,2042,12,"prec",34.7117326143498,"SSP3-7.0 (Regional Rivalry)","Statistical"
2043-01-01,2043,1,"prec",27.2894936731227,"SSP3-7.0 (Regional Rivalry)","Statistical"
2043-02-01,2043,2,"prec",38.0990169896198,"SSP3-7.0 (Regional Rivalry)","Statistical"
2043-03-01,2043,3,"prec",38.1547432065093,"SSP3-7.0 (Regional Rivalry)","Statistical"
2043-04-01,2043,4,"prec",111.622228496583,"SSP3-7.0 (Regional Rivalry)","Statistical"
2043-05-01,2043,5,"prec",197.591191887425,"SSP3-7.0 (Regional Rivalry)","Statistical"
2043-06-01,2043,6,"prec",500.623515912261,"SSP3-7.0 (Regional Rivalry)","Statistical"
2043-07-01,2043,7,"prec",523.659115240157,"SSP3-7.0 (Regional Rivalry)","Statistical"
2043-08-01,2043,8,"prec",617.46511073643,"SSP3-7.0 (Regional Rivalry)","Statistical"
2043-09-01,2043,9,"prec",242.789648826722,"SSP3-7.0 (Regional Rivalry)","Statistical"
2043-10-01,2043,10,"prec",88.4609965022275,"SSP3-7.0 (Regional Rivalry)","Statistical"
2043-11-01,2043,11,"prec",43.7036143540007,"SSP3-7.0 (Regional Rivalry)","Statistical"
2043-12-01,2043,12,"prec",28.6681353458245,"SSP3-7.0 (Regional Rivalry)","Statistical"
2044-01-01,2044,1,"prec",22.3021316755448,"SSP3-7.0 (Regional Rivalry)","Statistical"
2044-02-01,2044,2,"prec",29.6266849638527,"SSP3-7.0 (Regional Rivalry)","Statistical"
2044-03-01,2044,3,"prec",43.3202938022906,"SSP3-7.0 (Regional Rivalry)","Statistical"
2044-04-01,2044,4,"prec",124.663029210718,"SSP3-7.0 (Regional Rivalry)","Statistical"
2044-05-01,2044,5,"prec",183.03892259458,"SSP3-7.0 (Regional Rivalry)","Statistical"
2044-06-01,2044,6,"prec",407.932797603504,"SSP3-7.0 (Regional Rivalry)","Statistical"
2044-07-01,2044,7,"prec",580.681014491135,"SSP3-7.0 (Regional Rivalry)","Statistical"
2044-08-01,2044,8,"prec",358.949815104645,"SSP3-7.0 (Regional Rivalry)","Statistical"
2044-09-01,2044,9,"prec",257.728604380616,"SSP3-7.0 (Regional Rivalry)","Statistical"
2044-10-01,2044,10,"prec",129.447222686388,"SSP3-7.0 (Regional Rivalry)","Statistical"
2044-11-01,2044,11,"prec",41.0129959210308,"SSP3-7.0 (Regional Rivalry)","Statistical"
2044-12-01,2044,12,"prec",30.8945660224548,"SSP3-7.0 (Regional Rivalry)","Statistical"
2045-01-01,2045,1,"prec",17.0444233089757,"SSP3-7.0 (Regional Rivalry)","Statistical"
2045-02-01,2045,2,"prec",41.7813223936593,"SSP3-7.0 (Regional Rivalry)","Statistical"
2045-03-01,2045,3,"prec",36.7688366374727,"SSP3-7.0 (Regional Rivalry)","Statistical"
2045-04-01,2045,4,"prec",99.9296676057368,"SSP3-7.0 (Regional Rivalry)","Statistical"
2045-05-01,2045,5,"prec",178.467292526369,"SSP3-7.0 (Regional Rivalry)","Statistical"
2045-06-01,2045,6,"prec",503.903241760842,"SSP3-7.0 (Regional Rivalry)","Statistical"
2045-07-01,2045,7,"prec",543.003830090325,"SSP3-7.0 (Regional Rivalry)","Statistical"
2045-08-01,2045,8,"prec",332.962835982825,"SSP3-7.0 (Regional Rivalry)","Statistical"
2045-09-01,2045,9,"prec",154.936767538537,"SSP3-7.0 (Regional Rivalry)","Statistical"
2045-10-01,2045,10,"prec",122.09900118083,"SSP3-7.0 (Regional Rivalry)","Statistical"
2045-11-01,2045,11,"prec",56.1507336043568,"SSP3-7.0 (Regional Rivalry)","Statistical"
2045-12-01,2045,12,"prec",40.8616155292692,"SSP3-7.0 (Regional Rivalry)","Statistical"
2046-01-01,2046,1,"prec",13.4232737176619,"SSP3-7.0 (Regional Rivalry)","Statistical"
2046-02-01,2046,2,"prec",36.7535326602844,"SSP3-7.0 (Regional Rivalry)","Statistical"
2046-03-01,2046,3,"prec",46.5135197594064,"SSP3-7.0 (Regional Rivalry)","Statistical"
2046-04-01,2046,4,"prec",86.6644280133173,"SSP3-7.0 (Regional Rivalry)","Statistical"
2046-05-01,2046,5,"prec",114.138843945274,"SSP3-7.0 (Regional Rivalry)","Statistical"
2046-06-01,2046,6,"prec",467.221627296301,"SSP3-7.0 (Regional Rivalry)","Statistical"
2046-07-01,2046,7,"prec",417.151479192507,"SSP3-7.0 (Regional Rivalry)","Statistical"
2046-08-01,2046,8,"prec",406.199049026865,"SSP3-7.0 (Regional Rivalry)","Statistical"
2046-09-01,2046,9,"prec",285.200423832232,"SSP3-7.0 (Regional Rivalry)","Statistical"
2046-10-01,2046,10,"prec",115.912694920108,"SSP3-7.0 (Regional Rivalry)","Statistical"
2046-11-01,2046,11,"prec",43.9776740105383,"SSP3-7.0 (Regional Rivalry)","Statistical"
2046-12-01,2046,12,"prec",21.8367574109913,"SSP3-7.0 (Regional Rivalry)","Statistical"
2047-01-01,2047,1,"prec",24.7961262018316,"SSP3-7.0 (Regional Rivalry)","Statistical"
2047-02-01,2047,2,"prec",37.7026738585378,"SSP3-7.0 (Regional Rivalry)","Statistical"
2047-03-01,2047,3,"prec",37.9414180060094,"SSP3-7.0 (Regional Rivalry)","Statistical"
2047-04-01,2047,4,"prec",96.7584597486297,"SSP3-7.0 (Regional Rivalry)","Statistical"
2047-05-01,2047,5,"prec",181.186307477954,"SSP3-7.0 (Regional Rivalry)","Statistical"
2047-06-01,2047,6,"prec",339.857731014445,"SSP3-7.0 (Regional Rivalry)","Statistical"
2047-07-01,2047,7,"prec",623.937601742661,"SSP3-7.0 (Regional Rivalry)","Statistical"
2047-08-01,2047,8,"prec",306.527042224799,"SSP3-7.0 (Regional Rivalry)","Statistical"
2047-09-01,2047,9,"prec",291.199755124904,"SSP3-7.0 (Regional Rivalry)","Statistical"
2047-10-01,2047,10,"prec",154.989702382936,"SSP3-7.0 (Regional Rivalry)","Statistical"
2047-11-01,2047,11,"prec",51.1276814840064,"SSP3-7.0 (Regional Rivalry)","Statistical"
2047-12-01,2047,12,"prec",28.4389707377861,"SSP3-7.0 (Regional Rivalry)","Statistical"
2048-01-01,2048,1,"prec",28.209890515608,"SSP3-7.0 (Regional Rivalry)","Statistical"
2048-02-01,2048,2,"prec",28.6320655057212,"SSP3-7.0 (Regional Rivalry)","Statistical"
2048-03-01,2048,3,"prec",36.265484801904,"SSP3-7.0 (Regional Rivalry)","Statistical"
2048-04-01,2048,4,"prec",122.603316244278,"SSP3-7.0 (Regional Rivalry)","Statistical"
2048-05-01,2048,5,"prec",219.932567238696,"SSP3-7.0 (Regional Rivalry)","Statistical"
2048-06-01,2048,6,"prec",327.802294868746,"SSP3-7.0 (Regional Rivalry)","Statistical"
2048-07-01,2048,7,"prec",720.115504407212,"SSP3-7.0 (Regional Rivalry)","Statistical"
2048-08-01,2048,8,"prec",624.80542029013,"SSP3-7.0 (Regional Rivalry)","Statistical"
2048-09-01,2048,9,"prec",311.634582604815,"SSP3-7.0 (Regional Rivalry)","Statistical"
2048-10-01,2048,10,"prec",82.4711447122018,"SSP3-7.0 (Regional Rivalry)","Statistical"
2048-11-01,2048,11,"prec",55.5256630288599,"SSP3-7.0 (Regional Rivalry)","Statistical"
2048-12-01,2048,12,"prec",34.1935802053313,"SSP3-7.0 (Regional Rivalry)","Statistical"
2049-01-01,2049,1,"prec",24.531001530824,"SSP3-7.0 (Regional Rivalry)","Statistical"
2049-02-01,2049,2,"prec",24.1673173356916,"SSP3-7.0 (Regional Rivalry)","Statistical"
2049-03-01,2049,3,"prec",48.136622638384,"SSP3-7.0 (Regional Rivalry)","Statistical"
2049-04-01,2049,4,"prec",109.021297372247,"SSP3-7.0 (Regional Rivalry)","Statistical"
2049-05-01,2049,5,"prec",194.068442494866,"SSP3-7.0 (Regional Rivalry)","Statistical"
2049-06-01,2049,6,"prec",424.746943503908,"SSP3-7.0 (Regional Rivalry)","Statistical"
2049-07-01,2049,7,"prec",345.229251586507,"SSP3-7.0 (Regional Rivalry)","Statistical"
2049-08-01,2049,8,"prec",490.610503213108,"SSP3-7.0 (Regional Rivalry)","Statistical"
2049-09-01,2049,9,"prec",199.268143303602,"SSP3-7.0 (Regional Rivalry)","Statistical"
2049-10-01,2049,10,"prec",133.066299670016,"SSP3-7.0 (Regional Rivalry)","Statistical"
2049-11-01,2049,11,"prec",56.043968686955,"SSP3-7.0 (Regional Rivalry)","Statistical"
2049-12-01,2049,12,"prec",32.359436024473,"SSP3-7.0 (Regional Rivalry)","Statistical"
2050-01-01,2050,1,"prec",18.8274341757396,"SSP3-7.0 (Regional Rivalry)","Statistical"
2050-02-01,2050,2,"prec",37.3717095844661,"SSP3-7.0 (Regional Rivalry)","Statistical"
2050-03-01,2050,3,"prec",49.430685075804,"SSP3-7.0 (Regional Rivalry)","Statistical"
2050-04-01,2050,4,"prec",120.035728605998,"SSP3-7.0 (Regional Rivalry)","Statistical"
2050-05-01,2050,5,"prec",157.459340445136,"SSP3-7.0 (Regional Rivalry)","Statistical"
2050-06-01,2050,6,"prec",363.712386124241,"SSP3-7.0 (Regional Rivalry)","Statistical"
2050-07-01,2050,7,"prec",607.126993947245,"SSP3-7.0 (Regional Rivalry)","Statistical"
2050-08-01,2050,8,"prec",449.3737047504,"SSP3-7.0 (Regional Rivalry)","Statistical"
2050-09-01,2050,9,"prec",266.100801371756,"SSP3-7.0 (Regional Rivalry)","Statistical"
2050-10-01,2050,10,"prec",137.556797175593,"SSP3-7.0 (Regional Rivalry)","Statistical"
2050-11-01,2050,11,"prec",61.7347505111349,"SSP3-7.0 (Regional Rivalry)","Statistical"
2050-12-01,2050,12,"prec",25.330965908538,"SSP3-7.0 (Regional Rivalry)","Statistical"
2051-01-01,2051,1,"prec",28.6944952971656,"SSP3-7.0 (Regional Rivalry)","Statistical"
2051-02-01,2051,2,"prec",30.1015558346174,"SSP3-7.0 (Regional Rivalry)","Statistical"
2051-03-01,2051,3,"prec",42.7078672196549,"SSP3-7.0 (Regional Rivalry)","Statistical"
2051-04-01,2051,4,"prec",110.589221949931,"SSP3-7.0 (Regional Rivalry)","Statistical"
2051-05-01,2051,5,"prec",202.467220092627,"SSP3-7.0 (Regional Rivalry)","Statistical"
2051-06-01,2051,6,"prec",462.051628379152,"SSP3-7.0 (Regional Rivalry)","Statistical"
2051-07-01,2051,7,"prec",430.279928695697,"SSP3-7.0 (Regional Rivalry)","Statistical"
2051-08-01,2051,8,"prec",617.666164858694,"SSP3-7.0 (Regional Rivalry)","Statistical"
2051-09-01,2051,9,"prec",284.497290065209,"SSP3-7.0 (Regional Rivalry)","Statistical"
2051-10-01,2051,10,"prec",138.815387712374,"SSP3-7.0 (Regional Rivalry)","Statistical"
2051-11-01,2051,11,"prec",68.548059143879,"SSP3-7.0 (Regional Rivalry)","Statistical"
2051-12-01,2051,12,"prec",40.6947395623946,"SSP3-7.0 (Regional Rivalry)","Statistical"
2052-01-01,2052,1,"prec",21.9860045686092,"SSP3-7.0 (Regional Rivalry)","Statistical"
2052-02-01,2052,2,"prec",30.0431409199992,"SSP3-7.0 (Regional Rivalry)","Statistical"
2052-03-01,2052,3,"prec",47.6650931266425,"SSP3-7.0 (Regional Rivalry)","Statistical"
2052-04-01,2052,4,"prec",106.856931570355,"SSP3-7.0 (Regional Rivalry)","Statistical"
2052-05-01,2052,5,"prec",197.029034300863,"SSP3-7.0 (Regional Rivalry)","Statistical"
2052-06-01,2052,6,"prec",146.124468135479,"SSP3-7.0 (Regional Rivalry)","Statistical"
2052-07-01,2052,7,"prec",610.338916510822,"SSP3-7.0 (Regional Rivalry)","Statistical"
2052-08-01,2052,8,"prec",505.330860945123,"SSP3-7.0 (Regional Rivalry)","Statistical"
2052-09-01,2052,9,"prec",281.482965824927,"SSP3-7.0 (Regional Rivalry)","Statistical"
2052-10-01,2052,10,"prec",90.2410084962891,"SSP3-7.0 (Regional Rivalry)","Statistical"
2052-11-01,2052,11,"prec",48.1457087512451,"SSP3-7.0 (Regional Rivalry)","Statistical"
2052-12-01,2052,12,"prec",24.9942900240146,"SSP3-7.0 (Regional Rivalry)","Statistical"
2053-01-01,2053,1,"prec",20.2294547492788,"SSP3-7.0 (Regional Rivalry)","Statistical"
2053-02-01,2053,2,"prec",36.528706790519,"SSP3-7.0 (Regional Rivalry)","Statistical"
2053-03-01,2053,3,"prec",53.5556589080932,"SSP3-7.0 (Regional Rivalry)","Statistical"
2053-04-01,2053,4,"prec",33.1069307286891,"SSP3-7.0 (Regional Rivalry)","Statistical"
2053-05-01,2053,5,"prec",160.660358657444,"SSP3-7.0 (Regional Rivalry)","Statistical"
2053-06-01,2053,6,"prec",496.538409337085,"SSP3-7.0 (Regional Rivalry)","Statistical"
2053-07-01,2053,7,"prec",758.718265314742,"SSP3-7.0 (Regional Rivalry)","Statistical"
2053-08-01,2053,8,"prec",325.751247528765,"SSP3-7.0 (Regional Rivalry)","Statistical"
2053-09-01,2053,9,"prec",266.086776157708,"SSP3-7.0 (Regional Rivalry)","Statistical"
2053-10-01,2053,10,"prec",111.657477815697,"SSP3-7.0 (Regional Rivalry)","Statistical"
2053-11-01,2053,11,"prec",59.4007571467841,"SSP3-7.0 (Regional Rivalry)","Statistical"
2053-12-01,2053,12,"prec",37.0698621878385,"SSP3-7.0 (Regional Rivalry)","Statistical"
2024-01-01,2024,1,"prec",41.1844611339711,"SSP3-7.0 (Regional Rivalry)","ARIMA"
2024-02-01,2024,2,"prec",86.2187295013761,"SSP3-7.0 (Regional Rivalry)","ARIMA"
2024-03-01,2024,3,"prec",154.588365882952,"SSP3-7.0 (Regional Rivalry)","ARIMA"
2024-04-01,2024,4,"prec",311.224179577478,"SSP3-7.0 (Regional Rivalry)","ARIMA"
2024-05-01,2024,5,"prec",429.786499628986,"SSP3-7.0 (Regional Rivalry)","ARIMA"
2024-06-01,2024,6,"prec",416.550822370809,"SSP3-7.0 (Regional Rivalry)","ARIMA"
2024-07-01,2024,7,"prec",258.262582352584,"SSP3-7.0 (Regional Rivalry)","ARIMA"
2024-08-01,2024,8,"prec",129.329666881194,"SSP3-7.0 (Regional Rivalry)","ARIMA"
2024-09-01,2024,9,"prec",49.1550152837901,"SSP3-7.0 (Regional Rivalry)","ARIMA"
2024-10-01,2024,10,"prec",28.2489489324658,"SSP3-7.0 (Regional Rivalry)","ARIMA"
2024-11-01,2024,11,"prec",22.6338288375865,"SSP3-7.0 (Regional Rivalry)","ARIMA"
2024-12-01,2024,12,"prec",33.0137029402118,"SSP3-7.0 (Regional Rivalry)","ARIMA"
2025-01-01,2025,1,"prec",41.9474014056851,"SSP3-7.0 (Regional Rivalry)","ARIMA"
2025-02-01,2025,2,"prec",87.0976640512242,"SSP3-7.0 (Regional Rivalry)","ARIMA"
2025-03-01,2025,3,"prec",155.810869634101,"SSP3-7.0 (Regional Rivalry)","ARIMA"
2025-04-01,2025,4,"prec",313.229835267704,"SSP3-7.0 (Regional Rivalry)","ARIMA"
2025-05-01,2025,5,"prec",432.384967347126,"SSP3-7.0 (Regional Rivalry)","ARIMA"
2025-06-01,2025,6,"prec",419.137055921507,"SSP3-7.0 (Regional Rivalry)","ARIMA"
2025-07-01,2025,7,"prec",260.05737470331,"SSP3-7.0 (Regional Rivalry)","ARIMA"
2025-08-01,2025,8,"prec",130.479794654561,"SSP3-7.0 (Regional Rivalry)","ARIMA"
2025-09-01,2025,9,"prec",49.9042697991697,"SSP3-7.0 (Regional Rivalry)","ARIMA"
2025-10-01,2025,10,"prec",28.8397288904859,"SSP3-7.0 (Regional Rivalry)","ARIMA"
2025-11-01,2025,11,"prec",23.1965331951322,"SSP3-7.0 (Regional Rivalry)","ARIMA"
2025-12-01,2025,12,"prec",33.6283066682706,"SSP3-7.0 (Regional Rivalry)","ARIMA"
2026-01-01,2026,1,"prec",42.608921302138,"SSP3-7.0 (Regional Rivalry)","ARIMA"
2026-02-01,2026,2,"prec",87.9849352609048,"SSP3-7.0 (Regional Rivalry)","ARIMA"
2026-03-01,2026,3,"prec",157.041706871696,"SSP3-7.0 (Regional Rivalry)","ARIMA"
2026-04-01,2026,4,"prec",315.247767333467,"SSP3-7.0 (Regional Rivalry)","ARIMA"
2026-05-01,2026,5,"prec",434.998675073286,"SSP3-7.0 (Regional Rivalry)","ARIMA"
2026-06-01,2026,6,"prec",421.73873803727,"SSP3-7.0 (Regional Rivalry)","ARIMA"
2026-07-01,2026,7,"prec",261.863658412982,"SSP3-7.0 (Regional Rivalry)","ARIMA"
2026-08-01,2026,8,"prec",131.638190463989,"SSP3-7.0 (Regional Rivalry)","ARIMA"
2026-09-01,2026,9,"prec",50.659787984321,"SSP3-7.0 (Regional Rivalry)","ARIMA"
2026-10-01,2026,10,"prec",29.4357104243629,"SSP3-7.0 (Regional Rivalry)","ARIMA"
2026-11-01,2026,11,"prec",23.7642987505324,"SSP3-7.0 (Regional Rivalry)","ARIMA"
2026-12-01,2026,12,"prec",34.2482310910365,"SSP3-7.0 (Regional Rivalry)","ARIMA"
2027-01-01,2027,1,"prec",43.2760077125204,"SSP3-7.0 (Regional Rivalry)","ARIMA"
2027-02-01,2027,2,"prec",88.878901741081,"SSP3-7.0 (Regional Rivalry)","ARIMA"
2027-03-01,2027,3,"prec",158.280957209926,"SSP3-7.0 (Regional Rivalry)","ARIMA"
2027-04-01,2027,4,"prec",317.278047974006,"SSP3-7.0 (Regional Rivalry)","ARIMA"
2027-05-01,2027,5,"prec",437.627710252524,"SSP3-7.0 (Regional Rivalry)","ARIMA"
2027-06-01,2027,6,"prec",424.355958547792,"SSP3-7.0 (Regional Rivalry)","ARIMA"
2027-07-01,2027,7,"prec",263.681503525383,"SSP3-7.0 (Regional Rivalry)","ARIMA"
2027-08-01,2027,8,"prec",132.804908236646,"SSP3-7.0 (Regional Rivalry)","ARIMA"
2027-09-01,2027,9,"prec",51.421613744579,"SSP3-7.0 (Regional Rivalry)","ARIMA"
2027-10-01,2027,10,"prec",30.0369307803564,"SSP3-7.0 (Regional Rivalry)","ARIMA"
2027-11-01,2027,11,"prec",24.3371620481568,"SSP3-7.0 (Regional Rivalry)","ARIMA"
2027-12-01,2027,12,"prec",34.8735140503634,"SSP3-7.0 (Regional Rivalry)","ARIMA"
2028-01-01,2028,1,"prec",43.9486997639741,"SSP3-7.0 (Regional Rivalry)","ARIMA"
2028-02-01,2028,2,"prec",89.7796082626775,"SSP3-7.0 (Regional Rivalry)","ARIMA"
2028-03-01,2028,3,"prec",159.528674008867,"SSP3-7.0 (Regional Rivalry)","ARIMA"
2028-04-01,2028,4,"prec",319.320750226767,"SSP3-7.0 (Regional Rivalry)","ARIMA"
2028-05-01,2028,5,"prec",440.272160816678,"SSP3-7.0 (Regional Rivalry)","ARIMA"
2028-06-01,2028,6,"prec",426.988807794969,"SSP3-7.0 (Regional Rivalry)","ARIMA"
2028-07-01,2028,7,"prec",265.510980497448,"SSP3-7.0 (Regional Rivalry)","ARIMA"
2028-08-01,2028,8,"prec",133.980002232267,"SSP3-7.0 (Regional Rivalry)","ARIMA"
2028-09-01,2028,9,"prec",52.1897912677399,"SSP3-7.0 (Regional Rivalry)","ARIMA"
2028-10-01,2028,10,"prec",30.6434274471493,"SSP3-7.0 (Regional Rivalry)","ARIMA"
2028-11-01,2028,11,"prec",24.9151598712887,"SSP3-7.0 (Regional Rivalry)","ARIMA"
2028-12-01,2028,12,"prec",35.5041936335064,"SSP3-7.0 (Regional Rivalry)","ARIMA"
2029-01-01,2029,1,"prec",44.6270368357495,"SSP3-7.0 (Regional Rivalry)","ARIMA"
2029-02-01,2029,2,"prec",90.6870998769464,"SSP3-7.0 (Regional Rivalry)","ARIMA"
2029-03-01,2029,3,"prec",160.784910951866,"SSP3-7.0 (Regional Rivalry)","ARIMA"
2029-04-01,2029,4,"prec",321.375947550856,"SSP3-7.0 (Regional Rivalry)","ARIMA"
2029-05-01,2029,5,"prec",442.932115193717,"SSP3-7.0 (Regional Rivalry)","ARIMA"
2029-06-01,2029,6,"prec",429.637376635654,"SSP3-7.0 (Regional Rivalry)","ARIMA"
2029-07-01,2029,7,"prec",267.352160201645,"SSP3-7.0 (Regional Rivalry)","ARIMA"
2029-08-01,2029,8,"prec",135.163527045138,"SSP3-7.0 (Regional Rivalry)","ARIMA"
2029-09-01,2029,9,"prec",52.9643650257888,"SSP3-7.0 (Regional Rivalry)","ARIMA"
2029-10-01,2029,10,"prec",31.2552381573406,"SSP3-7.0 (Regional Rivalry)","ARIMA"
2029-11-01,2029,11,"prec",25.4983292436007,"SSP3-7.0 (Regional Rivalry)","ARIMA"
2029-12-01,2029,12,"prec",36.1403081746294,"SSP3-7.0 (Regional Rivalry)","ARIMA"
2030-01-01,2030,1,"prec",45.3110585607486,"SSP3-7.0 (Regional Rivalry)","ARIMA"
2030-02-01,2030,2,"prec",91.6014219171515,"SSP3-7.0 (Regional Rivalry)","ARIMA"
2030-03-01,2030,3,"prec",162.049722047446,"SSP3-7.0 (Regional Rivalry)","ARIMA"
2030-04-01,2030,4,"prec",323.443713829431,"SSP3-7.0 (Regional Rivalry)","ARIMA"
2030-05-01,2030,5,"prec",445.607662310505,"SSP3-7.0 (Regional Rivalry)","ARIMA"
2030-06-01,2030,6,"prec",432.301756444551,"SSP3-7.0 (Regional Rivalry)","ARIMA"
2030-07-01,2030,7,"prec",269.205113928372,"SSP3-7.0 (Regional Rivalry)","ARIMA"
2030-08-01,2030,8,"prec",136.355537606083,"SSP3-7.0 (Regional Rivalry)","ARIMA"
2030-09-01,2030,9,"prec",53.7453797766365,"SSP3-7.0 (Regional Rivalry)","ARIMA"
2030-10-01,2030,10,"prec",31.8724008889476,"SSP3-7.0 (Regional Rivalry)","ARIMA"
2030-11-01,2030,11,"prec",26.086707430639,"SSP3-7.0 (Regional Rivalry)","ARIMA"
2030-12-01,2030,12,"prec",36.7818962563229,"SSP3-7.0 (Regional Rivalry)","ARIMA"
2031-01-01,2031,1,"prec",46.0008048270768,"SSP3-7.0 (Regional Rivalry)","ARIMA"
2031-02-01,2031,2,"prec",92.5226200002617,"SSP3-7.0 (Regional Rivalry)","ARIMA"
2031-03-01,2031,3,"prec",163.323161631208,"SSP3-7.0 (Regional Rivalry)","ARIMA"
2031-04-01,2031,4,"prec",325.524123372103,"SSP3-7.0 (Regional Rivalry)","ARIMA"
2031-05-01,2031,5,"prec",448.298891595582,"SSP3-7.0 (Regional Rivalry)","ARIMA"
2031-06-01,2031,6,"prec",434.982039117122,"SSP3-7.0 (Regional Rivalry)","ARIMA"
2031-07-01,2031,7,"prec",271.069913388361,"SSP3-7.0 (Regional Rivalry)","ARIMA"
2031-08-01,2031,8,"prec",137.556089184461,"SSP3-7.0 (Regional Rivalry)","ARIMA"
2031-09-01,2031,9,"prec",54.5328805658671,"SSP3-7.0 (Regional Rivalry)","ARIMA"
2031-10-01,2031,10,"prec",32.4949538669168,"SSP3-7.0 (Regional Rivalry)","ARIMA"
2031-11-01,2031,11,"prec",26.6803319413167,"SSP3-7.0 (Regional Rivalry)","ARIMA"
2031-12-01,2031,12,"prec",37.428996711129,"SSP3-7.0 (Regional Rivalry)","ARIMA"
2032-01-01,2032,1,"prec",46.6963157796042,"SSP3-7.0 (Regional Rivalry)","ARIMA"
2032-02-01,2032,2,"prec",93.450740028655,"SSP3-7.0 (Regional Rivalry)","ARIMA"
2032-03-01,2032,3,"prec",164.605284367756,"SSP3-7.0 (Regional Rivalry)","ARIMA"
2032-04-01,2032,4,"prec",327.617250917355,"SSP3-7.0 (Regional Rivalry)","ARIMA"
2032-05-01,2032,5,"prec",451.005892981952,"SSP3-7.0 (Regional Rivalry)","ARIMA"
2032-06-01,2032,6,"prec",437.678317072506,"SSP3-7.0 (Regional Rivalry)","ARIMA"
2032-07-01,2032,7,"prec",272.946630715102,"SSP3-7.0 (Regional Rivalry)","ARIMA"
2032-08-01,2032,8,"prec",138.765237390182,"SSP3-7.0 (Regional Rivalry)","ARIMA"
2032-09-01,2032,9,"prec",55.3269127284955,"SSP3-7.0 (Regional Rivalry)","ARIMA"
2032-10-01,2032,10,"prec",33.1229355646434,"SSP3-7.0 (Regional Rivalry)","ARIMA"
2032-11-01,2032,11,"prec",27.2792405294153,"SSP3-7.0 (Regional Rivalry)","ARIMA"
2032-12-01,2032,12,"prec",38.0816486230767,"SSP3-7.0 (Regional Rivalry)","ARIMA"
2033-01-01,2033,1,"prec",47.3976318215362,"SSP3-7.0 (Regional Rivalry)","ARIMA"
2033-02-01,2033,2,"prec",94.3858281918323,"SSP3-7.0 (Regional Rivalry)","ARIMA"
2033-03-01,2033,3,"prec",165.896145252629,"SSP3-7.0 (Regional Rivalry)","ARIMA"
2033-04-01,2033,4,"prec",329.723171634976,"SSP3-7.0 (Regional Rivalry)","ARIMA"
2033-05-01,2033,5,"prec",453.728756909896,"SSP3-7.0 (Regional Rivalry)","ARIMA"
2033-06-01,2033,6,"prec",440.390683256467,"SSP3-7.0 (Regional Rivalry)","ARIMA"
2033-07-01,2033,7,"prec",274.835338467276,"SSP3-7.0 (Regional Rivalry)","ARIMA"
2033-08-01,2033,8,"prec",139.983038175731,"SSP3-7.0 (Regional Rivalry)","ARIMA"
2033-09-01,2033,9,"prec",56.1275218907361,"SSP3-7.0 (Regional Rivalry)","ARIMA"
2033-10-01,2033,10,"prec",33.7563847055007,"SSP3-7.0 (Regional Rivalry)","ARIMA"
2033-11-01,2033,11,"prec",27.8834711950964,"SSP3-7.0 (Regional Rivalry)","ARIMA"
2033-12-01,2033,12,"prec",38.739891329226,"SSP3-7.0 (Regional Rivalry)","ARIMA"
2034-01-01,2034,1,"prec",48.1047936159931,"SSP3-7.0 (Regional Rivalry)","ARIMA"
2034-02-01,2034,2,"prec",95.3279309681406,"SSP3-7.0 (Regional Rivalry)","ARIMA"
2034-03-01,2034,3,"prec",167.195799614241,"SSP3-7.0 (Regional Rivalry)","ARIMA"
2034-04-01,2034,4,"prec",331.8419611285,"SSP3-7.0 (Regional Rivalry)","ARIMA"
2034-05-01,2034,5,"prec",456.467574329795,"SSP3-7.0 (Regional Rivalry)","ARIMA"
2034-06-01,2034,6,"prec",443.11923114434,"SSP3-7.0 (Regional Rivalry)","ARIMA"
2034-07-01,2034,7,"prec",276.736109631203,"SSP3-7.0 (Regional Rivalry)","ARIMA"
2034-08-01,2034,8,"prec",141.209547838201,"SSP3-7.0 (Regional Rivalry)","ARIMA"
2034-09-01,2034,9,"prec",56.9347539717808,"SSP3-7.0 (Regional Rivalry)","ARIMA"
2034-10-01,2034,10,"prec",34.3953402643774,"SSP3-7.0 (Regional Rivalry)","ARIMA"
2034-11-01,2034,11,"prec",28.4930621864211,"SSP3-7.0 (Regional Rivalry)","ARIMA"
2034-12-01,2034,12,"prec",39.4037644212214,"SSP3-7.0 (Regional Rivalry)","ARIMA"
2035-01-01,2035,1,"prec",48.817842087599,"SSP3-7.0 (Regional Rivalry)","ARIMA"
2035-02-01,2035,2,"prec",96.2770951265073,"SSP3-7.0 (Regional Rivalry)","ARIMA"
2035-03-01,2035,3,"prec",168.504303115838,"SSP3-7.0 (Regional Rivalry)","ARIMA"
2035-04-01,2035,4,"prec",333.973695437668,"SSP3-7.0 (Regional Rivalry)","ARIMA"
2035-05-01,2035,5,"prec",459.22243670497,"SSP3-7.0 (Regional Rivalry)","ARIMA"
2035-06-01,2035,6,"prec",445.864054744011,"SSP3-7.0 (Regional Rivalry)","ARIMA"
2035-07-01,2035,7,"prec",278.649017623308,"SSP3-7.0 (Regional Rivalry)","ARIMA"
2035-08-01,2035,8,"prec",142.444823021341,"SSP3-7.0 (Regional Rivalry)","ARIMA"
2035-09-01,2035,9,"prec",57.7486551855888,"SSP3-7.0 (Regional Rivalry)","ARIMA"
2035-10-01,2035,10,"prec",35.0398414692252,"SSP3-7.0 (Regional Rivalry)","ARIMA"
2035-11-01,2035,11,"prec",29.1080520008791,"SSP3-7.0 (Regional Rivalry)","ARIMA"
2035-12-01,2035,12,"prec",40.0733077468534,"SSP3-7.0 (Regional Rivalry)","ARIMA"
2036-01-01,2036,1,"prec",49.5368184240806,"SSP3-7.0 (Regional Rivalry)","ARIMA"
2036-02-01,2036,2,"prec",97.2333677281834,"SSP3-7.0 (Regional Rivalry)","ARIMA"
2036-03-01,2036,3,"prec",169.821711757461,"SSP3-7.0 (Regional Rivalry)","ARIMA"
2036-04-01,2036,4,"prec",336.1184510409,"SSP3-7.0 (Regional Rivalry)","ARIMA"
2036-05-01,2036,5,"prec",461.993436014538,"SSP3-7.0 (Regional Rivalry)","ARIMA"
2036-06-01,2036,6,"prec",448.6252485989,"SSP3-7.0 (Regional Rivalry)","ARIMA"
2036-07-01,2036,7,"prec",280.574136292594,"SSP3-7.0 (Regional Rivalry)","ARIMA"
2036-08-01,2036,8,"prec",143.688920717616,"SSP3-7.0 (Regional Rivalry)","ARIMA"
2036-09-01,2036,9,"prec",58.5692720426855,"SSP3-7.0 (Regional Rivalry)","ARIMA"
2036-10-01,2036,10,"prec",35.6899278026149,"SSP3-7.0 (Regional Rivalry)","ARIMA"
2036-11-01,2036,11,"prec",29.7284793869271,"SSP3-7.0 (Regional Rivalry)","ARIMA"
2036-12-01,2036,12,"prec",40.7485614116312,"SSP3-7.0 (Regional Rivalry)","ARIMA"
2037-01-01,2037,1,"prec",50.2617640778747,"SSP3-7.0 (Regional Rivalry)","ARIMA"
2037-02-01,2037,2,"prec",98.1967961284981,"SSP3-7.0 (Regional Rivalry)","ARIMA"
2037-03-01,2037,3,"prec",171.148081877922,"SSP3-7.0 (Regional Rivalry)","ARIMA"
2037-04-01,2037,4,"prec",338.276304857778,"SSP3-7.0 (Regional Rivalry)","ARIMA"
2037-05-01,2037,5,"prec",464.780664756284,"SSP3-7.0 (Regional Rivalry)","ARIMA"
2037-06-01,2037,6,"prec",451.402907790969,"SSP3-7.0 (Regional Rivalry)","ARIMA"
2037-07-01,2037,7,"prec",282.511539923131,"SSP3-7.0 (Regional Rivalry)","ARIMA"
2037-08-01,2037,8,"prec",144.941898270279,"SSP3-7.0 (Regional Rivalry)","ARIMA"
2037-09-01,2037,9,"prec",59.3966513519735,"SSP3-7.0 (Regional Rivalry)","ARIMA"
2037-10-01,2037,10,"prec",36.3456390033017,"SSP3-7.0 (Regional Rivalry)","ARIMA"
2037-11-01,2037,11,"prec",30.3543833455355,"SSP3-7.0 (Regional Rivalry)","ARIMA"
2037-12-01,2037,12,"prec",41.4295657803632,"SSP3-7.0 (Regional Rivalry)","ARIMA"
2038-01-01,2038,1,"prec",50.9927207677462,"SSP3-7.0 (Regional Rivalry)","ARIMA"
2038-02-01,2038,2,"prec",99.1674279786227,"SSP3-7.0 (Regional Rivalry)","ARIMA"
2038-03-01,2038,3,"prec",172.483470156794,"SSP3-7.0 (Regional Rivalry)","ARIMA"
2038-04-01,2038,4,"prec",340.447334251549,"SSP3-7.0 (Regional Rivalry)","ARIMA"
2038-05-01,2038,5,"prec",467.584215949548,"SSP3-7.0 (Regional Rivalry)","ARIMA"
2038-06-01,2038,6,"prec",454.197127943744,"SSP3-7.0 (Regional Rivalry)","ARIMA"
2038-07-01,2038,7,"prec",284.461303236567,"SSP3-7.0 (Regional Rivalry)","ARIMA"
2038-08-01,2038,8,"prec",146.20381337545,"SSP3-7.0 (Regional Rivalry)","ARIMA"
2038-09-01,2038,9,"prec",60.2308402225534,"SSP3-7.0 (Regional Rivalry)","ARIMA"
2038-10-01,2038,10,"prec",37.0070150678004,"SSP3-7.0 (Regional Rivalry)","ARIMA"
2038-11-01,2038,11,"prec",30.9858031317453,"SSP3-7.0 (Regional Rivalry)","ARIMA"
2038-12-01,2038,12,"prec",42.1163614787471,"SSP3-7.0 (Regional Rivalry)","ARIMA"
2039-01-01,2039,1,"prec",51.7297304804145,"SSP3-7.0 (Regional Rivalry)","ARIMA"
2039-02-01,2039,2,"prec",100.145311227345,"SSP3-7.0 (Regional Rivalry)","ARIMA"
2039-03-01,2039,3,"prec",173.827933616407,"SSP3-7.0 (Regional Rivalry)","ARIMA"
2039-04-01,2039,4,"prec",342.631617031637,"SSP3-7.0 (Regional Rivalry)","ARIMA"
2039-05-01,2039,5,"prec",470.404183138125,"SSP3-7.0 (Regional Rivalry)","ARIMA"
2039-06-01,2039,6,"prec",457.008005225351,"SSP3-7.0 (Regional Rivalry)","ARIMA"
2039-07-01,2039,7,"prec",286.423501394639,"SSP3-7.0 (Regional Rivalry)","ARIMA"
2039-08-01,2039,8,"prec",147.474724084217,"SSP3-7.0 (Regional Rivalry)","ARIMA"
2039-09-01,2039,9,"prec",61.0718860655553,"SSP3-7.0 (Regional Rivalry)","ARIMA"
2039-10-01,2039,10,"prec",37.6740962519689,"SSP3-7.0 (Regional Rivalry)","ARIMA"
2039-11-01,2039,11,"prec",31.6227782562336,"SSP3-7.0 (Regional Rivalry)","ARIMA"
2039-12-01,2039,12,"prec",42.8089893949704,"SSP3-7.0 (Regional Rivalry)","ARIMA"
2040-01-01,2040,1,"prec",52.4728354721903,"SSP3-7.0 (Regional Rivalry)","ARIMA"
2040-02-01,2040,2,"prec",101.130494122856,"SSP3-7.0 (Regional Rivalry)","ARIMA"
2040-03-01,2040,3,"prec",175.181529623863,"SSP3-7.0 (Regional Rivalry)","ARIMA"
2040-04-01,2040,4,"prec",344.829231456169,"SSP3-7.0 (Regional Rivalry)","ARIMA"
2040-05-01,2040,5,"prec",473.240660393189,"SSP3-7.0 (Regional Rivalry)","ARIMA"
2040-06-01,2040,6,"prec",459.835636351577,"SSP3-7.0 (Regional Rivalry)","ARIMA"
2040-07-01,2040,7,"prec",288.39821000171,"SSP3-7.0 (Regional Rivalry)","ARIMA"
2040-08-01,2040,8,"prec",148.754688804736,"SSP3-7.0 (Regional Rivalry)","ARIMA"
2040-09-01,2040,9,"prec",61.9198365959816,"SSP3-7.0 (Regional Rivalry)","ARIMA"
2040-10-01,2040,10,"prec",38.3469230726025,"SSP3-7.0 (Regional Rivalry)","ARIMA"
2040-11-01,2040,11,"prec",32.2653484868884,"SSP3-7.0 (Regional Rivalry)","ARIMA"
2040-12-01,2040,12,"prec",43.507490681319,"SSP3-7.0 (Regional Rivalry)","ARIMA"
2041-01-01,2041,1,"prec",53.2220782706218,"SSP3-7.0 (Regional Rivalry)","ARIMA"
2041-02-01,2041,2,"prec",102.123025214541,"SSP3-7.0 (Regional Rivalry)","ARIMA"
2041-03-01,2041,3,"prec",176.544315893053,"SSP3-7.0 (Regional Rivalry)","ARIMA"
2041-04-01,2041,4,"prec",347.04025623452,"SSP3-7.0 (Regional Rivalry)","ARIMA"
2041-05-01,2041,5,"prec",476.093742316226,"SSP3-7.0 (Regional Rivalry)","ARIMA"
2041-06-01,2041,6,"prec",462.680118588933,"SSP3-7.0 (Regional Rivalry)","ARIMA"
2041-07-01,2041,7,"prec",290.385505107318,"SSP3-7.0 (Regional Rivalry)","ARIMA"
2041-08-01,2041,8,"prec",150.043766304359,"SSP3-7.0 (Regional Rivalry)","ARIMA"
2041-09-01,2041,9,"prec",62.7747398345605,"SSP3-7.0 (Regional Rivalry)","ARIMA"
2041-10-01,2041,10,"prec",39.025536309036,"SSP3-7.0 (Regional Rivalry)","ARIMA"
2041-11-01,2041,11,"prec",32.9135538503934,"SSP3-7.0 (Regional Rivalry)","ARIMA"
2041-12-01,2041,12,"prec",44.2119067557961,"SSP3-7.0 (Regional Rivalry)","ARIMA"
2042-01-01,2042,1,"prec",53.9775016761509,"SSP3-7.0 (Regional Rivalry)","ARIMA"
2042-02-01,2042,2,"prec",103.122953354789,"SSP3-7.0 (Regional Rivalry)","ARIMA"
2042-03-01,2042,3,"prec",177.916350486694,"SSP3-7.0 (Regional Rivalry)","ARIMA"
2042-04-01,2042,4,"prec",349.264770529868,"SSP3-7.0 (Regional Rivalry)","ARIMA"
2042-05-01,2042,5,"prec",478.963524041983,"SSP3-7.0 (Regional Rivalry)","ARIMA"
2042-06-01,2042,6,"prec",465.541549757755,"SSP3-7.0 (Regional Rivalry)","ARIMA"
2042-07-01,2042,7,"prec",292.385463208732,"SSP3-7.0 (Regional Rivalry)","ARIMA"
2042-08-01,2042,8,"prec",151.342015711758,"SSP3-7.0 (Regional Rivalry)","ARIMA"
2042-09-01,2042,9,"prec",63.6366441096104,"SSP3-7.0 (Regional Rivalry)","ARIMA"
2042-10-01,2042,10,"prec",39.7099770047571,"SSP3-7.0 (Regional Rivalry)","ARIMA"
2042-11-01,2042,11,"prec",33.5674346338213,"SSP3-7.0 (Regional Rivalry)","ARIMA"
2042-12-01,2042,12,"prec",44.922279303751,"SSP3-7.0 (Regional Rivalry)","ARIMA"
2043-01-01,2043,1,"prec",54.7391487637784,"SSP3-7.0 (Regional Rivalry)","ARIMA"
2043-02-01,2043,2,"prec",104.13032770081,"SSP3-7.0 (Regional Rivalry)","ARIMA"
2043-03-01,2043,3,"prec",179.297691818374,"SSP3-7.0 (Regional Rivalry)","ARIMA"
2043-04-01,2043,4,"prec",351.502853961765,"SSP3-7.0 (Regional Rivalry)","ARIMA"
2043-05-01,2043,5,"prec",481.850101241439,"SSP3-7.0 (Regional Rivalry)","ARIMA"
2043-06-01,2043,6,"prec",468.4200282353,"SSP3-7.0 (Regional Rivalry)","ARIMA"
2043-07-01,2043,7,"prec",294.398161253532,"SSP3-7.0 (Regional Rivalry)","ARIMA"
2043-08-01,2043,8,"prec",152.649496519073,"SSP3-7.0 (Regional Rivalry)","ARIMA"
2043-09-01,2043,9,"prec",64.5055980589148,"SSP3-7.0 (Regional Rivalry)","ARIMA"
2043-10-01,2043,10,"prec",40.4002864690277,"SSP3-7.0 (Regional Rivalry)","ARIMA"
2043-11-01,2043,11,"prec",34.2270313862373,"SSP3-7.0 (Regional Rivalry)","ARIMA"
2043-12-01,2043,12,"prec",45.6386502795166,"SSP3-7.0 (Regional Rivalry)","ARIMA"
2044-01-01,2044,1,"prec",55.5070628847403,"SSP3-7.0 (Regional Rivalry)","ARIMA"
2044-02-01,2044,2,"prec",105.145197716457,"SSP3-7.0 (Regional Rivalry)","ARIMA"
2044-03-01,2044,3,"prec",180.688398654609,"SSP3-7.0 (Regional Rivalry)","ARIMA"
2044-04-01,2044,4,"prec",353.754586608716,"SSP3-7.0 (Regional Rivalry)","ARIMA"
2044-05-01,2044,5,"prec",484.75357012479,"SSP3-7.0 (Regional Rivalry)","ARIMA"
2044-06-01,2044,6,"prec",471.315652958877,"SSP3-7.0 (Regional Rivalry)","ARIMA"
2044-07-01,2044,7,"prec",296.423676642199,"SSP3-7.0 (Regional Rivalry)","ARIMA"
2044-08-01,2044,8,"prec",153.966268584069,"SSP3-7.0 (Regional Rivalry)","ARIMA"
2044-09-01,2044,9,"prec",65.3816506316096,"SSP3-7.0 (Regional Rivalry)","ARIMA"
2044-10-01,2044,10,"prec",41.0965062785159,"SSP3-7.0 (Regional Rivalry)","ARIMA"
2044-11-01,2044,11,"prec",34.8923849203115,"SSP3-7.0 (Regional Rivalry)","ARIMA"
2044-12-01,2044,12,"prec",46.3610619080572,"SSP3-7.0 (Regional Rivalry)","ARIMA"
2045-01-01,2045,1,"prec",56.2812876681928,"SSP3-7.0 (Regional Rivalry)","ARIMA"
2045-02-01,2045,2,"prec",106.167613174068,"SSP3-7.0 (Regional Rivalry)","ARIMA"
2045-03-01,2045,3,"prec",182.088530116911,"SSP3-7.0 (Regional Rivalry)","ARIMA"
2045-04-01,2045,4,"prec",356.020049010789,"SSP3-7.0 (Regional Rivalry)","ARIMA"
2045-05-01,2045,5,"prec",487.674027444442,"SSP3-7.0 (Regional Rivalry)","ARIMA"
2045-06-01,2045,6,"prec",474.228523428983,"SSP3-7.0 (Regional Rivalry)","ARIMA"
2045-07-01,2045,7,"prec",298.462087230723,"SSP3-7.0 (Regional Rivalry)","ARIMA"
2045-08-01,2045,8,"prec",155.292392132301,"SSP3-7.0 (Regional Rivalry)","ARIMA"
2045-09-01,2045,9,"prec",66.2648510900799,"SSP3-7.0 (Regional Rivalry)","ARIMA"
2045-10-01,2045,10,"prec",41.7986782789372,"SSP3-7.0 (Regional Rivalry)","ARIMA"
2045-11-01,2045,11,"prec",35.5635363139418,"SSP3-7.0 (Regional Rivalry)","ARIMA"
2045-12-01,2045,12,"prec",47.0895566866262,"SSP3-7.0 (Regional Rivalry)","ARIMA"
2046-01-01,2046,1,"prec",57.0618670229076,"SSP3-7.0 (Regional Rivalry)","ARIMA"
2046-02-01,2046,2,"prec",107.197624156312,"SSP3-7.0 (Regional Rivalry)","ARIMA"
2046-03-01,2046,3,"prec",183.498145683869,"SSP3-7.0 (Regional Rivalry)","ARIMA"
2046-04-01,2046,4,"prec",358.299322172216,"SSP3-7.0 (Regional Rivalry)","ARIMA"
2046-05-01,2046,5,"prec",490.611570498038,"SSP3-7.0 (Regional Rivalry)","ARIMA"
2046-06-01,2046,6,"prec",477.158739712467,"SSP3-7.0 (Regional Rivalry)","ARIMA"
2046-07-01,2046,7,"prec",300.513471333215,"SSP3-7.0 (Regional Rivalry)","ARIMA"
2046-08-01,2046,8,"prec",156.627927759301,"SSP3-7.0 (Regional Rivalry)","ARIMA"
2046-09-01,2046,9,"prec",67.155249011869,"SSP3-7.0 (Regional Rivalry)","ARIMA"
2046-10-01,2046,10,"prec",42.5068445867058,"SSP3-7.0 (Regional Rivalry)","ARIMA"
2046-11-01,2046,11,"prec",36.2405269118854,"SSP3-7.0 (Regional Rivalry)","ARIMA"
2046-12-01,2046,12,"prec",47.8241773864333,"SSP3-7.0 (Regional Rivalry)","ARIMA"
2047-01-01,2047,1,"prec",57.8488451389779,"SSP3-7.0 (Regional Rivalry)","ARIMA"
2047-02-01,2047,2,"prec",108.23528105805,"SSP3-7.0 (Regional Rivalry)","ARIMA"
2047-03-01,2047,3,"prec",184.917305193244,"SSP3-7.0 (Regional Rivalry)","ARIMA"
2047-04-01,2047,4,"prec",360.592487564033,"SSP3-7.0 (Regional Rivalry)","ARIMA"
2047-05-01,2047,5,"prec",493.566297131484,"SSP3-7.0 (Regional Rivalry)","ARIMA"
2047-06-01,2047,6,"prec",480.1064024457,"SSP3-7.0 (Regional Rivalry)","ARIMA"
2047-07-01,2047,7,"prec",302.577907724552,"SSP3-7.0 (Regional Rivalry)","ARIMA"
2047-08-01,2047,8,"prec",157.972936432768,"SSP3-7.0 (Regional Rivalry)","ARIMA"
2047-09-01,2047,9,"prec",68.0528942915988,"SSP3-7.0 (Regional Rivalry)","ARIMA"
2047-10-01,2047,10,"prec",43.2210475905951,"SSP3-7.0 (Regional Rivalry)","ARIMA"
2047-11-01,2047,11,"prec",36.9233983274006,"SSP3-7.0 (Regional Rivalry)","ARIMA"
2047-12-01,2047,12,"prec",48.5649670543212,"SSP3-7.0 (Regional Rivalry)","ARIMA"
2048-01-01,2048,1,"prec",58.6422664895334,"SSP3-7.0 (Regional Rivalry)","ARIMA"
2048-02-01,2048,2,"prec",109.2806345882,"SSP3-7.0 (Regional Rivalry)","ARIMA"
2048-03-01,2048,3,"prec",186.346068844071,"SSP3-7.0 (Regional Rivalry)","ARIMA"
2048-04-01,2048,4,"prec",362.899627126714,"SSP3-7.0 (Regional Rivalry)","ARIMA"
2048-05-01,2048,5,"prec",496.538305742002,"SSP3-7.0 (Regional Rivalry)","ARIMA"
2048-06-01,2048,6,"prec",483.071612837772,"SSP3-7.0 (Regional Rivalry)","ARIMA"
2048-07-01,2048,7,"prec",304.655475643018,"SSP3-7.0 (Regional Rivalry)","ARIMA"
2048-08-01,2048,8,"prec",159.327479494776,"SSP3-7.0 (Regional Rivalry)","ARIMA"
2048-09-01,2048,9,"prec",68.9578371429006,"SSP3-7.0 (Regional Rivalry)","ARIMA"
2048-10-01,2048,10,"prec",43.9413299534086,"SSP3-7.0 (Regional Rivalry)","ARIMA"
2048-11-01,2048,11,"prec",37.6121924438981,"SSP3-7.0 (Regional Rivalry)","ARIMA"
2048-12-01,2048,12,"prec",49.3119690144534,"SSP3-7.0 (Regional Rivalry)","ARIMA"
2049-01-01,2049,1,"prec",59.4421758324659,"SSP3-7.0 (Regional Rivalry)","ARIMA"
2049-02-01,2049,2,"prec",110.333735771626,"SSP3-7.0 (Regional Rivalry)","ARIMA"
2049-03-01,2049,3,"prec",187.784497198776,"SSP3-7.0 (Regional Rivalry)","ARIMA"
2049-04-01,2049,4,"prec",365.220823272832,"SSP3-7.0 (Regional Rivalry)","ARIMA"
2049-05-01,2049,5,"prec",499.527695281197,"SSP3-7.0 (Regional Rivalry)","ARIMA"
2049-06-01,2049,6,"prec",486.054472673704,"SSP3-7.0 (Regional Rivalry)","ARIMA"
2049-07-01,2049,7,"prec",306.746254792976,"SSP3-7.0 (Regional Rivalry)","ARIMA"
2049-08-01,2049,8,"prec",160.691618663993,"SSP3-7.0 (Regional Rivalry)","ARIMA"
2049-09-01,2049,9,"prec",69.8701281003582,"SSP3-7.0 (Regional Rivalry)","ARIMA"
2049-10-01,2049,10,"prec",44.6677346136605,"SSP3-7.0 (Regional Rivalry)","ARIMA"
2049-11-01,2049,11,"prec",38.3069514166025,"SSP3-7.0 (Regional Rivalry)","ARIMA"
2049-12-01,2049,12,"prec",50.0652268700105,"SSP3-7.0 (Regional Rivalry)","ARIMA"
2050-01-01,2050,1,"prec",60.2486182121655,"SSP3-7.0 (Regional Rivalry)","ARIMA"
2050-02-01,2050,2,"prec",111.394635951022,"SSP3-7.0 (Regional Rivalry)","ARIMA"
2050-03-01,2050,3,"prec",189.232651185307,"SSP3-7.0 (Regional Rivalry)","ARIMA"
2050-04-01,2050,4,"prec",367.556158889734,"SSP3-7.0 (Regional Rivalry)","ARIMA"
2050-05-01,2050,5,"prec",502.53456525814,"SSP3-7.0 (Regional Rivalry)","ARIMA"
2050-06-01,2050,6,"prec",489.055084317674,"SSP3-7.0 (Regional Rivalry)","ARIMA"
2050-07-01,2050,7,"prec",308.850325347543,"SSP3-7.0 (Regional Rivalry)","ARIMA"
2050-08-01,2050,8,"prec",162.065416037915,"SSP3-7.0 (Regional Rivalry)","ARIMA"
2050-09-01,2050,9,"prec",70.7898180214617,"SSP3-7.0 (Regional Rivalry)","ARIMA"
2050-10-01,2050,10,"prec",45.4003047872661,"SSP3-7.0 (Regional Rivalry)","ARIMA"
2050-11-01,2050,11,"prec",39.0077176742228,"SSP3-7.0 (Regional Rivalry)","ARIMA"
2050-12-01,2050,12,"prec",50.8247845048978,"SSP3-7.0 (Regional Rivalry)","ARIMA"
2051-01-01,2051,1,"prec",61.0616389612663,"SSP3-7.0 (Regional Rivalry)","ARIMA"
2051-02-01,2051,2,"prec",112.463386788817,"SSP3-7.0 (Regional Rivalry)","ARIMA"
2051-03-01,2051,3,"prec",190.690592099274,"SSP3-7.0 (Regional Rivalry)","ARIMA"
2051-04-01,2051,4,"prec",369.905717342222,"SSP3-7.0 (Regional Rivalry)","ARIMA"
2051-05-01,2051,5,"prec",505.559015742471,"SSP3-7.0 (Regional Rivalry)","ARIMA"
2051-06-01,2051,6,"prec",492.073550716267,"SSP3-7.0 (Regional Rivalry)","ARIMA"
2051-07-01,2051,7,"prec",310.967767951285,"SSP3-7.0 (Regional Rivalry)","ARIMA"
2051-08-01,2051,8,"prec",163.448934095109,"SSP3-7.0 (Regional Rivalry)","ARIMA"
2051-09-01,2051,9,"prec",71.7169580885738,"SSP3-7.0 (Regional Rivalry)","ARIMA"
2051-10-01,2051,10,"prec",46.1390839692424,"SSP3-7.0 (Regional Rivalry)","ARIMA"
2051-11-01,2051,11,"prec",39.7145339206338,"SSP3-7.0 (Regional Rivalry)","ARIMA"
2051-12-01,2051,12,"prec",51.5906860854622,"SSP3-7.0 (Regional Rivalry)","ARIMA"
2052-01-01,2052,1,"prec",61.8812837024028,"SSP3-7.0 (Regional Rivalry)","ARIMA"
2052-02-01,2052,2,"prec",113.540040269091,"SSP3-7.0 (Regional Rivalry)","ARIMA"
2052-03-01,2052,3,"prec",192.1583816061,"SSP3-7.0 (Regional Rivalry)","ARIMA"
2052-04-01,2052,4,"prec",372.269582475264,"SSP3-7.0 (Regional Rivalry)","ARIMA"
2052-05-01,2052,5,"prec",508.601147367513,"SSP3-7.0 (Regional Rivalry)","ARIMA"
2052-06-01,2052,6,"prec",495.109975401738,"SSP3-7.0 (Regional Rivalry)","ARIMA"
2052-07-01,2052,7,"prec",313.098663722931,"SSP3-7.0 (Regional Rivalry)","ARIMA"
2052-08-01,2052,8,"prec",164.842235697474,"SSP3-7.0 (Regional Rivalry)","ARIMA"
2052-09-01,2052,9,"prec",72.6515998109064,"SSP3-7.0 (Regional Rivalry)","ARIMA"
2052-10-01,2052,10,"prec",46.8841159354187,"SSP3-7.0 (Regional Rivalry)","ARIMA"
2052-11-01,2052,11,"prec",40.4274431365671,"SSP3-7.0 (Regional Rivalry)","ARIMA"
2052-12-01,2052,12,"prec",52.3629760622197,"SSP3-7.0 (Regional Rivalry)","ARIMA"
2053-01-01,2053,1,"prec",62.7075983499766,"SSP3-7.0 (Regional Rivalry)","ARIMA"
2053-02-01,2053,2,"prec",114.624648699498,"SSP3-7.0 (Regional Rivalry)","ARIMA"
2053-03-01,2053,3,"prec",193.636081743193,"SSP3-7.0 (Regional Rivalry)","ARIMA"
2053-04-01,2053,4,"prec",374.647838616702,"SSP3-7.0 (Regional Rivalry)","ARIMA"
2053-05-01,2053,5,"prec",511.661061333413,"SSP3-7.0 (Regional Rivalry)","ARIMA"
2053-06-01,2053,6,"prec",498.164462495296,"SSP3-7.0 (Regional Rivalry)","ARIMA"
2053-07-01,2053,7,"prec",315.243094258095,"SSP3-7.0 (Regional Rivalry)","ARIMA"
2053-08-01,2053,8,"prec",166.245384092511,"SSP3-7.0 (Regional Rivalry)","ARIMA"
2053-09-01,2053,9,"prec",73.5937950265102,"SSP3-7.0 (Regional Rivalry)","ARIMA"
2053-10-01,2053,10,"prec",47.6354447441577,"SSP3-7.0 (Regional Rivalry)","ARIMA"
2053-11-01,2053,11,"prec",41.1464885813118,"SSP3-7.0 (Regional Rivalry)","ARIMA"
2053-12-01,2053,12,"prec",53.1416991715926,"SSP3-7.0 (Regional Rivalry)","ARIMA"
2024-01-01,2024,1,"prec",17.1837050111732,"SSP3-7.0 (Regional Rivalry)","ML-Enhanced"
2024-02-01,2024,2,"prec",34.1402291330858,"SSP3-7.0 (Regional Rivalry)","ML-Enhanced"
2024-03-01,2024,3,"prec",30.5082427004923,"SSP3-7.0 (Regional Rivalry)","ML-Enhanced"
2024-04-01,2024,4,"prec",93.9343208446837,"SSP3-7.0 (Regional Rivalry)","ML-Enhanced"
2024-05-01,2024,5,"prec",166.627783564529,"SSP3-7.0 (Regional Rivalry)","ML-Enhanced"
2024-06-01,2024,6,"prec",418.679786604793,"SSP3-7.0 (Regional Rivalry)","ML-Enhanced"
2024-07-01,2024,7,"prec",573.735716993531,"SSP3-7.0 (Regional Rivalry)","ML-Enhanced"
2024-08-01,2024,8,"prec",435.141708243429,"SSP3-7.0 (Regional Rivalry)","ML-Enhanced"
2024-09-01,2024,9,"prec",336.044235922774,"SSP3-7.0 (Regional Rivalry)","ML-Enhanced"
2024-10-01,2024,10,"prec",118.192198796459,"SSP3-7.0 (Regional Rivalry)","ML-Enhanced"
2024-11-01,2024,11,"prec",52.2085220597252,"SSP3-7.0 (Regional Rivalry)","ML-Enhanced"
2024-12-01,2024,12,"prec",20.1439869841713,"SSP3-7.0 (Regional Rivalry)","ML-Enhanced"
2025-01-01,2025,1,"prec",17.2963937439018,"SSP3-7.0 (Regional Rivalry)","ML-Enhanced"
2025-02-01,2025,2,"prec",25.3423339069856,"SSP3-7.0 (Regional Rivalry)","ML-Enhanced"
2025-03-01,2025,3,"prec",40.8877957242622,"SSP3-7.0 (Regional Rivalry)","ML-Enhanced"
2025-04-01,2025,4,"prec",84.9598192549711,"SSP3-7.0 (Regional Rivalry)","ML-Enhanced"
2025-05-01,2025,5,"prec",138.971230421581,"SSP3-7.0 (Regional Rivalry)","ML-Enhanced"
2025-06-01,2025,6,"prec",340.053351364522,"SSP3-7.0 (Regional Rivalry)","ML-Enhanced"
2025-07-01,2025,7,"prec",485.265352046745,"SSP3-7.0 (Regional Rivalry)","ML-Enhanced"
2025-08-01,2025,8,"prec",394.508334647553,"SSP3-7.0 (Regional Rivalry)","ML-Enhanced"
2025-09-01,2025,9,"prec",293.584320589133,"SSP3-7.0 (Regional Rivalry)","ML-Enhanced"
2025-10-01,2025,10,"prec",119.642941486158,"SSP3-7.0 (Regional Rivalry)","ML-Enhanced"
2025-11-01,2025,11,"prec",55.7708841515187,"SSP3-7.0 (Regional Rivalry)","ML-Enhanced"
2025-12-01,2025,12,"prec",34.8911808008365,"SSP3-7.0 (Regional Rivalry)","ML-Enhanced"
2026-01-01,2026,1,"prec",20.5748573909518,"SSP3-7.0 (Regional Rivalry)","ML-Enhanced"
2026-02-01,2026,2,"prec",28.896827858128,"SSP3-7.0 (Regional Rivalry)","ML-Enhanced"
2026-03-01,2026,3,"prec",55.6179464184292,"SSP3-7.0 (Regional Rivalry)","ML-Enhanced"
2026-04-01,2026,4,"prec",100.337641155992,"SSP3-7.0 (Regional Rivalry)","ML-Enhanced"
2026-05-01,2026,5,"prec",151.582236938334,"SSP3-7.0 (Regional Rivalry)","ML-Enhanced"
2026-06-01,2026,6,"prec",398.029862045525,"SSP3-7.0 (Regional Rivalry)","ML-Enhanced"
2026-07-01,2026,7,"prec",332.878066112169,"SSP3-7.0 (Regional Rivalry)","ML-Enhanced"
2026-08-01,2026,8,"prec",438.835291286106,"SSP3-7.0 (Regional Rivalry)","ML-Enhanced"
2026-09-01,2026,9,"prec",307.964332679751,"SSP3-7.0 (Regional Rivalry)","ML-Enhanced"
2026-10-01,2026,10,"prec",142.670247378436,"SSP3-7.0 (Regional Rivalry)","ML-Enhanced"
2026-11-01,2026,11,"prec",51.7894502330074,"SSP3-7.0 (Regional Rivalry)","ML-Enhanced"
2026-12-01,2026,12,"prec",37.973279531495,"SSP3-7.0 (Regional Rivalry)","ML-Enhanced"
2027-01-01,2027,1,"prec",19.4369285302825,"SSP3-7.0 (Regional Rivalry)","ML-Enhanced"
2027-02-01,2027,2,"prec",29.3676468690537,"SSP3-7.0 (Regional Rivalry)","ML-Enhanced"
2027-03-01,2027,3,"prec",41.0011059992494,"SSP3-7.0 (Regional Rivalry)","ML-Enhanced"
2027-04-01,2027,4,"prec",86.1765412925451,"SSP3-7.0 (Regional Rivalry)","ML-Enhanced"
2027-05-01,2027,5,"prec",167.006135839215,"SSP3-7.0 (Regional Rivalry)","ML-Enhanced"
2027-06-01,2027,6,"prec",384.734618064983,"SSP3-7.0 (Regional Rivalry)","ML-Enhanced"
2027-07-01,2027,7,"prec",408.695161575032,"SSP3-7.0 (Regional Rivalry)","ML-Enhanced"
2027-08-01,2027,8,"prec",392.717631336005,"SSP3-7.0 (Regional Rivalry)","ML-Enhanced"
2027-09-01,2027,9,"prec",307.063668386222,"SSP3-7.0 (Regional Rivalry)","ML-Enhanced"
2027-10-01,2027,10,"prec",135.504791842949,"SSP3-7.0 (Regional Rivalry)","ML-Enhanced"
2027-11-01,2027,11,"prec",55.4631576582539,"SSP3-7.0 (Regional Rivalry)","ML-Enhanced"
2027-12-01,2027,12,"prec",21.5015248296248,"SSP3-7.0 (Regional Rivalry)","ML-Enhanced"
2028-01-01,2028,1,"prec",20.1352328070653,"SSP3-7.0 (Regional Rivalry)","ML-Enhanced"
2028-02-01,2028,2,"prec",28.7091020950338,"SSP3-7.0 (Regional Rivalry)","ML-Enhanced"
2028-03-01,2028,3,"prec",42.8569553171699,"SSP3-7.0 (Regional Rivalry)","ML-Enhanced"
2028-04-01,2028,4,"prec",100.807907749746,"SSP3-7.0 (Regional Rivalry)","ML-Enhanced"
2028-05-01,2028,5,"prec",160.670433038013,"SSP3-7.0 (Regional Rivalry)","ML-Enhanced"
2028-06-01,2028,6,"prec",373.51208638096,"SSP3-7.0 (Regional Rivalry)","ML-Enhanced"
2028-07-01,2028,7,"prec",625.225422607227,"SSP3-7.0 (Regional Rivalry)","ML-Enhanced"
2028-08-01,2028,8,"prec",410.339144084063,"SSP3-7.0 (Regional Rivalry)","ML-Enhanced"
2028-09-01,2028,9,"prec",281.087078168231,"SSP3-7.0 (Regional Rivalry)","ML-Enhanced"
2028-10-01,2028,10,"prec",126.564954694838,"SSP3-7.0 (Regional Rivalry)","ML-Enhanced"
2028-11-01,2028,11,"prec",49.9573211848668,"SSP3-7.0 (Regional Rivalry)","ML-Enhanced"
2028-12-01,2028,12,"prec",26.540989738771,"SSP3-7.0 (Regional Rivalry)","ML-Enhanced"
2029-01-01,2029,1,"prec",23.1298732005041,"SSP3-7.0 (Regional Rivalry)","ML-Enhanced"
2029-02-01,2029,2,"prec",40.9530773052118,"SSP3-7.0 (Regional Rivalry)","ML-Enhanced"
2029-03-01,2029,3,"prec",50.0410897973598,"SSP3-7.0 (Regional Rivalry)","ML-Enhanced"
2029-04-01,2029,4,"prec",68.9461095595574,"SSP3-7.0 (Regional Rivalry)","ML-Enhanced"
2029-05-01,2029,5,"prec",207.8543929169,"SSP3-7.0 (Regional Rivalry)","ML-Enhanced"
2029-06-01,2029,6,"prec",369.075768813343,"SSP3-7.0 (Regional Rivalry)","ML-Enhanced"
2029-07-01,2029,7,"prec",423.92602760299,"SSP3-7.0 (Regional Rivalry)","ML-Enhanced"
2029-08-01,2029,8,"prec",338.330111582112,"SSP3-7.0 (Regional Rivalry)","ML-Enhanced"
2029-09-01,2029,9,"prec",200.463289690062,"SSP3-7.0 (Regional Rivalry)","ML-Enhanced"
2029-10-01,2029,10,"prec",129.025969395401,"SSP3-7.0 (Regional Rivalry)","ML-Enhanced"
2029-11-01,2029,11,"prec",49.8208094935248,"SSP3-7.0 (Regional Rivalry)","ML-Enhanced"
2029-12-01,2029,12,"prec",25.2204753579721,"SSP3-7.0 (Regional Rivalry)","ML-Enhanced"
2030-01-01,2030,1,"prec",27.0485187364781,"SSP3-7.0 (Regional Rivalry)","ML-Enhanced"
2030-02-01,2030,2,"prec",37.579515180133,"SSP3-7.0 (Regional Rivalry)","ML-Enhanced"
2030-03-01,2030,3,"prec",55.598162062127,"SSP3-7.0 (Regional Rivalry)","ML-Enhanced"
2030-04-01,2030,4,"prec",117.697326067602,"SSP3-7.0 (Regional Rivalry)","ML-Enhanced"
2030-05-01,2030,5,"prec",182.858295359732,"SSP3-7.0 (Regional Rivalry)","ML-Enhanced"
2030-06-01,2030,6,"prec",331.7971035177,"SSP3-7.0 (Regional Rivalry)","ML-Enhanced"
2030-07-01,2030,7,"prec",525.699940609902,"SSP3-7.0 (Regional Rivalry)","ML-Enhanced"
2030-08-01,2030,8,"prec",484.782866965282,"SSP3-7.0 (Regional Rivalry)","ML-Enhanced"
2030-09-01,2030,9,"prec",275.06729568844,"SSP3-7.0 (Regional Rivalry)","ML-Enhanced"
2030-10-01,2030,10,"prec",106.301054676929,"SSP3-7.0 (Regional Rivalry)","ML-Enhanced"
2030-11-01,2030,11,"prec",40.3982952288364,"SSP3-7.0 (Regional Rivalry)","ML-Enhanced"
2030-12-01,2030,12,"prec",30.7537636992962,"SSP3-7.0 (Regional Rivalry)","ML-Enhanced"
2031-01-01,2031,1,"prec",17.8033293086672,"SSP3-7.0 (Regional Rivalry)","ML-Enhanced"
2031-02-01,2031,2,"prec",33.6647899729948,"SSP3-7.0 (Regional Rivalry)","ML-Enhanced"
2031-03-01,2031,3,"prec",38.0261001414494,"SSP3-7.0 (Regional Rivalry)","ML-Enhanced"
2031-04-01,2031,4,"prec",59.5957442375046,"SSP3-7.0 (Regional Rivalry)","ML-Enhanced"
2031-05-01,2031,5,"prec",147.136334407878,"SSP3-7.0 (Regional Rivalry)","ML-Enhanced"
2031-06-01,2031,6,"prec",376.368406859139,"SSP3-7.0 (Regional Rivalry)","ML-Enhanced"
2031-07-01,2031,7,"prec",484.336445074531,"SSP3-7.0 (Regional Rivalry)","ML-Enhanced"
2031-08-01,2031,8,"prec",387.964096259258,"SSP3-7.0 (Regional Rivalry)","ML-Enhanced"
2031-09-01,2031,9,"prec",296.309784427713,"SSP3-7.0 (Regional Rivalry)","ML-Enhanced"
2031-10-01,2031,10,"prec",105.531598601606,"SSP3-7.0 (Regional Rivalry)","ML-Enhanced"
2031-11-01,2031,11,"prec",44.5433401033517,"SSP3-7.0 (Regional Rivalry)","ML-Enhanced"
2031-12-01,2031,12,"prec",27.8554045921529,"SSP3-7.0 (Regional Rivalry)","ML-Enhanced"
2032-01-01,2032,1,"prec",24.5797799049275,"SSP3-7.0 (Regional Rivalry)","ML-Enhanced"
2032-02-01,2032,2,"prec",38.8706354043861,"SSP3-7.0 (Regional Rivalry)","ML-Enhanced"
2032-03-01,2032,3,"prec",39.4243964373,"SSP3-7.0 (Regional Rivalry)","ML-Enhanced"
2032-04-01,2032,4,"prec",98.057261292606,"SSP3-7.0 (Regional Rivalry)","ML-Enhanced"
2032-05-01,2032,5,"prec",151.350644454701,"SSP3-7.0 (Regional Rivalry)","ML-Enhanced"
2032-06-01,2032,6,"prec",372.567625748599,"SSP3-7.0 (Regional Rivalry)","ML-Enhanced"
2032-07-01,2032,7,"prec",520.129885511865,"SSP3-7.0 (Regional Rivalry)","ML-Enhanced"
2032-08-01,2032,8,"prec",477.667328981944,"SSP3-7.0 (Regional Rivalry)","ML-Enhanced"
2032-09-01,2032,9,"prec",262.655093155122,"SSP3-7.0 (Regional Rivalry)","ML-Enhanced"
2032-10-01,2032,10,"prec",126.230413442216,"SSP3-7.0 (Regional Rivalry)","ML-Enhanced"
2032-11-01,2032,11,"prec",53.3025714111877,"SSP3-7.0 (Regional Rivalry)","ML-Enhanced"
2032-12-01,2032,12,"prec",29.4473355637397,"SSP3-7.0 (Regional Rivalry)","ML-Enhanced"
2033-01-01,2033,1,"prec",27.6412117569523,"SSP3-7.0 (Regional Rivalry)","ML-Enhanced"
2033-02-01,2033,2,"prec",31.1511802923228,"SSP3-7.0 (Regional Rivalry)","ML-Enhanced"
2033-03-01,2033,3,"prec",41.8225257988644,"SSP3-7.0 (Regional Rivalry)","ML-Enhanced"
2033-04-01,2033,4,"prec",96.0124774554913,"SSP3-7.0 (Regional Rivalry)","ML-Enhanced"
2033-05-01,2033,5,"prec",168.070601951156,"SSP3-7.0 (Regional Rivalry)","ML-Enhanced"
2033-06-01,2033,6,"prec",425.245991875055,"SSP3-7.0 (Regional Rivalry)","ML-Enhanced"
2033-07-01,2033,7,"prec",496.504313926483,"SSP3-7.0 (Regional Rivalry)","ML-Enhanced"
2033-08-01,2033,8,"prec",465.378816888376,"SSP3-7.0 (Regional Rivalry)","ML-Enhanced"
2033-09-01,2033,9,"prec",237.999526760282,"SSP3-7.0 (Regional Rivalry)","ML-Enhanced"
2033-10-01,2033,10,"prec",138.241406510013,"SSP3-7.0 (Regional Rivalry)","ML-Enhanced"
2033-11-01,2033,11,"prec",57.808672542603,"SSP3-7.0 (Regional Rivalry)","ML-Enhanced"
2033-12-01,2033,12,"prec",31.092946857858,"SSP3-7.0 (Regional Rivalry)","ML-Enhanced"
2034-01-01,2034,1,"prec",18.3422073718283,"SSP3-7.0 (Regional Rivalry)","ML-Enhanced"
2034-02-01,2034,2,"prec",43.0726273623761,"SSP3-7.0 (Regional Rivalry)","ML-Enhanced"
2034-03-01,2034,3,"prec",35.7906931290651,"SSP3-7.0 (Regional Rivalry)","ML-Enhanced"
2034-04-01,2034,4,"prec",118.249647922453,"SSP3-7.0 (Regional Rivalry)","ML-Enhanced"
2034-05-01,2034,5,"prec",202.469238850078,"SSP3-7.0 (Regional Rivalry)","ML-Enhanced"
2034-06-01,2034,6,"prec",381.140645652853,"SSP3-7.0 (Regional Rivalry)","ML-Enhanced"
2034-07-01,2034,7,"prec",515.649167384702,"SSP3-7.0 (Regional Rivalry)","ML-Enhanced"
2034-08-01,2034,8,"prec",546.47945209123,"SSP3-7.0 (Regional Rivalry)","ML-Enhanced"
2034-09-01,2034,9,"prec",298.716505935031,"SSP3-7.0 (Regional Rivalry)","ML-Enhanced"
2034-10-01,2034,10,"prec",152.986855038819,"SSP3-7.0 (Regional Rivalry)","ML-Enhanced"
2034-11-01,2034,11,"prec",46.5948093442028,"SSP3-7.0 (Regional Rivalry)","ML-Enhanced"
2034-12-01,2034,12,"prec",35.712627556726,"SSP3-7.0 (Regional Rivalry)","ML-Enhanced"
2035-01-01,2035,1,"prec",28.7508053087341,"SSP3-7.0 (Regional Rivalry)","ML-Enhanced"
2035-02-01,2035,2,"prec",35.9285202677202,"SSP3-7.0 (Regional Rivalry)","ML-Enhanced"
2035-03-01,2035,3,"prec",31.3298470539723,"SSP3-7.0 (Regional Rivalry)","ML-Enhanced"
2035-04-01,2035,4,"prec",95.1005264701118,"SSP3-7.0 (Regional Rivalry)","ML-Enhanced"
2035-05-01,2035,5,"prec",170.056901885741,"SSP3-7.0 (Regional Rivalry)","ML-Enhanced"
2035-06-01,2035,6,"prec",467.968593296132,"SSP3-7.0 (Regional Rivalry)","ML-Enhanced"
2035-07-01,2035,7,"prec",509.314161597786,"SSP3-7.0 (Regional Rivalry)","ML-Enhanced"
2035-08-01,2035,8,"prec",458.770141770605,"SSP3-7.0 (Regional Rivalry)","ML-Enhanced"
2035-09-01,2035,9,"prec",321.671986957402,"SSP3-7.0 (Regional Rivalry)","ML-Enhanced"
2035-10-01,2035,10,"prec",127.790072017284,"SSP3-7.0 (Regional Rivalry)","ML-Enhanced"
2035-11-01,2035,11,"prec",47.4798111706455,"SSP3-7.0 (Regional Rivalry)","ML-Enhanced"
2035-12-01,2035,12,"prec",27.0436864305673,"SSP3-7.0 (Regional Rivalry)","ML-Enhanced"
2036-01-01,2036,1,"prec",23.8113976674247,"SSP3-7.0 (Regional Rivalry)","ML-Enhanced"
2036-02-01,2036,2,"prec",43.3226823651219,"SSP3-7.0 (Regional Rivalry)","ML-Enhanced"
2036-03-01,2036,3,"prec",33.9507349530836,"SSP3-7.0 (Regional Rivalry)","ML-Enhanced"
2036-04-01,2036,4,"prec",94.5888323173396,"SSP3-7.0 (Regional Rivalry)","ML-Enhanced"
2036-05-01,2036,5,"prec",185.810829192055,"SSP3-7.0 (Regional Rivalry)","ML-Enhanced"
2036-06-01,2036,6,"prec",383.162626229692,"SSP3-7.0 (Regional Rivalry)","ML-Enhanced"
2036-07-01,2036,7,"prec",533.824026393187,"SSP3-7.0 (Regional Rivalry)","ML-Enhanced"
2036-08-01,2036,8,"prec",410.991625778353,"SSP3-7.0 (Regional Rivalry)","ML-Enhanced"
2036-09-01,2036,9,"prec",268.883519158792,"SSP3-7.0 (Regional Rivalry)","ML-Enhanced"
2036-10-01,2036,10,"prec",119.081289789548,"SSP3-7.0 (Regional Rivalry)","ML-Enhanced"
2036-11-01,2036,11,"prec",39.2968541994292,"SSP3-7.0 (Regional Rivalry)","ML-Enhanced"
2036-12-01,2036,12,"prec",22.6878424125496,"SSP3-7.0 (Regional Rivalry)","ML-Enhanced"
2037-01-01,2037,1,"prec",27.1114303107884,"SSP3-7.0 (Regional Rivalry)","ML-Enhanced"
2037-02-01,2037,2,"prec",25.8379545365338,"SSP3-7.0 (Regional Rivalry)","ML-Enhanced"
2037-03-01,2037,3,"prec",56.1236223260194,"SSP3-7.0 (Regional Rivalry)","ML-Enhanced"
2037-04-01,2037,4,"prec",109.608899519142,"SSP3-7.0 (Regional Rivalry)","ML-Enhanced"
2037-05-01,2037,5,"prec",141.664133411566,"SSP3-7.0 (Regional Rivalry)","ML-Enhanced"
2037-06-01,2037,6,"prec",317.885908687534,"SSP3-7.0 (Regional Rivalry)","ML-Enhanced"
2037-07-01,2037,7,"prec",594.690224316417,"SSP3-7.0 (Regional Rivalry)","ML-Enhanced"
2037-08-01,2037,8,"prec",566.296522222037,"SSP3-7.0 (Regional Rivalry)","ML-Enhanced"
2037-09-01,2037,9,"prec",341.482112299959,"SSP3-7.0 (Regional Rivalry)","ML-Enhanced"
2037-10-01,2037,10,"prec",171.430574998022,"SSP3-7.0 (Regional Rivalry)","ML-Enhanced"
2037-11-01,2037,11,"prec",52.6151780593757,"SSP3-7.0 (Regional Rivalry)","ML-Enhanced"
2037-12-01,2037,12,"prec",24.2997047228666,"SSP3-7.0 (Regional Rivalry)","ML-Enhanced"
2038-01-01,2038,1,"prec",23.7776260289478,"SSP3-7.0 (Regional Rivalry)","ML-Enhanced"
2038-02-01,2038,2,"prec",34.2789437738672,"SSP3-7.0 (Regional Rivalry)","ML-Enhanced"
2038-03-01,2038,3,"prec",43.5250406976287,"SSP3-7.0 (Regional Rivalry)","ML-Enhanced"
2038-04-01,2038,4,"prec",128.768982106838,"SSP3-7.0 (Regional Rivalry)","ML-Enhanced"
2038-05-01,2038,5,"prec",199.199563495425,"SSP3-7.0 (Regional Rivalry)","ML-Enhanced"
2038-06-01,2038,6,"prec",353.105004488333,"SSP3-7.0 (Regional Rivalry)","ML-Enhanced"
2038-07-01,2038,7,"prec",495.427705368623,"SSP3-7.0 (Regional Rivalry)","ML-Enhanced"
2038-08-01,2038,8,"prec",583.868118698205,"SSP3-7.0 (Regional Rivalry)","ML-Enhanced"
2038-09-01,2038,9,"prec",321.493157487434,"SSP3-7.0 (Regional Rivalry)","ML-Enhanced"
2038-10-01,2038,10,"prec",135.713470513894,"SSP3-7.0 (Regional Rivalry)","ML-Enhanced"
2038-11-01,2038,11,"prec",46.0153287005137,"SSP3-7.0 (Regional Rivalry)","ML-Enhanced"
2038-12-01,2038,12,"prec",29.4290349635207,"SSP3-7.0 (Regional Rivalry)","ML-Enhanced"
2039-01-01,2039,1,"prec",26.3546043831982,"SSP3-7.0 (Regional Rivalry)","ML-Enhanced"
2039-02-01,2039,2,"prec",42.5574789122543,"SSP3-7.0 (Regional Rivalry)","ML-Enhanced"
2039-03-01,2039,3,"prec",44.2996184137467,"SSP3-7.0 (Regional Rivalry)","ML-Enhanced"
2039-04-01,2039,4,"prec",85.7029814256447,"SSP3-7.0 (Regional Rivalry)","ML-Enhanced"
2039-05-01,2039,5,"prec",195.315657773595,"SSP3-7.0 (Regional Rivalry)","ML-Enhanced"
2039-06-01,2039,6,"prec",404.897298697193,"SSP3-7.0 (Regional Rivalry)","ML-Enhanced"
2039-07-01,2039,7,"prec",506.780858352293,"SSP3-7.0 (Regional Rivalry)","ML-Enhanced"
2039-08-01,2039,8,"prec",506.552826314953,"SSP3-7.0 (Regional Rivalry)","ML-Enhanced"
2039-09-01,2039,9,"prec",312.69462983561,"SSP3-7.0 (Regional Rivalry)","ML-Enhanced"
2039-10-01,2039,10,"prec",118.555876616944,"SSP3-7.0 (Regional Rivalry)","ML-Enhanced"
2039-11-01,2039,11,"prec",49.5729370756826,"SSP3-7.0 (Regional Rivalry)","ML-Enhanced"
2039-12-01,2039,12,"prec",26.3554250732486,"SSP3-7.0 (Regional Rivalry)","ML-Enhanced"
2040-01-01,2040,1,"prec",25.564138273092,"SSP3-7.0 (Regional Rivalry)","ML-Enhanced"
2040-02-01,2040,2,"prec",40.8421156606857,"SSP3-7.0 (Regional Rivalry)","ML-Enhanced"
2040-03-01,2040,3,"prec",36.2588109869887,"SSP3-7.0 (Regional Rivalry)","ML-Enhanced"
2040-04-01,2040,4,"prec",124.724176759144,"SSP3-7.0 (Regional Rivalry)","ML-Enhanced"
2040-05-01,2040,5,"prec",111.4466916431,"SSP3-7.0 (Regional Rivalry)","ML-Enhanced"
2040-06-01,2040,6,"prec",382.340835012487,"SSP3-7.0 (Regional Rivalry)","ML-Enhanced"
2040-07-01,2040,7,"prec",605.221756033073,"SSP3-7.0 (Regional Rivalry)","ML-Enhanced"
2040-08-01,2040,8,"prec",310.523859609289,"SSP3-7.0 (Regional Rivalry)","ML-Enhanced"
2040-09-01,2040,9,"prec",319.145571342772,"SSP3-7.0 (Regional Rivalry)","ML-Enhanced"
2040-10-01,2040,10,"prec",140.238012264362,"SSP3-7.0 (Regional Rivalry)","ML-Enhanced"
2040-11-01,2040,11,"prec",57.6330382020984,"SSP3-7.0 (Regional Rivalry)","ML-Enhanced"
2040-12-01,2040,12,"prec",35.5494137778998,"SSP3-7.0 (Regional Rivalry)","ML-Enhanced"
2041-01-01,2041,1,"prec",24.0501052582283,"SSP3-7.0 (Regional Rivalry)","ML-Enhanced"
2041-02-01,2041,2,"prec",42.2780223502999,"SSP3-7.0 (Regional Rivalry)","ML-Enhanced"
2041-03-01,2041,3,"prec",37.6008377623258,"SSP3-7.0 (Regional Rivalry)","ML-Enhanced"
2041-04-01,2041,4,"prec",95.5027874963619,"SSP3-7.0 (Regional Rivalry)","ML-Enhanced"
2041-05-01,2041,5,"prec",183.663070304451,"SSP3-7.0 (Regional Rivalry)","ML-Enhanced"
2041-06-01,2041,6,"prec",459.462221724703,"SSP3-7.0 (Regional Rivalry)","ML-Enhanced"
2041-07-01,2041,7,"prec",699.191428127352,"SSP3-7.0 (Regional Rivalry)","ML-Enhanced"
2041-08-01,2041,8,"prec",456.371199388314,"SSP3-7.0 (Regional Rivalry)","ML-Enhanced"
2041-09-01,2041,9,"prec",296.320076560497,"SSP3-7.0 (Regional Rivalry)","ML-Enhanced"
2041-10-01,2041,10,"prec",135.134627076793,"SSP3-7.0 (Regional Rivalry)","ML-Enhanced"
2041-11-01,2041,11,"prec",51.9592117005978,"SSP3-7.0 (Regional Rivalry)","ML-Enhanced"
2041-12-01,2041,12,"prec",26.2549930136739,"SSP3-7.0 (Regional Rivalry)","ML-Enhanced"
2042-01-01,2042,1,"prec",23.6952010198694,"SSP3-7.0 (Regional Rivalry)","ML-Enhanced"
2042-02-01,2042,2,"prec",36.6007655944018,"SSP3-7.0 (Regional Rivalry)","ML-Enhanced"
2042-03-01,2042,3,"prec",37.1221389437756,"SSP3-7.0 (Regional Rivalry)","ML-Enhanced"
2042-04-01,2042,4,"prec",75.3148855482988,"SSP3-7.0 (Regional Rivalry)","ML-Enhanced"
2042-05-01,2042,5,"prec",188.990368274412,"SSP3-7.0 (Regional Rivalry)","ML-Enhanced"
2042-06-01,2042,6,"prec",449.05120872044,"SSP3-7.0 (Regional Rivalry)","ML-Enhanced"
2042-07-01,2042,7,"prec",612.456561279063,"SSP3-7.0 (Regional Rivalry)","ML-Enhanced"
2042-08-01,2042,8,"prec",584.5058192308,"SSP3-7.0 (Regional Rivalry)","ML-Enhanced"
2042-09-01,2042,9,"prec",265.934620466043,"SSP3-7.0 (Regional Rivalry)","ML-Enhanced"
2042-10-01,2042,10,"prec",134.875388882853,"SSP3-7.0 (Regional Rivalry)","ML-Enhanced"
2042-11-01,2042,11,"prec",41.0078780846479,"SSP3-7.0 (Regional Rivalry)","ML-Enhanced"
2042-12-01,2042,12,"prec",26.9728059832652,"SSP3-7.0 (Regional Rivalry)","ML-Enhanced"
2043-01-01,2043,1,"prec",26.9782990828929,"SSP3-7.0 (Regional Rivalry)","ML-Enhanced"
2043-02-01,2043,2,"prec",37.2476956464061,"SSP3-7.0 (Regional Rivalry)","ML-Enhanced"
2043-03-01,2043,3,"prec",48.8210598725039,"SSP3-7.0 (Regional Rivalry)","ML-Enhanced"
2043-04-01,2043,4,"prec",94.2694832774931,"SSP3-7.0 (Regional Rivalry)","ML-Enhanced"
2043-05-01,2043,5,"prec",193.622029075779,"SSP3-7.0 (Regional Rivalry)","ML-Enhanced"
2043-06-01,2043,6,"prec",467.331961858918,"SSP3-7.0 (Regional Rivalry)","ML-Enhanced"
2043-07-01,2043,7,"prec",585.138803333374,"SSP3-7.0 (Regional Rivalry)","ML-Enhanced"
2043-08-01,2043,8,"prec",584.958196064742,"SSP3-7.0 (Regional Rivalry)","ML-Enhanced"
2043-09-01,2043,9,"prec",316.077686250966,"SSP3-7.0 (Regional Rivalry)","ML-Enhanced"
2043-10-01,2043,10,"prec",127.721487112136,"SSP3-7.0 (Regional Rivalry)","ML-Enhanced"
2043-11-01,2043,11,"prec",45.2792139288994,"SSP3-7.0 (Regional Rivalry)","ML-Enhanced"
2043-12-01,2043,12,"prec",27.5677478400267,"SSP3-7.0 (Regional Rivalry)","ML-Enhanced"
2044-01-01,2044,1,"prec",28.8750757193635,"SSP3-7.0 (Regional Rivalry)","ML-Enhanced"
2044-02-01,2044,2,"prec",43.6489993847382,"SSP3-7.0 (Regional Rivalry)","ML-Enhanced"
2044-03-01,2044,3,"prec",59.8380488966509,"SSP3-7.0 (Regional Rivalry)","ML-Enhanced"
2044-04-01,2044,4,"prec",127.471139265698,"SSP3-7.0 (Regional Rivalry)","ML-Enhanced"
2044-05-01,2044,5,"prec",157.703513654067,"SSP3-7.0 (Regional Rivalry)","ML-Enhanced"
2044-06-01,2044,6,"prec",405.476429049434,"SSP3-7.0 (Regional Rivalry)","ML-Enhanced"
2044-07-01,2044,7,"prec",669.069823816645,"SSP3-7.0 (Regional Rivalry)","ML-Enhanced"
2044-08-01,2044,8,"prec",608.598665130289,"SSP3-7.0 (Regional Rivalry)","ML-Enhanced"
2044-09-01,2044,9,"prec",306.272078730278,"SSP3-7.0 (Regional Rivalry)","ML-Enhanced"
2044-10-01,2044,10,"prec",151.80394866006,"SSP3-7.0 (Regional Rivalry)","ML-Enhanced"
2044-11-01,2044,11,"prec",45.8366294451705,"SSP3-7.0 (Regional Rivalry)","ML-Enhanced"
2044-12-01,2044,12,"prec",25.7019489705494,"SSP3-7.0 (Regional Rivalry)","ML-Enhanced"
2045-01-01,2045,1,"prec",23.4843455934675,"SSP3-7.0 (Regional Rivalry)","ML-Enhanced"
2045-02-01,2045,2,"prec",44.4804562467131,"SSP3-7.0 (Regional Rivalry)","ML-Enhanced"
2045-03-01,2045,3,"prec",42.8943822115972,"SSP3-7.0 (Regional Rivalry)","ML-Enhanced"
2045-04-01,2045,4,"prec",88.09356648568,"SSP3-7.0 (Regional Rivalry)","ML-Enhanced"
2045-05-01,2045,5,"prec",147.749608360661,"SSP3-7.0 (Regional Rivalry)","ML-Enhanced"
2045-06-01,2045,6,"prec",313.226498407906,"SSP3-7.0 (Regional Rivalry)","ML-Enhanced"
2045-07-01,2045,7,"prec",544.741468729202,"SSP3-7.0 (Regional Rivalry)","ML-Enhanced"
2045-08-01,2045,8,"prec",559.560524138889,"SSP3-7.0 (Regional Rivalry)","ML-Enhanced"
2045-09-01,2045,9,"prec",328.410093089858,"SSP3-7.0 (Regional Rivalry)","ML-Enhanced"
2045-10-01,2045,10,"prec",143.880369092001,"SSP3-7.0 (Regional Rivalry)","ML-Enhanced"
2045-11-01,2045,11,"prec",36.207689824309,"SSP3-7.0 (Regional Rivalry)","ML-Enhanced"
2045-12-01,2045,12,"prec",29.5469650310853,"SSP3-7.0 (Regional Rivalry)","ML-Enhanced"
2046-01-01,2046,1,"prec",21.7657449424067,"SSP3-7.0 (Regional Rivalry)","ML-Enhanced"
2046-02-01,2046,2,"prec",37.8053934336648,"SSP3-7.0 (Regional Rivalry)","ML-Enhanced"
2046-03-01,2046,3,"prec",39.8603036196209,"SSP3-7.0 (Regional Rivalry)","ML-Enhanced"
2046-04-01,2046,4,"prec",107.261750416686,"SSP3-7.0 (Regional Rivalry)","ML-Enhanced"
2046-05-01,2046,5,"prec",189.724450621276,"SSP3-7.0 (Regional Rivalry)","ML-Enhanced"
2046-06-01,2046,6,"prec",310.018927870076,"SSP3-7.0 (Regional Rivalry)","ML-Enhanced"
2046-07-01,2046,7,"prec",622.235617725616,"SSP3-7.0 (Regional Rivalry)","ML-Enhanced"
2046-08-01,2046,8,"prec",405.951835891973,"SSP3-7.0 (Regional Rivalry)","ML-Enhanced"
2046-09-01,2046,9,"prec",190.789410343348,"SSP3-7.0 (Regional Rivalry)","ML-Enhanced"
2046-10-01,2046,10,"prec",177.876698350174,"SSP3-7.0 (Regional Rivalry)","ML-Enhanced"
2046-11-01,2046,11,"prec",42.9826409804448,"SSP3-7.0 (Regional Rivalry)","ML-Enhanced"
2046-12-01,2046,12,"prec",32.7682564983975,"SSP3-7.0 (Regional Rivalry)","ML-Enhanced"
2047-01-01,2047,1,"prec",21.7218009859476,"SSP3-7.0 (Regional Rivalry)","ML-Enhanced"
2047-02-01,2047,2,"prec",38.958203707286,"SSP3-7.0 (Regional Rivalry)","ML-Enhanced"
2047-03-01,2047,3,"prec",53.200160538426,"SSP3-7.0 (Regional Rivalry)","ML-Enhanced"
2047-04-01,2047,4,"prec",73.6395521890977,"SSP3-7.0 (Regional Rivalry)","ML-Enhanced"
2047-05-01,2047,5,"prec",184.230384729046,"SSP3-7.0 (Regional Rivalry)","ML-Enhanced"
2047-06-01,2047,6,"prec",507.092513256633,"SSP3-7.0 (Regional Rivalry)","ML-Enhanced"
2047-07-01,2047,7,"prec",446.004624693431,"SSP3-7.0 (Regional Rivalry)","ML-Enhanced"
2047-08-01,2047,8,"prec",300.818433581175,"SSP3-7.0 (Regional Rivalry)","ML-Enhanced"
2047-09-01,2047,9,"prec",308.895478889113,"SSP3-7.0 (Regional Rivalry)","ML-Enhanced"
2047-10-01,2047,10,"prec",145.325132243667,"SSP3-7.0 (Regional Rivalry)","ML-Enhanced"
2047-11-01,2047,11,"prec",41.6250846158761,"SSP3-7.0 (Regional Rivalry)","ML-Enhanced"
2047-12-01,2047,12,"prec",39.4208300438944,"SSP3-7.0 (Regional Rivalry)","ML-Enhanced"
2048-01-01,2048,1,"prec",22.3590182906748,"SSP3-7.0 (Regional Rivalry)","ML-Enhanced"
2048-02-01,2048,2,"prec",39.079396659367,"SSP3-7.0 (Regional Rivalry)","ML-Enhanced"
2048-03-01,2048,3,"prec",47.8085709986087,"SSP3-7.0 (Regional Rivalry)","ML-Enhanced"
2048-04-01,2048,4,"prec",94.5204591777675,"SSP3-7.0 (Regional Rivalry)","ML-Enhanced"
2048-05-01,2048,5,"prec",187.730793902987,"SSP3-7.0 (Regional Rivalry)","ML-Enhanced"
2048-06-01,2048,6,"prec",429.036682090451,"SSP3-7.0 (Regional Rivalry)","ML-Enhanced"
2048-07-01,2048,7,"prec",586.521676934592,"SSP3-7.0 (Regional Rivalry)","ML-Enhanced"
2048-08-01,2048,8,"prec",478.828646270927,"SSP3-7.0 (Regional Rivalry)","ML-Enhanced"
2048-09-01,2048,9,"prec",294.400759942924,"SSP3-7.0 (Regional Rivalry)","ML-Enhanced"
2048-10-01,2048,10,"prec",150.664257465281,"SSP3-7.0 (Regional Rivalry)","ML-Enhanced"
2048-11-01,2048,11,"prec",53.026588937871,"SSP3-7.0 (Regional Rivalry)","ML-Enhanced"
2048-12-01,2048,12,"prec",40.8634094700265,"SSP3-7.0 (Regional Rivalry)","ML-Enhanced"
2049-01-01,2049,1,"prec",31.6996217973483,"SSP3-7.0 (Regional Rivalry)","ML-Enhanced"
2049-02-01,2049,2,"prec",35.2382459187425,"SSP3-7.0 (Regional Rivalry)","ML-Enhanced"
2049-03-01,2049,3,"prec",52.2010593789455,"SSP3-7.0 (Regional Rivalry)","ML-Enhanced"
2049-04-01,2049,4,"prec",129.027394777023,"SSP3-7.0 (Regional Rivalry)","ML-Enhanced"
2049-05-01,2049,5,"prec",213.753447810592,"SSP3-7.0 (Regional Rivalry)","ML-Enhanced"
2049-06-01,2049,6,"prec",439.18047009561,"SSP3-7.0 (Regional Rivalry)","ML-Enhanced"
2049-07-01,2049,7,"prec",643.874916741688,"SSP3-7.0 (Regional Rivalry)","ML-Enhanced"
2049-08-01,2049,8,"prec",518.658989410663,"SSP3-7.0 (Regional Rivalry)","ML-Enhanced"
2049-09-01,2049,9,"prec",269.654142985576,"SSP3-7.0 (Regional Rivalry)","ML-Enhanced"
2049-10-01,2049,10,"prec",161.71485880781,"SSP3-7.0 (Regional Rivalry)","ML-Enhanced"
2049-11-01,2049,11,"prec",51.4450369896392,"SSP3-7.0 (Regional Rivalry)","ML-Enhanced"
2049-12-01,2049,12,"prec",39.1611159903973,"SSP3-7.0 (Regional Rivalry)","ML-Enhanced"
2050-01-01,2050,1,"prec",24.03398049059,"SSP3-7.0 (Regional Rivalry)","ML-Enhanced"
2050-02-01,2050,2,"prec",32.9486610687489,"SSP3-7.0 (Regional Rivalry)","ML-Enhanced"
2050-03-01,2050,3,"prec",51.4139080147984,"SSP3-7.0 (Regional Rivalry)","ML-Enhanced"
2050-04-01,2050,4,"prec",118.834509072125,"SSP3-7.0 (Regional Rivalry)","ML-Enhanced"
2050-05-01,2050,5,"prec",155.465828340972,"SSP3-7.0 (Regional Rivalry)","ML-Enhanced"
2050-06-01,2050,6,"prec",492.896719657087,"SSP3-7.0 (Regional Rivalry)","ML-Enhanced"
2050-07-01,2050,7,"prec",613.843609867367,"SSP3-7.0 (Regional Rivalry)","ML-Enhanced"
2050-08-01,2050,8,"prec",584.00865250521,"SSP3-7.0 (Regional Rivalry)","ML-Enhanced"
2050-09-01,2050,9,"prec",384.181741541717,"SSP3-7.0 (Regional Rivalry)","ML-Enhanced"
2050-10-01,2050,10,"prec",152.802243867378,"SSP3-7.0 (Regional Rivalry)","ML-Enhanced"
2050-11-01,2050,11,"prec",46.1424175115296,"SSP3-7.0 (Regional Rivalry)","ML-Enhanced"
2050-12-01,2050,12,"prec",29.9394931390261,"SSP3-7.0 (Regional Rivalry)","ML-Enhanced"
2051-01-01,2051,1,"prec",21.2412516059788,"SSP3-7.0 (Regional Rivalry)","ML-Enhanced"
2051-02-01,2051,2,"prec",43.7243816587288,"SSP3-7.0 (Regional Rivalry)","ML-Enhanced"
2051-03-01,2051,3,"prec",48.8573505534041,"SSP3-7.0 (Regional Rivalry)","ML-Enhanced"
2051-04-01,2051,4,"prec",81.7533465515076,"SSP3-7.0 (Regional Rivalry)","ML-Enhanced"
2051-05-01,2051,5,"prec",199.585509280856,"SSP3-7.0 (Regional Rivalry)","ML-Enhanced"
2051-06-01,2051,6,"prec",429.644217706824,"SSP3-7.0 (Regional Rivalry)","ML-Enhanced"
2051-07-01,2051,7,"prec",593.993087344975,"SSP3-7.0 (Regional Rivalry)","ML-Enhanced"
2051-08-01,2051,8,"prec",639.750081217489,"SSP3-7.0 (Regional Rivalry)","ML-Enhanced"
2051-09-01,2051,9,"prec",299.937202343224,"SSP3-7.0 (Regional Rivalry)","ML-Enhanced"
2051-10-01,2051,10,"prec",116.645212924291,"SSP3-7.0 (Regional Rivalry)","ML-Enhanced"
2051-11-01,2051,11,"prec",60.2193165243459,"SSP3-7.0 (Regional Rivalry)","ML-Enhanced"
2051-12-01,2051,12,"prec",30.6461618433264,"SSP3-7.0 (Regional Rivalry)","ML-Enhanced"
2052-01-01,2052,1,"prec",20.1297922504237,"SSP3-7.0 (Regional Rivalry)","ML-Enhanced"
2052-02-01,2052,2,"prec",55.7236357479885,"SSP3-7.0 (Regional Rivalry)","ML-Enhanced"
2052-03-01,2052,3,"prec",51.7146783972007,"SSP3-7.0 (Regional Rivalry)","ML-Enhanced"
2052-04-01,2052,4,"prec",101.016968540118,"SSP3-7.0 (Regional Rivalry)","ML-Enhanced"
2052-05-01,2052,5,"prec",241.949072132686,"SSP3-7.0 (Regional Rivalry)","ML-Enhanced"
2052-06-01,2052,6,"prec",322.011013814593,"SSP3-7.0 (Regional Rivalry)","ML-Enhanced"
2052-07-01,2052,7,"prec",816.101757260817,"SSP3-7.0 (Regional Rivalry)","ML-Enhanced"
2052-08-01,2052,8,"prec",369.708184116426,"SSP3-7.0 (Regional Rivalry)","ML-Enhanced"
2052-09-01,2052,9,"prec",245.864706310698,"SSP3-7.0 (Regional Rivalry)","ML-Enhanced"
2052-10-01,2052,10,"prec",138.857437358346,"SSP3-7.0 (Regional Rivalry)","ML-Enhanced"
2052-11-01,2052,11,"prec",59.6855927850455,"SSP3-7.0 (Regional Rivalry)","ML-Enhanced"
2052-12-01,2052,12,"prec",36.6433729631238,"SSP3-7.0 (Regional Rivalry)","ML-Enhanced"
2053-01-01,2053,1,"prec",17.3130433076845,"SSP3-7.0 (Regional Rivalry)","ML-Enhanced"
2053-02-01,2053,2,"prec",45.2767887070287,"SSP3-7.0 (Regional Rivalry)","ML-Enhanced"
2053-03-01,2053,3,"prec",45.6477079132565,"SSP3-7.0 (Regional Rivalry)","ML-Enhanced"
2053-04-01,2053,4,"prec",133.98100434299,"SSP3-7.0 (Regional Rivalry)","ML-Enhanced"
2053-05-01,2053,5,"prec",211.214899504575,"SSP3-7.0 (Regional Rivalry)","ML-Enhanced"
2053-06-01,2053,6,"prec",330.716589574994,"SSP3-7.0 (Regional Rivalry)","ML-Enhanced"
2053-07-01,2053,7,"prec",784.682396194669,"SSP3-7.0 (Regional Rivalry)","ML-Enhanced"
2053-08-01,2053,8,"prec",545.589256938457,"SSP3-7.0 (Regional Rivalry)","ML-Enhanced"
2053-09-01,2053,9,"prec",243.608263488642,"SSP3-7.0 (Regional Rivalry)","ML-Enhanced"
2053-10-01,2053,10,"prec",120.630512344225,"SSP3-7.0 (Regional Rivalry)","ML-Enhanced"
2053-11-01,2053,11,"prec",41.8945469716865,"SSP3-7.0 (Regional Rivalry)","ML-Enhanced"
2053-12-01,2053,12,"prec",41.6964140810164,"SSP3-7.0 (Regional Rivalry)","ML-Enhanced"
2024-01-01,2024,1,"tavg",22.9043903451227,"SSP5-8.5 (Fossil-fueled Development)","Statistical"
2024-02-01,2024,2,"tavg",24.2456957490461,"SSP5-8.5 (Fossil-fueled Development)","Statistical"
2024-03-01,2024,3,"tavg",25.5972732871628,"SSP5-8.5 (Fossil-fueled Development)","Statistical"
2024-04-01,2024,4,"tavg",27.1599346091537,"SSP5-8.5 (Fossil-fueled Development)","Statistical"
2024-05-01,2024,5,"tavg",28.0501835758867,"SSP5-8.5 (Fossil-fueled Development)","Statistical"
2024-06-01,2024,6,"tavg",28.2671941993193,"SSP5-8.5 (Fossil-fueled Development)","Statistical"
2024-07-01,2024,7,"tavg",27.3910065376518,"SSP5-8.5 (Fossil-fueled Development)","Statistical"
2024-08-01,2024,8,"tavg",27.9216322383113,"SSP5-8.5 (Fossil-fueled Development)","Statistical"
2024-09-01,2024,9,"tavg",25.1901740389628,"SSP5-8.5 (Fossil-fueled Development)","Statistical"
2024-10-01,2024,10,"tavg",25.3011115843439,"SSP5-8.5 (Fossil-fueled Development)","Statistical"
2024-11-01,2024,11,"tavg",23.172370283886,"SSP5-8.5 (Fossil-fueled Development)","Statistical"
2024-12-01,2024,12,"tavg",21.9899370169416,"SSP5-8.5 (Fossil-fueled Development)","Statistical"
2025-01-01,2025,1,"tavg",22.4944162369647,"SSP5-8.5 (Fossil-fueled Development)","Statistical"
2025-02-01,2025,2,"tavg",24.104400051596,"SSP5-8.5 (Fossil-fueled Development)","Statistical"
2025-03-01,2025,3,"tavg",25.7325239441434,"SSP5-8.5 (Fossil-fueled Development)","Statistical"
2025-04-01,2025,4,"tavg",26.9162717075353,"SSP5-8.5 (Fossil-fueled Development)","Statistical"
2025-05-01,2025,5,"tavg",28.4119933497575,"SSP5-8.5 (Fossil-fueled Development)","Statistical"
2025-06-01,2025,6,"tavg",29.804310154913,"SSP5-8.5 (Fossil-fueled Development)","Statistical"
2025-07-01,2025,7,"tavg",28.236356026565,"SSP5-8.5 (Fossil-fueled Development)","Statistical"
2025-08-01,2025,8,"tavg",27.3166222679049,"SSP5-8.5 (Fossil-fueled Development)","Statistical"
2025-09-01,2025,9,"tavg",25.0017255851585,"SSP5-8.5 (Fossil-fueled Development)","Statistical"
2025-10-01,2025,10,"tavg",25.9425592103482,"SSP5-8.5 (Fossil-fueled Development)","Statistical"
2025-11-01,2025,11,"tavg",23.5221040456977,"SSP5-8.5 (Fossil-fueled Development)","Statistical"
2025-12-01,2025,12,"tavg",23.3447077363433,"SSP5-8.5 (Fossil-fueled Development)","Statistical"
2026-01-01,2026,1,"tavg",22.9116665082779,"SSP5-8.5 (Fossil-fueled Development)","Statistical"
2026-02-01,2026,2,"tavg",23.7067000278499,"SSP5-8.5 (Fossil-fueled Development)","Statistical"
2026-03-01,2026,3,"tavg",26.2519331249562,"SSP5-8.5 (Fossil-fueled Development)","Statistical"
2026-04-01,2026,4,"tavg",26.7761738376401,"SSP5-8.5 (Fossil-fueled Development)","Statistical"
2026-05-01,2026,5,"tavg",28.2297934035767,"SSP5-8.5 (Fossil-fueled Development)","Statistical"
2026-06-01,2026,6,"tavg",29.6543868796416,"SSP5-8.5 (Fossil-fueled Development)","Statistical"
2026-07-01,2026,7,"tavg",27.8978402291725,"SSP5-8.5 (Fossil-fueled Development)","Statistical"
2026-08-01,2026,8,"tavg",27.2647411686184,"SSP5-8.5 (Fossil-fueled Development)","Statistical"
2026-09-01,2026,9,"tavg",25.56210015599,"SSP5-8.5 (Fossil-fueled Development)","Statistical"
2026-10-01,2026,10,"tavg",24.3035492842788,"SSP5-8.5 (Fossil-fueled Development)","Statistical"
2026-11-01,2026,11,"tavg",22.9747907702571,"SSP5-8.5 (Fossil-fueled Development)","Statistical"
2026-12-01,2026,12,"tavg",23.9847781594536,"SSP5-8.5 (Fossil-fueled Development)","Statistical"
2027-01-01,2027,1,"tavg",23.9208327227605,"SSP5-8.5 (Fossil-fueled Development)","Statistical"
2027-02-01,2027,2,"tavg",24.0575661754624,"SSP5-8.5 (Fossil-fueled Development)","Statistical"
2027-03-01,2027,3,"tavg",25.8935967375715,"SSP5-8.5 (Fossil-fueled Development)","Statistical"
2027-04-01,2027,4,"tavg",27.2501935554764,"SSP5-8.5 (Fossil-fueled Development)","Statistical"
2027-05-01,2027,5,"tavg",27.6214024748502,"SSP5-8.5 (Fossil-fueled Development)","Statistical"
2027-06-01,2027,6,"tavg",28.4843928492708,"SSP5-8.5 (Fossil-fueled Development)","Statistical"
2027-07-01,2027,7,"tavg",28.6031358012213,"SSP5-8.5 (Fossil-fueled Development)","Statistical"
2027-08-01,2027,8,"tavg",27.8691689889733,"SSP5-8.5 (Fossil-fueled Development)","Statistical"
2027-09-01,2027,9,"tavg",25.7305456559658,"SSP5-8.5 (Fossil-fueled Development)","Statistical"
2027-10-01,2027,10,"tavg",23.8688744446986,"SSP5-8.5 (Fossil-fueled Development)","Statistical"
2027-11-01,2027,11,"tavg",23.2171224940088,"SSP5-8.5 (Fossil-fueled Development)","Statistical"
2027-12-01,2027,12,"tavg",23.6063404225518,"SSP5-8.5 (Fossil-fueled Development)","Statistical"
2028-01-01,2028,1,"tavg",23.709112299796,"SSP5-8.5 (Fossil-fueled Development)","Statistical"
2028-02-01,2028,2,"tavg",25.1465499377663,"SSP5-8.5 (Fossil-fueled Development)","Statistical"
2028-03-01,2028,3,"tavg",25.4545668599193,"SSP5-8.5 (Fossil-fueled Development)","Statistical"
2028-04-01,2028,4,"tavg",27.2058899672213,"SSP5-8.5 (Fossil-fueled Development)","Statistical"
2028-05-01,2028,5,"tavg",28.1075304986296,"SSP5-8.5 (Fossil-fueled Development)","Statistical"
2028-06-01,2028,6,"tavg",28.4302758511482,"SSP5-8.5 (Fossil-fueled Development)","Statistical"
2028-07-01,2028,7,"tavg",29.0585535111934,"SSP5-8.5 (Fossil-fueled Development)","Statistical"
2028-08-01,2028,8,"tavg",26.855186597966,"SSP5-8.5 (Fossil-fueled Development)","Statistical"
2028-09-01,2028,9,"tavg",26.3004342002322,"SSP5-8.5 (Fossil-fueled Development)","Statistical"
2028-10-01,2028,10,"tavg",25.5395320839766,"SSP5-8.5 (Fossil-fueled Development)","Statistical"
2028-11-01,2028,11,"tavg",23.9250736136897,"SSP5-8.5 (Fossil-fueled Development)","Statistical"
2028-12-01,2028,12,"tavg",22.0311820683489,"SSP5-8.5 (Fossil-fueled Development)","Statistical"
2029-01-01,2029,1,"tavg",22.0579336155014,"SSP5-8.5 (Fossil-fueled Development)","Statistical"
2029-02-01,2029,2,"tavg",24.2758593825082,"SSP5-8.5 (Fossil-fueled Development)","Statistical"
2029-03-01,2029,3,"tavg",24.9112540936563,"SSP5-8.5 (Fossil-fueled Development)","Statistical"
2029-04-01,2029,4,"tavg",27.1810910949554,"SSP5-8.5 (Fossil-fueled Development)","Statistical"
2029-05-01,2029,5,"tavg",29.8629830147759,"SSP5-8.5 (Fossil-fueled Development)","Statistical"
2029-06-01,2029,6,"tavg",29.7310517037854,"SSP5-8.5 (Fossil-fueled Development)","Statistical"
2029-07-01,2029,7,"tavg",28.4620460971142,"SSP5-8.5 (Fossil-fueled Development)","Statistical"
2029-08-01,2029,8,"tavg",27.1329835411441,"SSP5-8.5 (Fossil-fueled Development)","Statistical"
2029-09-01,2029,9,"tavg",25.213524727905,"SSP5-8.5 (Fossil-fueled Development)","Statistical"
2029-10-01,2029,10,"tavg",25.3128298389239,"SSP5-8.5 (Fossil-fueled Development)","Statistical"
2029-11-01,2029,11,"tavg",24.4661826475732,"SSP5-8.5 (Fossil-fueled Development)","Statistical"
2029-12-01,2029,12,"tavg",22.4262526339676,"SSP5-8.5 (Fossil-fueled Development)","Statistical"
2030-01-01,2030,1,"tavg",24.1967125183038,"SSP5-8.5 (Fossil-fueled Development)","Statistical"
2030-02-01,2030,2,"tavg",23.1098530004603,"SSP5-8.5 (Fossil-fueled Development)","Statistical"
2030-03-01,2030,3,"tavg",26.3521855183667,"SSP5-8.5 (Fossil-fueled Development)","Statistical"
2030-04-01,2030,4,"tavg",28.1314191065239,"SSP5-8.5 (Fossil-fueled Development)","Statistical"
2030-05-01,2030,5,"tavg",29.7629815230596,"SSP5-8.5 (Fossil-fueled Development)","Statistical"
2030-06-01,2030,6,"tavg",27.5316097291528,"SSP5-8.5 (Fossil-fueled Development)","Statistical"
2030-07-01,2030,7,"tavg",28.430664982804,"SSP5-8.5 (Fossil-fueled Development)","Statistical"
2030-08-01,2030,8,"tavg",27.8339946394389,"SSP5-8.5 (Fossil-fueled Development)","Statistical"
2030-09-01,2030,9,"tavg",26.5110192410844,"SSP5-8.5 (Fossil-fueled Development)","Statistical"
2030-10-01,2030,10,"tavg",25.1957760754382,"SSP5-8.5 (Fossil-fueled Development)","Statistical"
2030-11-01,2030,11,"tavg",24.6306149087287,"SSP5-8.5 (Fossil-fueled Development)","Statistical"
2030-12-01,2030,12,"tavg",23.1337506234346,"SSP5-8.5 (Fossil-fueled Development)","Statistical"
2031-01-01,2031,1,"tavg",24.6618454311811,"SSP5-8.5 (Fossil-fueled Development)","Statistical"
2031-02-01,2031,2,"tavg",25.0856147378252,"SSP5-8.5 (Fossil-fueled Development)","Statistical"
2031-03-01,2031,3,"tavg",26.10476008537,"SSP5-8.5 (Fossil-fueled Development)","Statistical"
2031-04-01,2031,4,"tavg",28.0227354559017,"SSP5-8.5 (Fossil-fueled Development)","Statistical"
2031-05-01,2031,5,"tavg",29.3601559886472,"SSP5-8.5 (Fossil-fueled Development)","Statistical"
2031-06-01,2031,6,"tavg",29.7956437532795,"SSP5-8.5 (Fossil-fueled Development)","Statistical"
2031-07-01,2031,7,"tavg",28.0732125857795,"SSP5-8.5 (Fossil-fueled Development)","Statistical"
2031-08-01,2031,8,"tavg",26.7355588481885,"SSP5-8.5 (Fossil-fueled Development)","Statistical"
2031-09-01,2031,9,"tavg",25.3707737560256,"SSP5-8.5 (Fossil-fueled Development)","Statistical"
2031-10-01,2031,10,"tavg",24.2337554901613,"SSP5-8.5 (Fossil-fueled Development)","Statistical"
2031-11-01,2031,11,"tavg",23.1659300551956,"SSP5-8.5 (Fossil-fueled Development)","Statistical"
2031-12-01,2031,12,"tavg",24.6781487662114,"SSP5-8.5 (Fossil-fueled Development)","Statistical"
2032-01-01,2032,1,"tavg",24.0948714334634,"SSP5-8.5 (Fossil-fueled Development)","Statistical"
2032-02-01,2032,2,"tavg",24.2049391939965,"SSP5-8.5 (Fossil-fueled Development)","Statistical"
2032-03-01,2032,3,"tavg",26.4306536374176,"SSP5-8.5 (Fossil-fueled Development)","Statistical"
2032-04-01,2032,4,"tavg",26.6696072016068,"SSP5-8.5 (Fossil-fueled Development)","Statistical"
2032-05-01,2032,5,"tavg",28.9580121104487,"SSP5-8.5 (Fossil-fueled Development)","Statistical"
2032-06-01,2032,6,"tavg",28.6275462173956,"SSP5-8.5 (Fossil-fueled Development)","Statistical"
2032-07-01,2032,7,"tavg",28.4123780933518,"SSP5-8.5 (Fossil-fueled Development)","Statistical"
2032-08-01,2032,8,"tavg",28.2602521582878,"SSP5-8.5 (Fossil-fueled Development)","Statistical"
2032-09-01,2032,9,"tavg",26.4857732474306,"SSP5-8.5 (Fossil-fueled Development)","Statistical"
2032-10-01,2032,10,"tavg",25.3464061596041,"SSP5-8.5 (Fossil-fueled Development)","Statistical"
2032-11-01,2032,11,"tavg",23.178301765569,"SSP5-8.5 (Fossil-fueled Development)","Statistical"
2032-12-01,2032,12,"tavg",23.2023910136133,"SSP5-8.5 (Fossil-fueled Development)","Statistical"
2033-01-01,2033,1,"tavg",23.3642717827538,"SSP5-8.5 (Fossil-fueled Development)","Statistical"
2033-02-01,2033,2,"tavg",25.8015623660707,"SSP5-8.5 (Fossil-fueled Development)","Statistical"
2033-03-01,2033,3,"tavg",24.8905277818809,"SSP5-8.5 (Fossil-fueled Development)","Statistical"
2033-04-01,2033,4,"tavg",26.7604688939157,"SSP5-8.5 (Fossil-fueled Development)","Statistical"
2033-05-01,2033,5,"tavg",29.1504681760055,"SSP5-8.5 (Fossil-fueled Development)","Statistical"
2033-06-01,2033,6,"tavg",28.7690243723816,"SSP5-8.5 (Fossil-fueled Development)","Statistical"
2033-07-01,2033,7,"tavg",28.7572940301113,"SSP5-8.5 (Fossil-fueled Development)","Statistical"
2033-08-01,2033,8,"tavg",27.7171760566166,"SSP5-8.5 (Fossil-fueled Development)","Statistical"
2033-09-01,2033,9,"tavg",25.8368043941289,"SSP5-8.5 (Fossil-fueled Development)","Statistical"
2033-10-01,2033,10,"tavg",24.7839692829088,"SSP5-8.5 (Fossil-fueled Development)","Statistical"
2033-11-01,2033,11,"tavg",23.0754396902638,"SSP5-8.5 (Fossil-fueled Development)","Statistical"
2033-12-01,2033,12,"tavg",22.6387357351897,"SSP5-8.5 (Fossil-fueled Development)","Statistical"
2034-01-01,2034,1,"tavg",23.7813422073372,"SSP5-8.5 (Fossil-fueled Development)","Statistical"
2034-02-01,2034,2,"tavg",25.1099148691434,"SSP5-8.5 (Fossil-fueled Development)","Statistical"
2034-03-01,2034,3,"tavg",26.9712952830876,"SSP5-8.5 (Fossil-fueled Development)","Statistical"
2034-04-01,2034,4,"tavg",27.5778570188711,"SSP5-8.5 (Fossil-fueled Development)","Statistical"
2034-05-01,2034,5,"tavg",29.2441549522048,"SSP5-8.5 (Fossil-fueled Development)","Statistical"
2034-06-01,2034,6,"tavg",28.2479908299782,"SSP5-8.5 (Fossil-fueled Development)","Statistical"
2034-07-01,2034,7,"tavg",28.4943012858603,"SSP5-8.5 (Fossil-fueled Development)","Statistical"
2034-08-01,2034,8,"tavg",27.4278356107496,"SSP5-8.5 (Fossil-fueled Development)","Statistical"
2034-09-01,2034,9,"tavg",24.908990389636,"SSP5-8.5 (Fossil-fueled Development)","Statistical"
2034-10-01,2034,10,"tavg",24.2427750538421,"SSP5-8.5 (Fossil-fueled Development)","Statistical"
2034-11-01,2034,11,"tavg",23.3738707385683,"SSP5-8.5 (Fossil-fueled Development)","Statistical"
2034-12-01,2034,12,"tavg",22.8637576768418,"SSP5-8.5 (Fossil-fueled Development)","Statistical"
2035-01-01,2035,1,"tavg",24.3392023991137,"SSP5-8.5 (Fossil-fueled Development)","Statistical"
2035-02-01,2035,2,"tavg",25.1621131103426,"SSP5-8.5 (Fossil-fueled Development)","Statistical"
2035-03-01,2035,3,"tavg",25.9021398055308,"SSP5-8.5 (Fossil-fueled Development)","Statistical"
2035-04-01,2035,4,"tavg",27.4884354549295,"SSP5-8.5 (Fossil-fueled Development)","Statistical"
2035-05-01,2035,5,"tavg",29.1284803978681,"SSP5-8.5 (Fossil-fueled Development)","Statistical"
2035-06-01,2035,6,"tavg",29.4085042559556,"SSP5-8.5 (Fossil-fueled Development)","Statistical"
2035-07-01,2035,7,"tavg",27.6221738228849,"SSP5-8.5 (Fossil-fueled Development)","Statistical"
2035-08-01,2035,8,"tavg",28.7651122555304,"SSP5-8.5 (Fossil-fueled Development)","Statistical"
2035-09-01,2035,9,"tavg",25.8501813676638,"SSP5-8.5 (Fossil-fueled Development)","Statistical"
2035-10-01,2035,10,"tavg",24.9779717983437,"SSP5-8.5 (Fossil-fueled Development)","Statistical"
2035-11-01,2035,11,"tavg",23.5842811694988,"SSP5-8.5 (Fossil-fueled Development)","Statistical"
2035-12-01,2035,12,"tavg",24.0045922205481,"SSP5-8.5 (Fossil-fueled Development)","Statistical"
2036-01-01,2036,1,"tavg",24.1117040534627,"SSP5-8.5 (Fossil-fueled Development)","Statistical"
2036-02-01,2036,2,"tavg",24.6541335157485,"SSP5-8.5 (Fossil-fueled Development)","Statistical"
2036-03-01,2036,3,"tavg",25.89603975256,"SSP5-8.5 (Fossil-fueled Development)","Statistical"
2036-04-01,2036,4,"tavg",26.7228384893804,"SSP5-8.5 (Fossil-fueled Development)","Statistical"
2036-05-01,2036,5,"tavg",28.9624688642713,"SSP5-8.5 (Fossil-fueled Development)","Statistical"
2036-06-01,2036,6,"tavg",28.7367085760832,"SSP5-8.5 (Fossil-fueled Development)","Statistical"
2036-07-01,2036,7,"tavg",28.2704093937373,"SSP5-8.5 (Fossil-fueled Development)","Statistical"
2036-08-01,2036,8,"tavg",26.9370549980978,"SSP5-8.5 (Fossil-fueled Development)","Statistical"
2036-09-01,2036,9,"tavg",25.897108857147,"SSP5-8.5 (Fossil-fueled Development)","Statistical"
2036-10-01,2036,10,"tavg",24.4295351652011,"SSP5-8.5 (Fossil-fueled Development)","Statistical"
2036-11-01,2036,11,"tavg",24.4208854321827,"SSP5-8.5 (Fossil-fueled Development)","Statistical"
2036-12-01,2036,12,"tavg",23.3306037808107,"SSP5-8.5 (Fossil-fueled Development)","Statistical"
2037-01-01,2037,1,"tavg",23.8122803053771,"SSP5-8.5 (Fossil-fueled Development)","Statistical"
2037-02-01,2037,2,"tavg",25.0368165111671,"SSP5-8.5 (Fossil-fueled Development)","Statistical"
2037-03-01,2037,3,"tavg",26.5187980583992,"SSP5-8.5 (Fossil-fueled Development)","Statistical"
2037-04-01,2037,4,"tavg",27.1637513623919,"SSP5-8.5 (Fossil-fueled Development)","Statistical"
2037-05-01,2037,5,"tavg",29.1194525655918,"SSP5-8.5 (Fossil-fueled Development)","Statistical"
2037-06-01,2037,6,"tavg",28.7712783432444,"SSP5-8.5 (Fossil-fueled Development)","Statistical"
2037-07-01,2037,7,"tavg",28.240660687217,"SSP5-8.5 (Fossil-fueled Development)","Statistical"
2037-08-01,2037,8,"tavg",26.6463824082455,"SSP5-8.5 (Fossil-fueled Development)","Statistical"
2037-09-01,2037,9,"tavg",25.58564432068,"SSP5-8.5 (Fossil-fueled Development)","Statistical"
2037-10-01,2037,10,"tavg",24.4613089436749,"SSP5-8.5 (Fossil-fueled Development)","Statistical"
2037-11-01,2037,11,"tavg",24.0797121129091,"SSP5-8.5 (Fossil-fueled Development)","Statistical"
2037-12-01,2037,12,"tavg",22.7411148630476,"SSP5-8.5 (Fossil-fueled Development)","Statistical"
2038-01-01,2038,1,"tavg",23.2247930521787,"SSP5-8.5 (Fossil-fueled Development)","Statistical"
2038-02-01,2038,2,"tavg",25.40934429473,"SSP5-8.5 (Fossil-fueled Development)","Statistical"
2038-03-01,2038,3,"tavg",25.4903420810123,"SSP5-8.5 (Fossil-fueled Development)","Statistical"
2038-04-01,2038,4,"tavg",27.6210641349317,"SSP5-8.5 (Fossil-fueled Development)","Statistical"
2038-05-01,2038,5,"tavg",29.5054174366585,"SSP5-8.5 (Fossil-fueled Development)","Statistical"
2038-06-01,2038,6,"tavg",28.8635840823158,"SSP5-8.5 (Fossil-fueled Development)","Statistical"
2038-07-01,2038,7,"tavg",29.0862274482081,"SSP5-8.5 (Fossil-fueled Development)","Statistical"
2038-08-01,2038,8,"tavg",29.126151544655,"SSP5-8.5 (Fossil-fueled Development)","Statistical"
2038-09-01,2038,9,"tavg",25.5398221474135,"SSP5-8.5 (Fossil-fueled Development)","Statistical"
2038-10-01,2038,10,"tavg",24.9946994812864,"SSP5-8.5 (Fossil-fueled Development)","Statistical"
2038-11-01,2038,11,"tavg",23.8636873561849,"SSP5-8.5 (Fossil-fueled Development)","Statistical"
2038-12-01,2038,12,"tavg",22.2853693296191,"SSP5-8.5 (Fossil-fueled Development)","Statistical"
2039-01-01,2039,1,"tavg",24.8622346077209,"SSP5-8.5 (Fossil-fueled Development)","Statistical"
2039-02-01,2039,2,"tavg",24.9509066020788,"SSP5-8.5 (Fossil-fueled Development)","Statistical"
2039-03-01,2039,3,"tavg",25.836371038572,"SSP5-8.5 (Fossil-fueled Development)","Statistical"
2039-04-01,2039,4,"tavg",28.2723677422162,"SSP5-8.5 (Fossil-fueled Development)","Statistical"
2039-05-01,2039,5,"tavg",29.4612796968539,"SSP5-8.5 (Fossil-fueled Development)","Statistical"
2039-06-01,2039,6,"tavg",29.7413454805186,"SSP5-8.5 (Fossil-fueled Development)","Statistical"
2039-07-01,2039,7,"tavg",28.4215531924441,"SSP5-8.5 (Fossil-fueled Development)","Statistical"
2039-08-01,2039,8,"tavg",27.0949896581391,"SSP5-8.5 (Fossil-fueled Development)","Statistical"
2039-09-01,2039,9,"tavg",26.9922038472079,"SSP5-8.5 (Fossil-fueled Development)","Statistical"
2039-10-01,2039,10,"tavg",25.5028591527041,"SSP5-8.5 (Fossil-fueled Development)","Statistical"
2039-11-01,2039,11,"tavg",23.9193378236982,"SSP5-8.5 (Fossil-fueled Development)","Statistical"
2039-12-01,2039,12,"tavg",23.4857988150764,"SSP5-8.5 (Fossil-fueled Development)","Statistical"
2040-01-01,2040,1,"tavg",23.7838464485993,"SSP5-8.5 (Fossil-fueled Development)","Statistical"
2040-02-01,2040,2,"tavg",25.5577610471372,"SSP5-8.5 (Fossil-fueled Development)","Statistical"
2040-03-01,2040,3,"tavg",26.6720458574136,"SSP5-8.5 (Fossil-fueled Development)","Statistical"
2040-04-01,2040,4,"tavg",27.6312426469516,"SSP5-8.5 (Fossil-fueled Development)","Statistical"
2040-05-01,2040,5,"tavg",30.5450967252484,"SSP5-8.5 (Fossil-fueled Development)","Statistical"
2040-06-01,2040,6,"tavg",29.4063859292805,"SSP5-8.5 (Fossil-fueled Development)","Statistical"
2040-07-01,2040,7,"tavg",28.0398738019745,"SSP5-8.5 (Fossil-fueled Development)","Statistical"
2040-08-01,2040,8,"tavg",28.1511315844987,"SSP5-8.5 (Fossil-fueled Development)","Statistical"
2040-09-01,2040,9,"tavg",25.9884418932474,"SSP5-8.5 (Fossil-fueled Development)","Statistical"
2040-10-01,2040,10,"tavg",24.7595977229354,"SSP5-8.5 (Fossil-fueled Development)","Statistical"
2040-11-01,2040,11,"tavg",24.3179852762393,"SSP5-8.5 (Fossil-fueled Development)","Statistical"
2040-12-01,2040,12,"tavg",24.4730598060049,"SSP5-8.5 (Fossil-fueled Development)","Statistical"
2041-01-01,2041,1,"tavg",22.9254515879572,"SSP5-8.5 (Fossil-fueled Development)","Statistical"
2041-02-01,2041,2,"tavg",25.6213169956566,"SSP5-8.5 (Fossil-fueled Development)","Statistical"
2041-03-01,2041,3,"tavg",27.5964299736355,"SSP5-8.5 (Fossil-fueled Development)","Statistical"
2041-04-01,2041,4,"tavg",27.7050940269634,"SSP5-8.5 (Fossil-fueled Development)","Statistical"
2041-05-01,2041,5,"tavg",28.6894434957781,"SSP5-8.5 (Fossil-fueled Development)","Statistical"
2041-06-01,2041,6,"tavg",29.7980157586694,"SSP5-8.5 (Fossil-fueled Development)","Statistical"
2041-07-01,2041,7,"tavg",29.6884335129992,"SSP5-8.5 (Fossil-fueled Development)","Statistical"
2041-08-01,2041,8,"tavg",27.9565498339825,"SSP5-8.5 (Fossil-fueled Development)","Statistical"
2041-09-01,2041,9,"tavg",24.8103376132322,"SSP5-8.5 (Fossil-fueled Development)","Statistical"
2041-10-01,2041,10,"tavg",25.3524248051864,"SSP5-8.5 (Fossil-fueled Development)","Statistical"
2041-11-01,2041,11,"tavg",23.6737624742211,"SSP5-8.5 (Fossil-fueled Development)","Statistical"
2041-12-01,2041,12,"tavg",23.220126627993,"SSP5-8.5 (Fossil-fueled Development)","Statistical"
2042-01-01,2042,1,"tavg",24.2367123327057,"SSP5-8.5 (Fossil-fueled Development)","Statistical"
2042-02-01,2042,2,"tavg",25.0097510543692,"SSP5-8.5 (Fossil-fueled Development)","Statistical"
2042-03-01,2042,3,"tavg",27.2822357240868,"SSP5-8.5 (Fossil-fueled Development)","Statistical"
2042-04-01,2042,4,"tavg",27.7882548062164,"SSP5-8.5 (Fossil-fueled Development)","Statistical"
2042-05-01,2042,5,"tavg",28.9619578534224,"SSP5-8.5 (Fossil-fueled Development)","Statistical"
2042-06-01,2042,6,"tavg",29.8453500982465,"SSP5-8.5 (Fossil-fueled Development)","Statistical"
2042-07-01,2042,7,"tavg",29.3301431463588,"SSP5-8.5 (Fossil-fueled Development)","Statistical"
2042-08-01,2042,8,"tavg",27.339128897188,"SSP5-8.5 (Fossil-fueled Development)","Statistical"
2042-09-01,2042,9,"tavg",25.9613652662562,"SSP5-8.5 (Fossil-fueled Development)","Statistical"
2042-10-01,2042,10,"tavg",24.4167631211957,"SSP5-8.5 (Fossil-fueled Development)","Statistical"
2042-11-01,2042,11,"tavg",24.2144556465589,"SSP5-8.5 (Fossil-fueled Development)","Statistical"
2042-12-01,2042,12,"tavg",23.3248008926561,"SSP5-8.5 (Fossil-fueled Development)","Statistical"
2043-01-01,2043,1,"tavg",23.8401573975105,"SSP5-8.5 (Fossil-fueled Development)","Statistical"
2043-02-01,2043,2,"tavg",24.7758592845352,"SSP5-8.5 (Fossil-fueled Development)","Statistical"
2043-03-01,2043,3,"tavg",26.8853616077626,"SSP5-8.5 (Fossil-fueled Development)","Statistical"
2043-04-01,2043,4,"tavg",27.8522038601887,"SSP5-8.5 (Fossil-fueled Development)","Statistical"
2043-05-01,2043,5,"tavg",30.1584410104285,"SSP5-8.5 (Fossil-fueled Development)","Statistical"
2043-06-01,2043,6,"tavg",29.8683311395214,"SSP5-8.5 (Fossil-fueled Development)","Statistical"
2043-07-01,2043,7,"tavg",30.1642085906805,"SSP5-8.5 (Fossil-fueled Development)","Statistical"
2043-08-01,2043,8,"tavg",27.9908964547925,"SSP5-8.5 (Fossil-fueled Development)","Statistical"
2043-09-01,2043,9,"tavg",26.6317259440762,"SSP5-8.5 (Fossil-fueled Development)","Statistical"
2043-10-01,2043,10,"tavg",25.0101883360371,"SSP5-8.5 (Fossil-fueled Development)","Statistical"
2043-11-01,2043,11,"tavg",23.3063961518492,"SSP5-8.5 (Fossil-fueled Development)","Statistical"
2043-12-01,2043,12,"tavg",24.5289660460622,"SSP5-8.5 (Fossil-fueled Development)","Statistical"
2044-01-01,2044,1,"tavg",24.3472606597006,"SSP5-8.5 (Fossil-fueled Development)","Statistical"
2044-02-01,2044,2,"tavg",24.9536122406665,"SSP5-8.5 (Fossil-fueled Development)","Statistical"
2044-03-01,2044,3,"tavg",27.3222836252111,"SSP5-8.5 (Fossil-fueled Development)","Statistical"
2044-04-01,2044,4,"tavg",27.4244769625256,"SSP5-8.5 (Fossil-fueled Development)","Statistical"
2044-05-01,2044,5,"tavg",29.6927774923866,"SSP5-8.5 (Fossil-fueled Development)","Statistical"
2044-06-01,2044,6,"tavg",29.9437681486395,"SSP5-8.5 (Fossil-fueled Development)","Statistical"
2044-07-01,2044,7,"tavg",28.5313977591843,"SSP5-8.5 (Fossil-fueled Development)","Statistical"
2044-08-01,2044,8,"tavg",28.6468496841968,"SSP5-8.5 (Fossil-fueled Development)","Statistical"
2044-09-01,2044,9,"tavg",25.9300926958367,"SSP5-8.5 (Fossil-fueled Development)","Statistical"
2044-10-01,2044,10,"tavg",24.669303486835,"SSP5-8.5 (Fossil-fueled Development)","Statistical"
2044-11-01,2044,11,"tavg",24.768744175846,"SSP5-8.5 (Fossil-fueled Development)","Statistical"
2044-12-01,2044,12,"tavg",24.3181390722016,"SSP5-8.5 (Fossil-fueled Development)","Statistical"
2045-01-01,2045,1,"tavg",24.3392929558183,"SSP5-8.5 (Fossil-fueled Development)","Statistical"
2045-02-01,2045,2,"tavg",26.0125238773616,"SSP5-8.5 (Fossil-fueled Development)","Statistical"
2045-03-01,2045,3,"tavg",26.6571104887054,"SSP5-8.5 (Fossil-fueled Development)","Statistical"
2045-04-01,2045,4,"tavg",28.028416869848,"SSP5-8.5 (Fossil-fueled Development)","Statistical"
2045-05-01,2045,5,"tavg",29.8738944848919,"SSP5-8.5 (Fossil-fueled Development)","Statistical"
2045-06-01,2045,6,"tavg",31.0503227983522,"SSP5-8.5 (Fossil-fueled Development)","Statistical"
2045-07-01,2045,7,"tavg",29.031383854359,"SSP5-8.5 (Fossil-fueled Development)","Statistical"
2045-08-01,2045,8,"tavg",28.0836621078135,"SSP5-8.5 (Fossil-fueled Development)","Statistical"
2045-09-01,2045,9,"tavg",26.575129190259,"SSP5-8.5 (Fossil-fueled Development)","Statistical"
2045-10-01,2045,10,"tavg",25.9653620966749,"SSP5-8.5 (Fossil-fueled Development)","Statistical"
2045-11-01,2045,11,"tavg",24.6481941903894,"SSP5-8.5 (Fossil-fueled Development)","Statistical"
2045-12-01,2045,12,"tavg",23.3058769225057,"SSP5-8.5 (Fossil-fueled Development)","Statistical"
2046-01-01,2046,1,"tavg",24.3009950523418,"SSP5-8.5 (Fossil-fueled Development)","Statistical"
2046-02-01,2046,2,"tavg",25.7770743694738,"SSP5-8.5 (Fossil-fueled Development)","Statistical"
2046-03-01,2046,3,"tavg",27.4015607234342,"SSP5-8.5 (Fossil-fueled Development)","Statistical"
2046-04-01,2046,4,"tavg",27.859174476091,"SSP5-8.5 (Fossil-fueled Development)","Statistical"
2046-05-01,2046,5,"tavg",30.7634871379753,"SSP5-8.5 (Fossil-fueled Development)","Statistical"
2046-06-01,2046,6,"tavg",29.3858446221931,"SSP5-8.5 (Fossil-fueled Development)","Statistical"
2046-07-01,2046,7,"tavg",27.4886353096608,"SSP5-8.5 (Fossil-fueled Development)","Statistical"
2046-08-01,2046,8,"tavg",28.5922665380728,"SSP5-8.5 (Fossil-fueled Development)","Statistical"
2046-09-01,2046,9,"tavg",27.8368164252127,"SSP5-8.5 (Fossil-fueled Development)","Statistical"
2046-10-01,2046,10,"tavg",24.8899117011008,"SSP5-8.5 (Fossil-fueled Development)","Statistical"
2046-11-01,2046,11,"tavg",23.6236840767099,"SSP5-8.5 (Fossil-fueled Development)","Statistical"
2046-12-01,2046,12,"tavg",23.3448494190533,"SSP5-8.5 (Fossil-fueled Development)","Statistical"
2047-01-01,2047,1,"tavg",23.7820536538752,"SSP5-8.5 (Fossil-fueled Development)","Statistical"
2047-02-01,2047,2,"tavg",25.6346746201194,"SSP5-8.5 (Fossil-fueled Development)","Statistical"
2047-03-01,2047,3,"tavg",28.6697619255191,"SSP5-8.5 (Fossil-fueled Development)","Statistical"
2047-04-01,2047,4,"tavg",29.2196067269925,"SSP5-8.5 (Fossil-fueled Development)","Statistical"
2047-05-01,2047,5,"tavg",30.3645872946284,"SSP5-8.5 (Fossil-fueled Development)","Statistical"
2047-06-01,2047,6,"tavg",29.8481275937954,"SSP5-8.5 (Fossil-fueled Development)","Statistical"
2047-07-01,2047,7,"tavg",30.9614383121191,"SSP5-8.5 (Fossil-fueled Development)","Statistical"
2047-08-01,2047,8,"tavg",28.6794401370811,"SSP5-8.5 (Fossil-fueled Development)","Statistical"
2047-09-01,2047,9,"tavg",27.6951326156833,"SSP5-8.5 (Fossil-fueled Development)","Statistical"
2047-10-01,2047,10,"tavg",25.9263809328249,"SSP5-8.5 (Fossil-fueled Development)","Statistical"
2047-11-01,2047,11,"tavg",23.5972902872549,"SSP5-8.5 (Fossil-fueled Development)","Statistical"
2047-12-01,2047,12,"tavg",23.8490930158056,"SSP5-8.5 (Fossil-fueled Development)","Statistical"
2048-01-01,2048,1,"tavg",24.5597170797158,"SSP5-8.5 (Fossil-fueled Development)","Statistical"
2048-02-01,2048,2,"tavg",24.3034945949818,"SSP5-8.5 (Fossil-fueled Development)","Statistical"
2048-03-01,2048,3,"tavg",27.4437153193678,"SSP5-8.5 (Fossil-fueled Development)","Statistical"
2048-04-01,2048,4,"tavg",29.1312485064877,"SSP5-8.5 (Fossil-fueled Development)","Statistical"
2048-05-01,2048,5,"tavg",29.169903881683,"SSP5-8.5 (Fossil-fueled Development)","Statistical"
2048-06-01,2048,6,"tavg",28.9047933912798,"SSP5-8.5 (Fossil-fueled Development)","Statistical"
2048-07-01,2048,7,"tavg",28.8431970903164,"SSP5-8.5 (Fossil-fueled Development)","Statistical"
2048-08-01,2048,8,"tavg",27.8603049783702,"SSP5-8.5 (Fossil-fueled Development)","Statistical"
2048-09-01,2048,9,"tavg",26.3295846468515,"SSP5-8.5 (Fossil-fueled Development)","Statistical"
2048-10-01,2048,10,"tavg",25.8415571637301,"SSP5-8.5 (Fossil-fueled Development)","Statistical"
2048-11-01,2048,11,"tavg",24.3376390569717,"SSP5-8.5 (Fossil-fueled Development)","Statistical"
2048-12-01,2048,12,"tavg",22.1146216313968,"SSP5-8.5 (Fossil-fueled Development)","Statistical"
2049-01-01,2049,1,"tavg",25.3499034411617,"SSP5-8.5 (Fossil-fueled Development)","Statistical"
2049-02-01,2049,2,"tavg",25.922309214337,"SSP5-8.5 (Fossil-fueled Development)","Statistical"
2049-03-01,2049,3,"tavg",26.8971845044782,"SSP5-8.5 (Fossil-fueled Development)","Statistical"
2049-04-01,2049,4,"tavg",27.8824693064478,"SSP5-8.5 (Fossil-fueled Development)","Statistical"
2049-05-01,2049,5,"tavg",28.7324338823321,"SSP5-8.5 (Fossil-fueled Development)","Statistical"
2049-06-01,2049,6,"tavg",30.8576260222488,"SSP5-8.5 (Fossil-fueled Development)","Statistical"
2049-07-01,2049,7,"tavg",28.9838517864531,"SSP5-8.5 (Fossil-fueled Development)","Statistical"
2049-08-01,2049,8,"tavg",29.5451601939407,"SSP5-8.5 (Fossil-fueled Development)","Statistical"
2049-09-01,2049,9,"tavg",27.4226255954654,"SSP5-8.5 (Fossil-fueled Development)","Statistical"
2049-10-01,2049,10,"tavg",26.3778541181666,"SSP5-8.5 (Fossil-fueled Development)","Statistical"
2049-11-01,2049,11,"tavg",23.7697781939815,"SSP5-8.5 (Fossil-fueled Development)","Statistical"
2049-12-01,2049,12,"tavg",25.0312332386519,"SSP5-8.5 (Fossil-fueled Development)","Statistical"
2050-01-01,2050,1,"tavg",25.1042115339628,"SSP5-8.5 (Fossil-fueled Development)","Statistical"
2050-02-01,2050,2,"tavg",25.5467401909574,"SSP5-8.5 (Fossil-fueled Development)","Statistical"
2050-03-01,2050,3,"tavg",27.6698184664593,"SSP5-8.5 (Fossil-fueled Development)","Statistical"
2050-04-01,2050,4,"tavg",28.5393559920682,"SSP5-8.5 (Fossil-fueled Development)","Statistical"
2050-05-01,2050,5,"tavg",29.1968814652051,"SSP5-8.5 (Fossil-fueled Development)","Statistical"
2050-06-01,2050,6,"tavg",29.2718916591709,"SSP5-8.5 (Fossil-fueled Development)","Statistical"
2050-07-01,2050,7,"tavg",29.9200628321366,"SSP5-8.5 (Fossil-fueled Development)","Statistical"
2050-08-01,2050,8,"tavg",29.534759560513,"SSP5-8.5 (Fossil-fueled Development)","Statistical"
2050-09-01,2050,9,"tavg",26.6865436798452,"SSP5-8.5 (Fossil-fueled Development)","Statistical"
2050-10-01,2050,10,"tavg",26.314945242543,"SSP5-8.5 (Fossil-fueled Development)","Statistical"
2050-11-01,2050,11,"tavg",24.5544752949787,"SSP5-8.5 (Fossil-fueled Development)","Statistical"
2050-12-01,2050,12,"tavg",24.830179189598,"SSP5-8.5 (Fossil-fueled Development)","Statistical"
2051-01-01,2051,1,"tavg",24.4335518083649,"SSP5-8.5 (Fossil-fueled Development)","Statistical"
2051-02-01,2051,2,"tavg",25.7926338135928,"SSP5-8.5 (Fossil-fueled Development)","Statistical"
2051-03-01,2051,3,"tavg",26.9329646106502,"SSP5-8.5 (Fossil-fueled Development)","Statistical"
2051-04-01,2051,4,"tavg",29.0148550565967,"SSP5-8.5 (Fossil-fueled Development)","Statistical"
2051-05-01,2051,5,"tavg",30.2620836236452,"SSP5-8.5 (Fossil-fueled Development)","Statistical"
2051-06-01,2051,6,"tavg",30.9979154356027,"SSP5-8.5 (Fossil-fueled Development)","Statistical"
2051-07-01,2051,7,"tavg",29.4358673172172,"SSP5-8.5 (Fossil-fueled Development)","Statistical"
2051-08-01,2051,8,"tavg",27.5471563121014,"SSP5-8.5 (Fossil-fueled Development)","Statistical"
2051-09-01,2051,9,"tavg",27.978851401036,"SSP5-8.5 (Fossil-fueled Development)","Statistical"
2051-10-01,2051,10,"tavg",26.5255688232082,"SSP5-8.5 (Fossil-fueled Development)","Statistical"
2051-11-01,2051,11,"tavg",23.1622857792767,"SSP5-8.5 (Fossil-fueled Development)","Statistical"
2051-12-01,2051,12,"tavg",23.7354201772127,"SSP5-8.5 (Fossil-fueled Development)","Statistical"
2052-01-01,2052,1,"tavg",25.0082351357103,"SSP5-8.5 (Fossil-fueled Development)","Statistical"
2052-02-01,2052,2,"tavg",24.0709041433805,"SSP5-8.5 (Fossil-fueled Development)","Statistical"
2052-03-01,2052,3,"tavg",27.0051211618688,"SSP5-8.5 (Fossil-fueled Development)","Statistical"
2052-04-01,2052,4,"tavg",27.4645457236953,"SSP5-8.5 (Fossil-fueled Development)","Statistical"
2052-05-01,2052,5,"tavg",30.1267290277906,"SSP5-8.5 (Fossil-fueled Development)","Statistical"
2052-06-01,2052,6,"tavg",31.0970551377206,"SSP5-8.5 (Fossil-fueled Development)","Statistical"
2052-07-01,2052,7,"tavg",29.345991491825,"SSP5-8.5 (Fossil-fueled Development)","Statistical"
2052-08-01,2052,8,"tavg",30.5192700443788,"SSP5-8.5 (Fossil-fueled Development)","Statistical"
2052-09-01,2052,9,"tavg",26.6914546486591,"SSP5-8.5 (Fossil-fueled Development)","Statistical"
2052-10-01,2052,10,"tavg",24.86330947481,"SSP5-8.5 (Fossil-fueled Development)","Statistical"
2052-11-01,2052,11,"tavg",23.7252573069268,"SSP5-8.5 (Fossil-fueled Development)","Statistical"
2052-12-01,2052,12,"tavg",24.9409770357408,"SSP5-8.5 (Fossil-fueled Development)","Statistical"
2053-01-01,2053,1,"tavg",25.1176075416225,"SSP5-8.5 (Fossil-fueled Development)","Statistical"
2053-02-01,2053,2,"tavg",26.2314901757927,"SSP5-8.5 (Fossil-fueled Development)","Statistical"
2053-03-01,2053,3,"tavg",27.9916480523497,"SSP5-8.5 (Fossil-fueled Development)","Statistical"
2053-04-01,2053,4,"tavg",28.3500879247525,"SSP5-8.5 (Fossil-fueled Development)","Statistical"
2053-05-01,2053,5,"tavg",28.9337137575993,"SSP5-8.5 (Fossil-fueled Development)","Statistical"
2053-06-01,2053,6,"tavg",29.2221722748563,"SSP5-8.5 (Fossil-fueled Development)","Statistical"
2053-07-01,2053,7,"tavg",29.8003079402103,"SSP5-8.5 (Fossil-fueled Development)","Statistical"
2053-08-01,2053,8,"tavg",27.6290928450901,"SSP5-8.5 (Fossil-fueled Development)","Statistical"
2053-09-01,2053,9,"tavg",26.6788953707874,"SSP5-8.5 (Fossil-fueled Development)","Statistical"
2053-10-01,2053,10,"tavg",25.2677009980263,"SSP5-8.5 (Fossil-fueled Development)","Statistical"
2053-11-01,2053,11,"tavg",24.4217834893018,"SSP5-8.5 (Fossil-fueled Development)","Statistical"
2053-12-01,2053,12,"tavg",24.7181046658012,"SSP5-8.5 (Fossil-fueled Development)","Statistical"
2024-01-01,2024,1,"tavg",26.5591180377023,"SSP5-8.5 (Fossil-fueled Development)","ARIMA"
2024-02-01,2024,2,"tavg",27.6136512098293,"SSP5-8.5 (Fossil-fueled Development)","ARIMA"
2024-03-01,2024,3,"tavg",29.2578448941914,"SSP5-8.5 (Fossil-fueled Development)","ARIMA"
2024-04-01,2024,4,"tavg",29.2640417388721,"SSP5-8.5 (Fossil-fueled Development)","ARIMA"
2024-05-01,2024,5,"tavg",28.9692995385505,"SSP5-8.5 (Fossil-fueled Development)","ARIMA"
2024-06-01,2024,6,"tavg",27.7608288904444,"SSP5-8.5 (Fossil-fueled Development)","ARIMA"
2024-07-01,2024,7,"tavg",26.2148752149107,"SSP5-8.5 (Fossil-fueled Development)","ARIMA"
2024-08-01,2024,8,"tavg",25.2142120953958,"SSP5-8.5 (Fossil-fueled Development)","ARIMA"
2024-09-01,2024,9,"tavg",23.6934221304462,"SSP5-8.5 (Fossil-fueled Development)","ARIMA"
2024-10-01,2024,10,"tavg",23.455456628002,"SSP5-8.5 (Fossil-fueled Development)","ARIMA"
2024-11-01,2024,11,"tavg",24.0792374651044,"SSP5-8.5 (Fossil-fueled Development)","ARIMA"
2024-12-01,2024,12,"tavg",24.7364041098176,"SSP5-8.5 (Fossil-fueled Development)","ARIMA"
2025-01-01,2025,1,"tavg",26.6621527631575,"SSP5-8.5 (Fossil-fueled Development)","ARIMA"
2025-02-01,2025,2,"tavg",27.7280330293543,"SSP5-8.5 (Fossil-fueled Development)","ARIMA"
2025-03-01,2025,3,"tavg",29.3725872938856,"SSP5-8.5 (Fossil-fueled Development)","ARIMA"
2025-04-01,2025,4,"tavg",29.3787955968355,"SSP5-8.5 (Fossil-fueled Development)","ARIMA"
2025-05-01,2025,5,"tavg",29.0840537606269,"SSP5-8.5 (Fossil-fueled Development)","ARIMA"
2025-06-01,2025,6,"tavg",27.8755831240914,"SSP5-8.5 (Fossil-fueled Development)","ARIMA"
2025-07-01,2025,7,"tavg",26.3296294489254,"SSP5-8.5 (Fossil-fueled Development)","ARIMA"
2025-08-01,2025,8,"tavg",25.3289663294222,"SSP5-8.5 (Fossil-fueled Development)","ARIMA"
2025-09-01,2025,9,"tavg",23.8081763644729,"SSP5-8.5 (Fossil-fueled Development)","ARIMA"
2025-10-01,2025,10,"tavg",23.5702108620288,"SSP5-8.5 (Fossil-fueled Development)","ARIMA"
2025-11-01,2025,11,"tavg",24.1939916991311,"SSP5-8.5 (Fossil-fueled Development)","ARIMA"
2025-12-01,2025,12,"tavg",24.8511583438443,"SSP5-8.5 (Fossil-fueled Development)","ARIMA"
2026-01-01,2026,1,"tavg",26.7773069971843,"SSP5-8.5 (Fossil-fueled Development)","ARIMA"
2026-02-01,2026,2,"tavg",27.8431872633811,"SSP5-8.5 (Fossil-fueled Development)","ARIMA"
2026-03-01,2026,3,"tavg",29.4877415279124,"SSP5-8.5 (Fossil-fueled Development)","ARIMA"
2026-04-01,2026,4,"tavg",29.4939498308623,"SSP5-8.5 (Fossil-fueled Development)","ARIMA"
2026-05-01,2026,5,"tavg",29.1992079946537,"SSP5-8.5 (Fossil-fueled Development)","ARIMA"
2026-06-01,2026,6,"tavg",27.9907373581182,"SSP5-8.5 (Fossil-fueled Development)","ARIMA"
2026-07-01,2026,7,"tavg",26.4447836829522,"SSP5-8.5 (Fossil-fueled Development)","ARIMA"
2026-08-01,2026,8,"tavg",25.444120563449,"SSP5-8.5 (Fossil-fueled Development)","ARIMA"
2026-09-01,2026,9,"tavg",23.9233305984997,"SSP5-8.5 (Fossil-fueled Development)","ARIMA"
2026-10-01,2026,10,"tavg",23.6853650960555,"SSP5-8.5 (Fossil-fueled Development)","ARIMA"
2026-11-01,2026,11,"tavg",24.3091459331579,"SSP5-8.5 (Fossil-fueled Development)","ARIMA"
2026-12-01,2026,12,"tavg",24.9663125778711,"SSP5-8.5 (Fossil-fueled Development)","ARIMA"
2027-01-01,2027,1,"tavg",26.8928612312111,"SSP5-8.5 (Fossil-fueled Development)","ARIMA"
2027-02-01,2027,2,"tavg",27.9587414974078,"SSP5-8.5 (Fossil-fueled Development)","ARIMA"
2027-03-01,2027,3,"tavg",29.6032957619392,"SSP5-8.5 (Fossil-fueled Development)","ARIMA"
2027-04-01,2027,4,"tavg",29.6095040648891,"SSP5-8.5 (Fossil-fueled Development)","ARIMA"
2027-05-01,2027,5,"tavg",29.3147622286805,"SSP5-8.5 (Fossil-fueled Development)","ARIMA"
2027-06-01,2027,6,"tavg",28.106291592145,"SSP5-8.5 (Fossil-fueled Development)","ARIMA"
2027-07-01,2027,7,"tavg",26.560337916979,"SSP5-8.5 (Fossil-fueled Development)","ARIMA"
2027-08-01,2027,8,"tavg",25.5596747974757,"SSP5-8.5 (Fossil-fueled Development)","ARIMA"
2027-09-01,2027,9,"tavg",24.0388848325264,"SSP5-8.5 (Fossil-fueled Development)","ARIMA"
2027-10-01,2027,10,"tavg",23.8009193300823,"SSP5-8.5 (Fossil-fueled Development)","ARIMA"
2027-11-01,2027,11,"tavg",24.4247001671847,"SSP5-8.5 (Fossil-fueled Development)","ARIMA"
2027-12-01,2027,12,"tavg",25.0818668118979,"SSP5-8.5 (Fossil-fueled Development)","ARIMA"
2028-01-01,2028,1,"tavg",27.0088154652378,"SSP5-8.5 (Fossil-fueled Development)","ARIMA"
2028-02-01,2028,2,"tavg",28.0746957314346,"SSP5-8.5 (Fossil-fueled Development)","ARIMA"
2028-03-01,2028,3,"tavg",29.7192499959659,"SSP5-8.5 (Fossil-fueled Development)","ARIMA"
2028-04-01,2028,4,"tavg",29.7254582989158,"SSP5-8.5 (Fossil-fueled Development)","ARIMA"
2028-05-01,2028,5,"tavg",29.4307164627072,"SSP5-8.5 (Fossil-fueled Development)","ARIMA"
2028-06-01,2028,6,"tavg",28.2222458261718,"SSP5-8.5 (Fossil-fueled Development)","ARIMA"
2028-07-01,2028,7,"tavg",26.6762921510057,"SSP5-8.5 (Fossil-fueled Development)","ARIMA"
2028-08-01,2028,8,"tavg",25.6756290315025,"SSP5-8.5 (Fossil-fueled Development)","ARIMA"
2028-09-01,2028,9,"tavg",24.1548390665532,"SSP5-8.5 (Fossil-fueled Development)","ARIMA"
2028-10-01,2028,10,"tavg",23.9168735641091,"SSP5-8.5 (Fossil-fueled Development)","ARIMA"
2028-11-01,2028,11,"tavg",24.5406544012114,"SSP5-8.5 (Fossil-fueled Development)","ARIMA"
2028-12-01,2028,12,"tavg",25.1978210459247,"SSP5-8.5 (Fossil-fueled Development)","ARIMA"
2029-01-01,2029,1,"tavg",27.1251696992646,"SSP5-8.5 (Fossil-fueled Development)","ARIMA"
2029-02-01,2029,2,"tavg",28.1910499654614,"SSP5-8.5 (Fossil-fueled Development)","ARIMA"
2029-03-01,2029,3,"tavg",29.8356042299927,"SSP5-8.5 (Fossil-fueled Development)","ARIMA"
2029-04-01,2029,4,"tavg",29.8418125329426,"SSP5-8.5 (Fossil-fueled Development)","ARIMA"
2029-05-01,2029,5,"tavg",29.547070696734,"SSP5-8.5 (Fossil-fueled Development)","ARIMA"
2029-06-01,2029,6,"tavg",28.3386000601985,"SSP5-8.5 (Fossil-fueled Development)","ARIMA"
2029-07-01,2029,7,"tavg",26.7926463850325,"SSP5-8.5 (Fossil-fueled Development)","ARIMA"
2029-08-01,2029,8,"tavg",25.7919832655293,"SSP5-8.5 (Fossil-fueled Development)","ARIMA"
2029-09-01,2029,9,"tavg",24.27119330058,"SSP5-8.5 (Fossil-fueled Development)","ARIMA"
2029-10-01,2029,10,"tavg",24.0332277981359,"SSP5-8.5 (Fossil-fueled Development)","ARIMA"
2029-11-01,2029,11,"tavg",24.6570086352382,"SSP5-8.5 (Fossil-fueled Development)","ARIMA"
2029-12-01,2029,12,"tavg",25.3141752799514,"SSP5-8.5 (Fossil-fueled Development)","ARIMA"
2030-01-01,2030,1,"tavg",27.2419239332914,"SSP5-8.5 (Fossil-fueled Development)","ARIMA"
2030-02-01,2030,2,"tavg",28.3078041994882,"SSP5-8.5 (Fossil-fueled Development)","ARIMA"
2030-03-01,2030,3,"tavg",29.9523584640195,"SSP5-8.5 (Fossil-fueled Development)","ARIMA"
2030-04-01,2030,4,"tavg",29.9585667669694,"SSP5-8.5 (Fossil-fueled Development)","ARIMA"
2030-05-01,2030,5,"tavg",29.6638249307608,"SSP5-8.5 (Fossil-fueled Development)","ARIMA"
2030-06-01,2030,6,"tavg",28.4553542942253,"SSP5-8.5 (Fossil-fueled Development)","ARIMA"
2030-07-01,2030,7,"tavg",26.9094006190593,"SSP5-8.5 (Fossil-fueled Development)","ARIMA"
2030-08-01,2030,8,"tavg",25.9087374995561,"SSP5-8.5 (Fossil-fueled Development)","ARIMA"
2030-09-01,2030,9,"tavg",24.3879475346068,"SSP5-8.5 (Fossil-fueled Development)","ARIMA"
2030-10-01,2030,10,"tavg",24.1499820321626,"SSP5-8.5 (Fossil-fueled Development)","ARIMA"
2030-11-01,2030,11,"tavg",24.773762869265,"SSP5-8.5 (Fossil-fueled Development)","ARIMA"
2030-12-01,2030,12,"tavg",25.4309295139782,"SSP5-8.5 (Fossil-fueled Development)","ARIMA"
2031-01-01,2031,1,"tavg",27.3590781673182,"SSP5-8.5 (Fossil-fueled Development)","ARIMA"
2031-02-01,2031,2,"tavg",28.4249584335149,"SSP5-8.5 (Fossil-fueled Development)","ARIMA"
2031-03-01,2031,3,"tavg",30.0695126980463,"SSP5-8.5 (Fossil-fueled Development)","ARIMA"
2031-04-01,2031,4,"tavg",30.0757210009962,"SSP5-8.5 (Fossil-fueled Development)","ARIMA"
2031-05-01,2031,5,"tavg",29.7809791647876,"SSP5-8.5 (Fossil-fueled Development)","ARIMA"
2031-06-01,2031,6,"tavg",28.5725085282521,"SSP5-8.5 (Fossil-fueled Development)","ARIMA"
2031-07-01,2031,7,"tavg",27.0265548530861,"SSP5-8.5 (Fossil-fueled Development)","ARIMA"
2031-08-01,2031,8,"tavg",26.0258917335829,"SSP5-8.5 (Fossil-fueled Development)","ARIMA"
2031-09-01,2031,9,"tavg",24.5051017686336,"SSP5-8.5 (Fossil-fueled Development)","ARIMA"
2031-10-01,2031,10,"tavg",24.2671362661894,"SSP5-8.5 (Fossil-fueled Development)","ARIMA"
2031-11-01,2031,11,"tavg",24.8909171032918,"SSP5-8.5 (Fossil-fueled Development)","ARIMA"
2031-12-01,2031,12,"tavg",25.548083748005,"SSP5-8.5 (Fossil-fueled Development)","ARIMA"
2032-01-01,2032,1,"tavg",27.4766324013449,"SSP5-8.5 (Fossil-fueled Development)","ARIMA"
2032-02-01,2032,2,"tavg",28.5425126675417,"SSP5-8.5 (Fossil-fueled Development)","ARIMA"
2032-03-01,2032,3,"tavg",30.1870669320731,"SSP5-8.5 (Fossil-fueled Development)","ARIMA"
2032-04-01,2032,4,"tavg",30.1932752350229,"SSP5-8.5 (Fossil-fueled Development)","ARIMA"
2032-05-01,2032,5,"tavg",29.8985333988144,"SSP5-8.5 (Fossil-fueled Development)","ARIMA"
2032-06-01,2032,6,"tavg",28.6900627622789,"SSP5-8.5 (Fossil-fueled Development)","ARIMA"
2032-07-01,2032,7,"tavg",27.1441090871128,"SSP5-8.5 (Fossil-fueled Development)","ARIMA"
2032-08-01,2032,8,"tavg",26.1434459676096,"SSP5-8.5 (Fossil-fueled Development)","ARIMA"
2032-09-01,2032,9,"tavg",24.6226560026603,"SSP5-8.5 (Fossil-fueled Development)","ARIMA"
2032-10-01,2032,10,"tavg",24.3846905002162,"SSP5-8.5 (Fossil-fueled Development)","ARIMA"
2032-11-01,2032,11,"tavg",25.0084713373185,"SSP5-8.5 (Fossil-fueled Development)","ARIMA"
2032-12-01,2032,12,"tavg",25.6656379820318,"SSP5-8.5 (Fossil-fueled Development)","ARIMA"
2033-01-01,2033,1,"tavg",27.5945866353717,"SSP5-8.5 (Fossil-fueled Development)","ARIMA"
2033-02-01,2033,2,"tavg",28.6604669015685,"SSP5-8.5 (Fossil-fueled Development)","ARIMA"
2033-03-01,2033,3,"tavg",30.3050211660998,"SSP5-8.5 (Fossil-fueled Development)","ARIMA"
2033-04-01,2033,4,"tavg",30.3112294690497,"SSP5-8.5 (Fossil-fueled Development)","ARIMA"
2033-05-01,2033,5,"tavg",30.0164876328411,"SSP5-8.5 (Fossil-fueled Development)","ARIMA"
2033-06-01,2033,6,"tavg",28.8080169963057,"SSP5-8.5 (Fossil-fueled Development)","ARIMA"
2033-07-01,2033,7,"tavg",27.2620633211396,"SSP5-8.5 (Fossil-fueled Development)","ARIMA"
2033-08-01,2033,8,"tavg",26.2614002016364,"SSP5-8.5 (Fossil-fueled Development)","ARIMA"
2033-09-01,2033,9,"tavg",24.7406102366871,"SSP5-8.5 (Fossil-fueled Development)","ARIMA"
2033-10-01,2033,10,"tavg",24.502644734243,"SSP5-8.5 (Fossil-fueled Development)","ARIMA"
2033-11-01,2033,11,"tavg",25.1264255713453,"SSP5-8.5 (Fossil-fueled Development)","ARIMA"
2033-12-01,2033,12,"tavg",25.7835922160586,"SSP5-8.5 (Fossil-fueled Development)","ARIMA"
2034-01-01,2034,1,"tavg",27.7129408693985,"SSP5-8.5 (Fossil-fueled Development)","ARIMA"
2034-02-01,2034,2,"tavg",28.7788211355953,"SSP5-8.5 (Fossil-fueled Development)","ARIMA"
2034-03-01,2034,3,"tavg",30.4233754001266,"SSP5-8.5 (Fossil-fueled Development)","ARIMA"
2034-04-01,2034,4,"tavg",30.4295837030765,"SSP5-8.5 (Fossil-fueled Development)","ARIMA"
2034-05-01,2034,5,"tavg",30.1348418668679,"SSP5-8.5 (Fossil-fueled Development)","ARIMA"
2034-06-01,2034,6,"tavg",28.9263712303324,"SSP5-8.5 (Fossil-fueled Development)","ARIMA"
2034-07-01,2034,7,"tavg",27.3804175551664,"SSP5-8.5 (Fossil-fueled Development)","ARIMA"
2034-08-01,2034,8,"tavg",26.3797544356632,"SSP5-8.5 (Fossil-fueled Development)","ARIMA"
2034-09-01,2034,9,"tavg",24.8589644707139,"SSP5-8.5 (Fossil-fueled Development)","ARIMA"
2034-10-01,2034,10,"tavg",24.6209989682698,"SSP5-8.5 (Fossil-fueled Development)","ARIMA"
2034-11-01,2034,11,"tavg",25.2447798053721,"SSP5-8.5 (Fossil-fueled Development)","ARIMA"
2034-12-01,2034,12,"tavg",25.9019464500854,"SSP5-8.5 (Fossil-fueled Development)","ARIMA"
2035-01-01,2035,1,"tavg",27.8316951034253,"SSP5-8.5 (Fossil-fueled Development)","ARIMA"
2035-02-01,2035,2,"tavg",28.8975753696221,"SSP5-8.5 (Fossil-fueled Development)","ARIMA"
2035-03-01,2035,3,"tavg",30.5421296341534,"SSP5-8.5 (Fossil-fueled Development)","ARIMA"
2035-04-01,2035,4,"tavg",30.5483379371033,"SSP5-8.5 (Fossil-fueled Development)","ARIMA"
2035-05-01,2035,5,"tavg",30.2535961008947,"SSP5-8.5 (Fossil-fueled Development)","ARIMA"
2035-06-01,2035,6,"tavg",29.0451254643592,"SSP5-8.5 (Fossil-fueled Development)","ARIMA"
2035-07-01,2035,7,"tavg",27.4991717891932,"SSP5-8.5 (Fossil-fueled Development)","ARIMA"
2035-08-01,2035,8,"tavg",26.49850866969,"SSP5-8.5 (Fossil-fueled Development)","ARIMA"
2035-09-01,2035,9,"tavg",24.9777187047407,"SSP5-8.5 (Fossil-fueled Development)","ARIMA"
2035-10-01,2035,10,"tavg",24.7397532022965,"SSP5-8.5 (Fossil-fueled Development)","ARIMA"
2035-11-01,2035,11,"tavg",25.3635340393989,"SSP5-8.5 (Fossil-fueled Development)","ARIMA"
2035-12-01,2035,12,"tavg",26.0207006841121,"SSP5-8.5 (Fossil-fueled Development)","ARIMA"
2036-01-01,2036,1,"tavg",27.9508493374521,"SSP5-8.5 (Fossil-fueled Development)","ARIMA"
2036-02-01,2036,2,"tavg",29.0167296036488,"SSP5-8.5 (Fossil-fueled Development)","ARIMA"
2036-03-01,2036,3,"tavg",30.6612838681802,"SSP5-8.5 (Fossil-fueled Development)","ARIMA"
2036-04-01,2036,4,"tavg",30.6674921711301,"SSP5-8.5 (Fossil-fueled Development)","ARIMA"
2036-05-01,2036,5,"tavg",30.3727503349215,"SSP5-8.5 (Fossil-fueled Development)","ARIMA"
2036-06-01,2036,6,"tavg",29.164279698386,"SSP5-8.5 (Fossil-fueled Development)","ARIMA"
2036-07-01,2036,7,"tavg",27.61832602322,"SSP5-8.5 (Fossil-fueled Development)","ARIMA"
2036-08-01,2036,8,"tavg",26.6176629037168,"SSP5-8.5 (Fossil-fueled Development)","ARIMA"
2036-09-01,2036,9,"tavg",25.0968729387675,"SSP5-8.5 (Fossil-fueled Development)","ARIMA"
2036-10-01,2036,10,"tavg",24.8589074363233,"SSP5-8.5 (Fossil-fueled Development)","ARIMA"
2036-11-01,2036,11,"tavg",25.4826882734257,"SSP5-8.5 (Fossil-fueled Development)","ARIMA"
2036-12-01,2036,12,"tavg",26.1398549181389,"SSP5-8.5 (Fossil-fueled Development)","ARIMA"
2037-01-01,2037,1,"tavg",28.0704035714789,"SSP5-8.5 (Fossil-fueled Development)","ARIMA"
2037-02-01,2037,2,"tavg",29.1362838376756,"SSP5-8.5 (Fossil-fueled Development)","ARIMA"
2037-03-01,2037,3,"tavg",30.780838102207,"SSP5-8.5 (Fossil-fueled Development)","ARIMA"
2037-04-01,2037,4,"tavg",30.7870464051569,"SSP5-8.5 (Fossil-fueled Development)","ARIMA"
2037-05-01,2037,5,"tavg",30.4923045689483,"SSP5-8.5 (Fossil-fueled Development)","ARIMA"
2037-06-01,2037,6,"tavg",29.2838339324128,"SSP5-8.5 (Fossil-fueled Development)","ARIMA"
2037-07-01,2037,7,"tavg",27.7378802572468,"SSP5-8.5 (Fossil-fueled Development)","ARIMA"
2037-08-01,2037,8,"tavg",26.7372171377435,"SSP5-8.5 (Fossil-fueled Development)","ARIMA"
2037-09-01,2037,9,"tavg",25.2164271727943,"SSP5-8.5 (Fossil-fueled Development)","ARIMA"
2037-10-01,2037,10,"tavg",24.9784616703501,"SSP5-8.5 (Fossil-fueled Development)","ARIMA"
2037-11-01,2037,11,"tavg",25.6022425074525,"SSP5-8.5 (Fossil-fueled Development)","ARIMA"
2037-12-01,2037,12,"tavg",26.2594091521657,"SSP5-8.5 (Fossil-fueled Development)","ARIMA"
2038-01-01,2038,1,"tavg",28.1903578055056,"SSP5-8.5 (Fossil-fueled Development)","ARIMA"
2038-02-01,2038,2,"tavg",29.2562380717024,"SSP5-8.5 (Fossil-fueled Development)","ARIMA"
2038-03-01,2038,3,"tavg",30.9007923362337,"SSP5-8.5 (Fossil-fueled Development)","ARIMA"
2038-04-01,2038,4,"tavg",30.9070006391836,"SSP5-8.5 (Fossil-fueled Development)","ARIMA"
2038-05-01,2038,5,"tavg",30.6122588029751,"SSP5-8.5 (Fossil-fueled Development)","ARIMA"
2038-06-01,2038,6,"tavg",29.4037881664396,"SSP5-8.5 (Fossil-fueled Development)","ARIMA"
2038-07-01,2038,7,"tavg",27.8578344912735,"SSP5-8.5 (Fossil-fueled Development)","ARIMA"
2038-08-01,2038,8,"tavg",26.8571713717703,"SSP5-8.5 (Fossil-fueled Development)","ARIMA"
2038-09-01,2038,9,"tavg",25.336381406821,"SSP5-8.5 (Fossil-fueled Development)","ARIMA"
2038-10-01,2038,10,"tavg",25.0984159043769,"SSP5-8.5 (Fossil-fueled Development)","ARIMA"
2038-11-01,2038,11,"tavg",25.7221967414792,"SSP5-8.5 (Fossil-fueled Development)","ARIMA"
2038-12-01,2038,12,"tavg",26.3793633861925,"SSP5-8.5 (Fossil-fueled Development)","ARIMA"
2039-01-01,2039,1,"tavg",28.3107120395324,"SSP5-8.5 (Fossil-fueled Development)","ARIMA"
2039-02-01,2039,2,"tavg",29.3765923057292,"SSP5-8.5 (Fossil-fueled Development)","ARIMA"
2039-03-01,2039,3,"tavg",31.0211465702605,"SSP5-8.5 (Fossil-fueled Development)","ARIMA"
2039-04-01,2039,4,"tavg",31.0273548732104,"SSP5-8.5 (Fossil-fueled Development)","ARIMA"
2039-05-01,2039,5,"tavg",30.7326130370018,"SSP5-8.5 (Fossil-fueled Development)","ARIMA"
2039-06-01,2039,6,"tavg",29.5241424004664,"SSP5-8.5 (Fossil-fueled Development)","ARIMA"
2039-07-01,2039,7,"tavg",27.9781887253003,"SSP5-8.5 (Fossil-fueled Development)","ARIMA"
2039-08-01,2039,8,"tavg",26.9775256057971,"SSP5-8.5 (Fossil-fueled Development)","ARIMA"
2039-09-01,2039,9,"tavg",25.4567356408478,"SSP5-8.5 (Fossil-fueled Development)","ARIMA"
2039-10-01,2039,10,"tavg",25.2187701384037,"SSP5-8.5 (Fossil-fueled Development)","ARIMA"
2039-11-01,2039,11,"tavg",25.842550975506,"SSP5-8.5 (Fossil-fueled Development)","ARIMA"
2039-12-01,2039,12,"tavg",26.4997176202193,"SSP5-8.5 (Fossil-fueled Development)","ARIMA"
2040-01-01,2040,1,"tavg",28.4314662735592,"SSP5-8.5 (Fossil-fueled Development)","ARIMA"
2040-02-01,2040,2,"tavg",29.497346539756,"SSP5-8.5 (Fossil-fueled Development)","ARIMA"
2040-03-01,2040,3,"tavg",31.1419008042873,"SSP5-8.5 (Fossil-fueled Development)","ARIMA"
2040-04-01,2040,4,"tavg",31.1481091072372,"SSP5-8.5 (Fossil-fueled Development)","ARIMA"
2040-05-01,2040,5,"tavg",30.8533672710286,"SSP5-8.5 (Fossil-fueled Development)","ARIMA"
2040-06-01,2040,6,"tavg",29.6448966344932,"SSP5-8.5 (Fossil-fueled Development)","ARIMA"
2040-07-01,2040,7,"tavg",28.0989429593271,"SSP5-8.5 (Fossil-fueled Development)","ARIMA"
2040-08-01,2040,8,"tavg",27.0982798398239,"SSP5-8.5 (Fossil-fueled Development)","ARIMA"
2040-09-01,2040,9,"tavg",25.5774898748746,"SSP5-8.5 (Fossil-fueled Development)","ARIMA"
2040-10-01,2040,10,"tavg",25.3395243724305,"SSP5-8.5 (Fossil-fueled Development)","ARIMA"
2040-11-01,2040,11,"tavg",25.9633052095328,"SSP5-8.5 (Fossil-fueled Development)","ARIMA"
2040-12-01,2040,12,"tavg",26.6204718542461,"SSP5-8.5 (Fossil-fueled Development)","ARIMA"
2041-01-01,2041,1,"tavg",28.552620507586,"SSP5-8.5 (Fossil-fueled Development)","ARIMA"
2041-02-01,2041,2,"tavg",29.6185007737828,"SSP5-8.5 (Fossil-fueled Development)","ARIMA"
2041-03-01,2041,3,"tavg",31.2630550383141,"SSP5-8.5 (Fossil-fueled Development)","ARIMA"
2041-04-01,2041,4,"tavg",31.269263341264,"SSP5-8.5 (Fossil-fueled Development)","ARIMA"
2041-05-01,2041,5,"tavg",30.9745215050555,"SSP5-8.5 (Fossil-fueled Development)","ARIMA"
2041-06-01,2041,6,"tavg",29.76605086852,"SSP5-8.5 (Fossil-fueled Development)","ARIMA"
2041-07-01,2041,7,"tavg",28.2200971933539,"SSP5-8.5 (Fossil-fueled Development)","ARIMA"
2041-08-01,2041,8,"tavg",27.2194340738507,"SSP5-8.5 (Fossil-fueled Development)","ARIMA"
2041-09-01,2041,9,"tavg",25.6986441089014,"SSP5-8.5 (Fossil-fueled Development)","ARIMA"
2041-10-01,2041,10,"tavg",25.4606786064573,"SSP5-8.5 (Fossil-fueled Development)","ARIMA"
2041-11-01,2041,11,"tavg",26.0844594435596,"SSP5-8.5 (Fossil-fueled Development)","ARIMA"
2041-12-01,2041,12,"tavg",26.7416260882729,"SSP5-8.5 (Fossil-fueled Development)","ARIMA"
2042-01-01,2042,1,"tavg",28.6741747416128,"SSP5-8.5 (Fossil-fueled Development)","ARIMA"
2042-02-01,2042,2,"tavg",29.7400550078096,"SSP5-8.5 (Fossil-fueled Development)","ARIMA"
2042-03-01,2042,3,"tavg",31.384609272341,"SSP5-8.5 (Fossil-fueled Development)","ARIMA"
2042-04-01,2042,4,"tavg",31.3908175752908,"SSP5-8.5 (Fossil-fueled Development)","ARIMA"
2042-05-01,2042,5,"tavg",31.0960757390823,"SSP5-8.5 (Fossil-fueled Development)","ARIMA"
2042-06-01,2042,6,"tavg",29.8876051025468,"SSP5-8.5 (Fossil-fueled Development)","ARIMA"
2042-07-01,2042,7,"tavg",28.3416514273808,"SSP5-8.5 (Fossil-fueled Development)","ARIMA"
2042-08-01,2042,8,"tavg",27.3409883078775,"SSP5-8.5 (Fossil-fueled Development)","ARIMA"
2042-09-01,2042,9,"tavg",25.8201983429283,"SSP5-8.5 (Fossil-fueled Development)","ARIMA"
2042-10-01,2042,10,"tavg",25.5822328404841,"SSP5-8.5 (Fossil-fueled Development)","ARIMA"
2042-11-01,2042,11,"tavg",26.2060136775865,"SSP5-8.5 (Fossil-fueled Development)","ARIMA"
2042-12-01,2042,12,"tavg",26.8631803222997,"SSP5-8.5 (Fossil-fueled Development)","ARIMA"
2043-01-01,2043,1,"tavg",28.7961289756397,"SSP5-8.5 (Fossil-fueled Development)","ARIMA"
2043-02-01,2043,2,"tavg",29.8620092418364,"SSP5-8.5 (Fossil-fueled Development)","ARIMA"
2043-03-01,2043,3,"tavg",31.5065635063678,"SSP5-8.5 (Fossil-fueled Development)","ARIMA"
2043-04-01,2043,4,"tavg",31.5127718093177,"SSP5-8.5 (Fossil-fueled Development)","ARIMA"
2043-05-01,2043,5,"tavg",31.2180299731091,"SSP5-8.5 (Fossil-fueled Development)","ARIMA"
2043-06-01,2043,6,"tavg",30.0095593365736,"SSP5-8.5 (Fossil-fueled Development)","ARIMA"
2043-07-01,2043,7,"tavg",28.4636056614076,"SSP5-8.5 (Fossil-fueled Development)","ARIMA"
2043-08-01,2043,8,"tavg",27.4629425419043,"SSP5-8.5 (Fossil-fueled Development)","ARIMA"
2043-09-01,2043,9,"tavg",25.9421525769551,"SSP5-8.5 (Fossil-fueled Development)","ARIMA"
2043-10-01,2043,10,"tavg",25.7041870745109,"SSP5-8.5 (Fossil-fueled Development)","ARIMA"
2043-11-01,2043,11,"tavg",26.3279679116133,"SSP5-8.5 (Fossil-fueled Development)","ARIMA"
2043-12-01,2043,12,"tavg",26.9851345563265,"SSP5-8.5 (Fossil-fueled Development)","ARIMA"
2044-01-01,2044,1,"tavg",28.9184832096665,"SSP5-8.5 (Fossil-fueled Development)","ARIMA"
2044-02-01,2044,2,"tavg",29.9843634758632,"SSP5-8.5 (Fossil-fueled Development)","ARIMA"
2044-03-01,2044,3,"tavg",31.6289177403946,"SSP5-8.5 (Fossil-fueled Development)","ARIMA"
2044-04-01,2044,4,"tavg",31.6351260433445,"SSP5-8.5 (Fossil-fueled Development)","ARIMA"
2044-05-01,2044,5,"tavg",31.3403842071359,"SSP5-8.5 (Fossil-fueled Development)","ARIMA"
2044-06-01,2044,6,"tavg",30.1319135706004,"SSP5-8.5 (Fossil-fueled Development)","ARIMA"
2044-07-01,2044,7,"tavg",28.5859598954344,"SSP5-8.5 (Fossil-fueled Development)","ARIMA"
2044-08-01,2044,8,"tavg",27.5852967759312,"SSP5-8.5 (Fossil-fueled Development)","ARIMA"
2044-09-01,2044,9,"tavg",26.0645068109819,"SSP5-8.5 (Fossil-fueled Development)","ARIMA"
2044-10-01,2044,10,"tavg",25.8265413085377,"SSP5-8.5 (Fossil-fueled Development)","ARIMA"
2044-11-01,2044,11,"tavg",26.4503221456401,"SSP5-8.5 (Fossil-fueled Development)","ARIMA"
2044-12-01,2044,12,"tavg",27.1074887903533,"SSP5-8.5 (Fossil-fueled Development)","ARIMA"
2045-01-01,2045,1,"tavg",29.0412374436932,"SSP5-8.5 (Fossil-fueled Development)","ARIMA"
2045-02-01,2045,2,"tavg",30.10711770989,"SSP5-8.5 (Fossil-fueled Development)","ARIMA"
2045-03-01,2045,3,"tavg",31.7516719744214,"SSP5-8.5 (Fossil-fueled Development)","ARIMA"
2045-04-01,2045,4,"tavg",31.7578802773713,"SSP5-8.5 (Fossil-fueled Development)","ARIMA"
2045-05-01,2045,5,"tavg",31.4631384411627,"SSP5-8.5 (Fossil-fueled Development)","ARIMA"
2045-06-01,2045,6,"tavg",30.2546678046272,"SSP5-8.5 (Fossil-fueled Development)","ARIMA"
2045-07-01,2045,7,"tavg",28.7087141294612,"SSP5-8.5 (Fossil-fueled Development)","ARIMA"
2045-08-01,2045,8,"tavg",27.708051009958,"SSP5-8.5 (Fossil-fueled Development)","ARIMA"
2045-09-01,2045,9,"tavg",26.1872610450087,"SSP5-8.5 (Fossil-fueled Development)","ARIMA"
2045-10-01,2045,10,"tavg",25.9492955425645,"SSP5-8.5 (Fossil-fueled Development)","ARIMA"
2045-11-01,2045,11,"tavg",26.5730763796669,"SSP5-8.5 (Fossil-fueled Development)","ARIMA"
2045-12-01,2045,12,"tavg",27.2302430243801,"SSP5-8.5 (Fossil-fueled Development)","ARIMA"
2046-01-01,2046,1,"tavg",29.1643916777201,"SSP5-8.5 (Fossil-fueled Development)","ARIMA"
2046-02-01,2046,2,"tavg",30.2302719439168,"SSP5-8.5 (Fossil-fueled Development)","ARIMA"
2046-03-01,2046,3,"tavg",31.8748262084482,"SSP5-8.5 (Fossil-fueled Development)","ARIMA"
2046-04-01,2046,4,"tavg",31.8810345113981,"SSP5-8.5 (Fossil-fueled Development)","ARIMA"
2046-05-01,2046,5,"tavg",31.5862926751895,"SSP5-8.5 (Fossil-fueled Development)","ARIMA"
2046-06-01,2046,6,"tavg",30.377822038654,"SSP5-8.5 (Fossil-fueled Development)","ARIMA"
2046-07-01,2046,7,"tavg",28.831868363488,"SSP5-8.5 (Fossil-fueled Development)","ARIMA"
2046-08-01,2046,8,"tavg",27.8312052439848,"SSP5-8.5 (Fossil-fueled Development)","ARIMA"
2046-09-01,2046,9,"tavg",26.3104152790355,"SSP5-8.5 (Fossil-fueled Development)","ARIMA"
2046-10-01,2046,10,"tavg",26.0724497765913,"SSP5-8.5 (Fossil-fueled Development)","ARIMA"
2046-11-01,2046,11,"tavg",26.6962306136937,"SSP5-8.5 (Fossil-fueled Development)","ARIMA"
2046-12-01,2046,12,"tavg",27.3533972584069,"SSP5-8.5 (Fossil-fueled Development)","ARIMA"
2047-01-01,2047,1,"tavg",29.2879459117469,"SSP5-8.5 (Fossil-fueled Development)","ARIMA"
2047-02-01,2047,2,"tavg",30.3538261779436,"SSP5-8.5 (Fossil-fueled Development)","ARIMA"
2047-03-01,2047,3,"tavg",31.998380442475,"SSP5-8.5 (Fossil-fueled Development)","ARIMA"
2047-04-01,2047,4,"tavg",32.0045887454249,"SSP5-8.5 (Fossil-fueled Development)","ARIMA"
2047-05-01,2047,5,"tavg",31.7098469092163,"SSP5-8.5 (Fossil-fueled Development)","ARIMA"
2047-06-01,2047,6,"tavg",30.5013762726808,"SSP5-8.5 (Fossil-fueled Development)","ARIMA"
2047-07-01,2047,7,"tavg",28.9554225975148,"SSP5-8.5 (Fossil-fueled Development)","ARIMA"
2047-08-01,2047,8,"tavg",27.9547594780116,"SSP5-8.5 (Fossil-fueled Development)","ARIMA"
2047-09-01,2047,9,"tavg",26.4339695130623,"SSP5-8.5 (Fossil-fueled Development)","ARIMA"
2047-10-01,2047,10,"tavg",26.1960040106181,"SSP5-8.5 (Fossil-fueled Development)","ARIMA"
2047-11-01,2047,11,"tavg",26.8197848477205,"SSP5-8.5 (Fossil-fueled Development)","ARIMA"
2047-12-01,2047,12,"tavg",27.4769514924337,"SSP5-8.5 (Fossil-fueled Development)","ARIMA"
2048-01-01,2048,1,"tavg",29.4119001457737,"SSP5-8.5 (Fossil-fueled Development)","ARIMA"
2048-02-01,2048,2,"tavg",30.4777804119705,"SSP5-8.5 (Fossil-fueled Development)","ARIMA"
2048-03-01,2048,3,"tavg",32.1223346765018,"SSP5-8.5 (Fossil-fueled Development)","ARIMA"
2048-04-01,2048,4,"tavg",32.1285429794517,"SSP5-8.5 (Fossil-fueled Development)","ARIMA"
2048-05-01,2048,5,"tavg",31.8338011432431,"SSP5-8.5 (Fossil-fueled Development)","ARIMA"
2048-06-01,2048,6,"tavg",30.6253305067076,"SSP5-8.5 (Fossil-fueled Development)","ARIMA"
2048-07-01,2048,7,"tavg",29.0793768315416,"SSP5-8.5 (Fossil-fueled Development)","ARIMA"
2048-08-01,2048,8,"tavg",28.0787137120384,"SSP5-8.5 (Fossil-fueled Development)","ARIMA"
2048-09-01,2048,9,"tavg",26.5579237470891,"SSP5-8.5 (Fossil-fueled Development)","ARIMA"
2048-10-01,2048,10,"tavg",26.319958244645,"SSP5-8.5 (Fossil-fueled Development)","ARIMA"
2048-11-01,2048,11,"tavg",26.9437390817473,"SSP5-8.5 (Fossil-fueled Development)","ARIMA"
2048-12-01,2048,12,"tavg",27.6009057264606,"SSP5-8.5 (Fossil-fueled Development)","ARIMA"
2049-01-01,2049,1,"tavg",29.5362543798005,"SSP5-8.5 (Fossil-fueled Development)","ARIMA"
2049-02-01,2049,2,"tavg",30.6021346459973,"SSP5-8.5 (Fossil-fueled Development)","ARIMA"
2049-03-01,2049,3,"tavg",32.2466889105286,"SSP5-8.5 (Fossil-fueled Development)","ARIMA"
2049-04-01,2049,4,"tavg",32.2528972134785,"SSP5-8.5 (Fossil-fueled Development)","ARIMA"
2049-05-01,2049,5,"tavg",31.9581553772699,"SSP5-8.5 (Fossil-fueled Development)","ARIMA"
2049-06-01,2049,6,"tavg",30.7496847407345,"SSP5-8.5 (Fossil-fueled Development)","ARIMA"
2049-07-01,2049,7,"tavg",29.2037310655684,"SSP5-8.5 (Fossil-fueled Development)","ARIMA"
2049-08-01,2049,8,"tavg",28.2030679460652,"SSP5-8.5 (Fossil-fueled Development)","ARIMA"
2049-09-01,2049,9,"tavg",26.6822779811159,"SSP5-8.5 (Fossil-fueled Development)","ARIMA"
2049-10-01,2049,10,"tavg",26.4443124786718,"SSP5-8.5 (Fossil-fueled Development)","ARIMA"
2049-11-01,2049,11,"tavg",27.0680933157741,"SSP5-8.5 (Fossil-fueled Development)","ARIMA"
2049-12-01,2049,12,"tavg",27.7252599604874,"SSP5-8.5 (Fossil-fueled Development)","ARIMA"
2050-01-01,2050,1,"tavg",29.6610086138273,"SSP5-8.5 (Fossil-fueled Development)","ARIMA"
2050-02-01,2050,2,"tavg",30.7268888800241,"SSP5-8.5 (Fossil-fueled Development)","ARIMA"
2050-03-01,2050,3,"tavg",32.3714431445554,"SSP5-8.5 (Fossil-fueled Development)","ARIMA"
2050-04-01,2050,4,"tavg",32.3776514475053,"SSP5-8.5 (Fossil-fueled Development)","ARIMA"
2050-05-01,2050,5,"tavg",32.0829096112967,"SSP5-8.5 (Fossil-fueled Development)","ARIMA"
2050-06-01,2050,6,"tavg",30.8744389747613,"SSP5-8.5 (Fossil-fueled Development)","ARIMA"
2050-07-01,2050,7,"tavg",29.3284852995952,"SSP5-8.5 (Fossil-fueled Development)","ARIMA"
2050-08-01,2050,8,"tavg",28.327822180092,"SSP5-8.5 (Fossil-fueled Development)","ARIMA"
2050-09-01,2050,9,"tavg",26.8070322151427,"SSP5-8.5 (Fossil-fueled Development)","ARIMA"
2050-10-01,2050,10,"tavg",26.5690667126986,"SSP5-8.5 (Fossil-fueled Development)","ARIMA"
2050-11-01,2050,11,"tavg",27.1928475498009,"SSP5-8.5 (Fossil-fueled Development)","ARIMA"
2050-12-01,2050,12,"tavg",27.8500141945142,"SSP5-8.5 (Fossil-fueled Development)","ARIMA"
2051-01-01,2051,1,"tavg",29.7861628478541,"SSP5-8.5 (Fossil-fueled Development)","ARIMA"
2051-02-01,2051,2,"tavg",30.8520431140509,"SSP5-8.5 (Fossil-fueled Development)","ARIMA"
2051-03-01,2051,3,"tavg",32.4965973785822,"SSP5-8.5 (Fossil-fueled Development)","ARIMA"
2051-04-01,2051,4,"tavg",32.5028056815321,"SSP5-8.5 (Fossil-fueled Development)","ARIMA"
2051-05-01,2051,5,"tavg",32.2080638453236,"SSP5-8.5 (Fossil-fueled Development)","ARIMA"
2051-06-01,2051,6,"tavg",30.9995932087881,"SSP5-8.5 (Fossil-fueled Development)","ARIMA"
2051-07-01,2051,7,"tavg",29.453639533622,"SSP5-8.5 (Fossil-fueled Development)","ARIMA"
2051-08-01,2051,8,"tavg",28.4529764141188,"SSP5-8.5 (Fossil-fueled Development)","ARIMA"
2051-09-01,2051,9,"tavg",26.9321864491695,"SSP5-8.5 (Fossil-fueled Development)","ARIMA"
2051-10-01,2051,10,"tavg",26.6942209467254,"SSP5-8.5 (Fossil-fueled Development)","ARIMA"
2051-11-01,2051,11,"tavg",27.3180017838277,"SSP5-8.5 (Fossil-fueled Development)","ARIMA"
2051-12-01,2051,12,"tavg",27.975168428541,"SSP5-8.5 (Fossil-fueled Development)","ARIMA"
2052-01-01,2052,1,"tavg",29.9117170818809,"SSP5-8.5 (Fossil-fueled Development)","ARIMA"
2052-02-01,2052,2,"tavg",30.9775973480777,"SSP5-8.5 (Fossil-fueled Development)","ARIMA"
2052-03-01,2052,3,"tavg",32.6221516126091,"SSP5-8.5 (Fossil-fueled Development)","ARIMA"
2052-04-01,2052,4,"tavg",32.628359915559,"SSP5-8.5 (Fossil-fueled Development)","ARIMA"
2052-05-01,2052,5,"tavg",32.3336180793504,"SSP5-8.5 (Fossil-fueled Development)","ARIMA"
2052-06-01,2052,6,"tavg",31.1251474428149,"SSP5-8.5 (Fossil-fueled Development)","ARIMA"
2052-07-01,2052,7,"tavg",29.5791937676489,"SSP5-8.5 (Fossil-fueled Development)","ARIMA"
2052-08-01,2052,8,"tavg",28.5785306481456,"SSP5-8.5 (Fossil-fueled Development)","ARIMA"
2052-09-01,2052,9,"tavg",27.0577406831964,"SSP5-8.5 (Fossil-fueled Development)","ARIMA"
2052-10-01,2052,10,"tavg",26.8197751807522,"SSP5-8.5 (Fossil-fueled Development)","ARIMA"
2052-11-01,2052,11,"tavg",27.4435560178546,"SSP5-8.5 (Fossil-fueled Development)","ARIMA"
2052-12-01,2052,12,"tavg",28.1007226625678,"SSP5-8.5 (Fossil-fueled Development)","ARIMA"
2053-01-01,2053,1,"tavg",30.0376713159078,"SSP5-8.5 (Fossil-fueled Development)","ARIMA"
2053-02-01,2053,2,"tavg",31.1035515821045,"SSP5-8.5 (Fossil-fueled Development)","ARIMA"
2053-03-01,2053,3,"tavg",32.7481058466359,"SSP5-8.5 (Fossil-fueled Development)","ARIMA"
2053-04-01,2053,4,"tavg",32.7543141495858,"SSP5-8.5 (Fossil-fueled Development)","ARIMA"
2053-05-01,2053,5,"tavg",32.4595723133772,"SSP5-8.5 (Fossil-fueled Development)","ARIMA"
2053-06-01,2053,6,"tavg",31.2511016768417,"SSP5-8.5 (Fossil-fueled Development)","ARIMA"
2053-07-01,2053,7,"tavg",29.7051480016757,"SSP5-8.5 (Fossil-fueled Development)","ARIMA"
2053-08-01,2053,8,"tavg",28.7044848821725,"SSP5-8.5 (Fossil-fueled Development)","ARIMA"
2053-09-01,2053,9,"tavg",27.1836949172232,"SSP5-8.5 (Fossil-fueled Development)","ARIMA"
2053-10-01,2053,10,"tavg",26.945729414779,"SSP5-8.5 (Fossil-fueled Development)","ARIMA"
2053-11-01,2053,11,"tavg",27.5695102518814,"SSP5-8.5 (Fossil-fueled Development)","ARIMA"
2053-12-01,2053,12,"tavg",28.2266768965947,"SSP5-8.5 (Fossil-fueled Development)","ARIMA"
2024-01-01,2024,1,"tavg",22.8069873033527,"SSP5-8.5 (Fossil-fueled Development)","ML-Enhanced"
2024-02-01,2024,2,"tavg",24.0626078113913,"SSP5-8.5 (Fossil-fueled Development)","ML-Enhanced"
2024-03-01,2024,3,"tavg",26.0291508536643,"SSP5-8.5 (Fossil-fueled Development)","ML-Enhanced"
2024-04-01,2024,4,"tavg",26.8179648234341,"SSP5-8.5 (Fossil-fueled Development)","ML-Enhanced"
2024-05-01,2024,5,"tavg",28.4418516057429,"SSP5-8.5 (Fossil-fueled Development)","ML-Enhanced"
2024-06-01,2024,6,"tavg",29.4014942050718,"SSP5-8.5 (Fossil-fueled Development)","ML-Enhanced"
2024-07-01,2024,7,"tavg",28.2542875727944,"SSP5-8.5 (Fossil-fueled Development)","ML-Enhanced"
2024-08-01,2024,8,"tavg",26.9736632386024,"SSP5-8.5 (Fossil-fueled Development)","ML-Enhanced"
2024-09-01,2024,9,"tavg",26.3609455786851,"SSP5-8.5 (Fossil-fueled Development)","ML-Enhanced"
2024-10-01,2024,10,"tavg",25.4259154457452,"SSP5-8.5 (Fossil-fueled Development)","ML-Enhanced"
2024-11-01,2024,11,"tavg",22.3263792971945,"SSP5-8.5 (Fossil-fueled Development)","ML-Enhanced"
2024-12-01,2024,12,"tavg",22.2926950854219,"SSP5-8.5 (Fossil-fueled Development)","ML-Enhanced"
2025-01-01,2025,1,"tavg",23.1934578965256,"SSP5-8.5 (Fossil-fueled Development)","ML-Enhanced"
2025-02-01,2025,2,"tavg",24.7820831238675,"SSP5-8.5 (Fossil-fueled Development)","ML-Enhanced"
2025-03-01,2025,3,"tavg",25.0399094966286,"SSP5-8.5 (Fossil-fueled Development)","ML-Enhanced"
2025-04-01,2025,4,"tavg",27.5279366912193,"SSP5-8.5 (Fossil-fueled Development)","ML-Enhanced"
2025-05-01,2025,5,"tavg",27.6137751793753,"SSP5-8.5 (Fossil-fueled Development)","ML-Enhanced"
2025-06-01,2025,6,"tavg",28.3784961754043,"SSP5-8.5 (Fossil-fueled Development)","ML-Enhanced"
2025-07-01,2025,7,"tavg",29.2132868780338,"SSP5-8.5 (Fossil-fueled Development)","ML-Enhanced"
2025-08-01,2025,8,"tavg",26.4842104441001,"SSP5-8.5 (Fossil-fueled Development)","ML-Enhanced"
2025-09-01,2025,9,"tavg",25.7935848904027,"SSP5-8.5 (Fossil-fueled Development)","ML-Enhanced"
2025-10-01,2025,10,"tavg",24.6478590128613,"SSP5-8.5 (Fossil-fueled Development)","ML-Enhanced"
2025-11-01,2025,11,"tavg",22.7445875790769,"SSP5-8.5 (Fossil-fueled Development)","ML-Enhanced"
2025-12-01,2025,12,"tavg",23.0908523377762,"SSP5-8.5 (Fossil-fueled Development)","ML-Enhanced"
2026-01-01,2026,1,"tavg",23.3342387500863,"SSP5-8.5 (Fossil-fueled Development)","ML-Enhanced"
2026-02-01,2026,2,"tavg",23.8192328731916,"SSP5-8.5 (Fossil-fueled Development)","ML-Enhanced"
2026-03-01,2026,3,"tavg",25.7751978649982,"SSP5-8.5 (Fossil-fueled Development)","ML-Enhanced"
2026-04-01,2026,4,"tavg",26.7907040828797,"SSP5-8.5 (Fossil-fueled Development)","ML-Enhanced"
2026-05-01,2026,5,"tavg",28.718334278394,"SSP5-8.5 (Fossil-fueled Development)","ML-Enhanced"
2026-06-01,2026,6,"tavg",29.579952986124,"SSP5-8.5 (Fossil-fueled Development)","ML-Enhanced"
2026-07-01,2026,7,"tavg",28.1406377810709,"SSP5-8.5 (Fossil-fueled Development)","ML-Enhanced"
2026-08-01,2026,8,"tavg",27.3111231544965,"SSP5-8.5 (Fossil-fueled Development)","ML-Enhanced"
2026-09-01,2026,9,"tavg",25.8054997939259,"SSP5-8.5 (Fossil-fueled Development)","ML-Enhanced"
2026-10-01,2026,10,"tavg",25.0082046488232,"SSP5-8.5 (Fossil-fueled Development)","ML-Enhanced"
2026-11-01,2026,11,"tavg",23.5895397045803,"SSP5-8.5 (Fossil-fueled Development)","ML-Enhanced"
2026-12-01,2026,12,"tavg",24.0881788953301,"SSP5-8.5 (Fossil-fueled Development)","ML-Enhanced"
2027-01-01,2027,1,"tavg",22.735465823632,"SSP5-8.5 (Fossil-fueled Development)","ML-Enhanced"
2027-02-01,2027,2,"tavg",24.8723494095163,"SSP5-8.5 (Fossil-fueled Development)","ML-Enhanced"
2027-03-01,2027,3,"tavg",25.7053031953476,"SSP5-8.5 (Fossil-fueled Development)","ML-Enhanced"
2027-04-01,2027,4,"tavg",27.0264931801313,"SSP5-8.5 (Fossil-fueled Development)","ML-Enhanced"
2027-05-01,2027,5,"tavg",29.3281870188875,"SSP5-8.5 (Fossil-fueled Development)","ML-Enhanced"
2027-06-01,2027,6,"tavg",28.2282701777761,"SSP5-8.5 (Fossil-fueled Development)","ML-Enhanced"
2027-07-01,2027,7,"tavg",28.1807003406422,"SSP5-8.5 (Fossil-fueled Development)","ML-Enhanced"
2027-08-01,2027,8,"tavg",28.2316403062191,"SSP5-8.5 (Fossil-fueled Development)","ML-Enhanced"
2027-09-01,2027,9,"tavg",25.5437244132881,"SSP5-8.5 (Fossil-fueled Development)","ML-Enhanced"
2027-10-01,2027,10,"tavg",24.142310336616,"SSP5-8.5 (Fossil-fueled Development)","ML-Enhanced"
2027-11-01,2027,11,"tavg",23.6048754808015,"SSP5-8.5 (Fossil-fueled Development)","ML-Enhanced"
2027-12-01,2027,12,"tavg",22.8669814065683,"SSP5-8.5 (Fossil-fueled Development)","ML-Enhanced"
2028-01-01,2028,1,"tavg",23.8723742847946,"SSP5-8.5 (Fossil-fueled Development)","ML-Enhanced"
2028-02-01,2028,2,"tavg",24.7548644006443,"SSP5-8.5 (Fossil-fueled Development)","ML-Enhanced"
2028-03-01,2028,3,"tavg",25.9967064314299,"SSP5-8.5 (Fossil-fueled Development)","ML-Enhanced"
2028-04-01,2028,4,"tavg",25.6797376948586,"SSP5-8.5 (Fossil-fueled Development)","ML-Enhanced"
2028-05-01,2028,5,"tavg",28.020966720505,"SSP5-8.5 (Fossil-fueled Development)","ML-Enhanced"
2028-06-01,2028,6,"tavg",28.3007272556611,"SSP5-8.5 (Fossil-fueled Development)","ML-Enhanced"
2028-07-01,2028,7,"tavg",28.5323384667775,"SSP5-8.5 (Fossil-fueled Development)","ML-Enhanced"
2028-08-01,2028,8,"tavg",27.1279720539841,"SSP5-8.5 (Fossil-fueled Development)","ML-Enhanced"
2028-09-01,2028,9,"tavg",24.7619904192019,"SSP5-8.5 (Fossil-fueled Development)","ML-Enhanced"
2028-10-01,2028,10,"tavg",24.8785712150107,"SSP5-8.5 (Fossil-fueled Development)","ML-Enhanced"
2028-11-01,2028,11,"tavg",23.4015330093091,"SSP5-8.5 (Fossil-fueled Development)","ML-Enhanced"
2028-12-01,2028,12,"tavg",23.4464835011662,"SSP5-8.5 (Fossil-fueled Development)","ML-Enhanced"
2029-01-01,2029,1,"tavg",24.2510672444468,"SSP5-8.5 (Fossil-fueled Development)","ML-Enhanced"
2029-02-01,2029,2,"tavg",24.4621630492058,"SSP5-8.5 (Fossil-fueled Development)","ML-Enhanced"
2029-03-01,2029,3,"tavg",25.5289278186742,"SSP5-8.5 (Fossil-fueled Development)","ML-Enhanced"
2029-04-01,2029,4,"tavg",26.6774867840869,"SSP5-8.5 (Fossil-fueled Development)","ML-Enhanced"
2029-05-01,2029,5,"tavg",28.3862011020512,"SSP5-8.5 (Fossil-fueled Development)","ML-Enhanced"
2029-06-01,2029,6,"tavg",28.6650451645731,"SSP5-8.5 (Fossil-fueled Development)","ML-Enhanced"
2029-07-01,2029,7,"tavg",28.8152872027955,"SSP5-8.5 (Fossil-fueled Development)","ML-Enhanced"
2029-08-01,2029,8,"tavg",27.3502647256817,"SSP5-8.5 (Fossil-fueled Development)","ML-Enhanced"
2029-09-01,2029,9,"tavg",25.1383061940537,"SSP5-8.5 (Fossil-fueled Development)","ML-Enhanced"
2029-10-01,2029,10,"tavg",25.3248044179537,"SSP5-8.5 (Fossil-fueled Development)","ML-Enhanced"
2029-11-01,2029,11,"tavg",23.7834552136962,"SSP5-8.5 (Fossil-fueled Development)","ML-Enhanced"
2029-12-01,2029,12,"tavg",22.4225481387336,"SSP5-8.5 (Fossil-fueled Development)","ML-Enhanced"
2030-01-01,2030,1,"tavg",23.0469430691323,"SSP5-8.5 (Fossil-fueled Development)","ML-Enhanced"
2030-02-01,2030,2,"tavg",24.3282277466528,"SSP5-8.5 (Fossil-fueled Development)","ML-Enhanced"
2030-03-01,2030,3,"tavg",25.2964179191264,"SSP5-8.5 (Fossil-fueled Development)","ML-Enhanced"
2030-04-01,2030,4,"tavg",27.6707818986691,"SSP5-8.5 (Fossil-fueled Development)","ML-Enhanced"
2030-05-01,2030,5,"tavg",28.4876279093714,"SSP5-8.5 (Fossil-fueled Development)","ML-Enhanced"
2030-06-01,2030,6,"tavg",29.5530686270506,"SSP5-8.5 (Fossil-fueled Development)","ML-Enhanced"
2030-07-01,2030,7,"tavg",29.737743159715,"SSP5-8.5 (Fossil-fueled Development)","ML-Enhanced"
2030-08-01,2030,8,"tavg",26.9197647783893,"SSP5-8.5 (Fossil-fueled Development)","ML-Enhanced"
2030-09-01,2030,9,"tavg",25.6830129958506,"SSP5-8.5 (Fossil-fueled Development)","ML-Enhanced"
2030-10-01,2030,10,"tavg",24.7027284876195,"SSP5-8.5 (Fossil-fueled Development)","ML-Enhanced"
2030-11-01,2030,11,"tavg",22.9537399805399,"SSP5-8.5 (Fossil-fueled Development)","ML-Enhanced"
2030-12-01,2030,12,"tavg",22.9637321980723,"SSP5-8.5 (Fossil-fueled Development)","ML-Enhanced"
2031-01-01,2031,1,"tavg",23.9135093453282,"SSP5-8.5 (Fossil-fueled Development)","ML-Enhanced"
2031-02-01,2031,2,"tavg",25.4123084971859,"SSP5-8.5 (Fossil-fueled Development)","ML-Enhanced"
2031-03-01,2031,3,"tavg",26.4733145492033,"SSP5-8.5 (Fossil-fueled Development)","ML-Enhanced"
2031-04-01,2031,4,"tavg",27.5637528203491,"SSP5-8.5 (Fossil-fueled Development)","ML-Enhanced"
2031-05-01,2031,5,"tavg",28.7020756876264,"SSP5-8.5 (Fossil-fueled Development)","ML-Enhanced"
2031-06-01,2031,6,"tavg",28.542393026399,"SSP5-8.5 (Fossil-fueled Development)","ML-Enhanced"
2031-07-01,2031,7,"tavg",28.8563974912209,"SSP5-8.5 (Fossil-fueled Development)","ML-Enhanced"
2031-08-01,2031,8,"tavg",28.1220533681267,"SSP5-8.5 (Fossil-fueled Development)","ML-Enhanced"
2031-09-01,2031,9,"tavg",25.3737660215094,"SSP5-8.5 (Fossil-fueled Development)","ML-Enhanced"
2031-10-01,2031,10,"tavg",24.7415424681691,"SSP5-8.5 (Fossil-fueled Development)","ML-Enhanced"
2031-11-01,2031,11,"tavg",23.1049902106571,"SSP5-8.5 (Fossil-fueled Development)","ML-Enhanced"
2031-12-01,2031,12,"tavg",22.5186533169539,"SSP5-8.5 (Fossil-fueled Development)","ML-Enhanced"
2032-01-01,2032,1,"tavg",24.4467031582077,"SSP5-8.5 (Fossil-fueled Development)","ML-Enhanced"
2032-02-01,2032,2,"tavg",24.5864388246719,"SSP5-8.5 (Fossil-fueled Development)","ML-Enhanced"
2032-03-01,2032,3,"tavg",26.6825230741536,"SSP5-8.5 (Fossil-fueled Development)","ML-Enhanced"
2032-04-01,2032,4,"tavg",27.6738390139269,"SSP5-8.5 (Fossil-fueled Development)","ML-Enhanced"
2032-05-01,2032,5,"tavg",27.5983942480481,"SSP5-8.5 (Fossil-fueled Development)","ML-Enhanced"
2032-06-01,2032,6,"tavg",28.6008714110054,"SSP5-8.5 (Fossil-fueled Development)","ML-Enhanced"
2032-07-01,2032,7,"tavg",28.9325435512426,"SSP5-8.5 (Fossil-fueled Development)","ML-Enhanced"
2032-08-01,2032,8,"tavg",27.3834693487761,"SSP5-8.5 (Fossil-fueled Development)","ML-Enhanced"
2032-09-01,2032,9,"tavg",26.0141197227305,"SSP5-8.5 (Fossil-fueled Development)","ML-Enhanced"
2032-10-01,2032,10,"tavg",24.7488082921135,"SSP5-8.5 (Fossil-fueled Development)","ML-Enhanced"
2032-11-01,2032,11,"tavg",24.0409795743914,"SSP5-8.5 (Fossil-fueled Development)","ML-Enhanced"
2032-12-01,2032,12,"tavg",23.5831415980113,"SSP5-8.5 (Fossil-fueled Development)","ML-Enhanced"
2033-01-01,2033,1,"tavg",23.458383854209,"SSP5-8.5 (Fossil-fueled Development)","ML-Enhanced"
2033-02-01,2033,2,"tavg",25.1743614476352,"SSP5-8.5 (Fossil-fueled Development)","ML-Enhanced"
2033-03-01,2033,3,"tavg",26.8952926209987,"SSP5-8.5 (Fossil-fueled Development)","ML-Enhanced"
2033-04-01,2033,4,"tavg",27.3486644339918,"SSP5-8.5 (Fossil-fueled Development)","ML-Enhanced"
2033-05-01,2033,5,"tavg",28.8770600941191,"SSP5-8.5 (Fossil-fueled Development)","ML-Enhanced"
2033-06-01,2033,6,"tavg",29.6056543484336,"SSP5-8.5 (Fossil-fueled Development)","ML-Enhanced"
2033-07-01,2033,7,"tavg",28.7029309279757,"SSP5-8.5 (Fossil-fueled Development)","ML-Enhanced"
2033-08-01,2033,8,"tavg",27.4258335469306,"SSP5-8.5 (Fossil-fueled Development)","ML-Enhanced"
2033-09-01,2033,9,"tavg",25.9537876140813,"SSP5-8.5 (Fossil-fueled Development)","ML-Enhanced"
2033-10-01,2033,10,"tavg",25.3668766373631,"SSP5-8.5 (Fossil-fueled Development)","ML-Enhanced"
2033-11-01,2033,11,"tavg",24.297509883077,"SSP5-8.5 (Fossil-fueled Development)","ML-Enhanced"
2033-12-01,2033,12,"tavg",22.5305012462643,"SSP5-8.5 (Fossil-fueled Development)","ML-Enhanced"
2034-01-01,2034,1,"tavg",24.1829700691855,"SSP5-8.5 (Fossil-fueled Development)","ML-Enhanced"
2034-02-01,2034,2,"tavg",24.6489644063741,"SSP5-8.5 (Fossil-fueled Development)","ML-Enhanced"
2034-03-01,2034,3,"tavg",26.3786473950909,"SSP5-8.5 (Fossil-fueled Development)","ML-Enhanced"
2034-04-01,2034,4,"tavg",27.7985462576649,"SSP5-8.5 (Fossil-fueled Development)","ML-Enhanced"
2034-05-01,2034,5,"tavg",28.6620077296126,"SSP5-8.5 (Fossil-fueled Development)","ML-Enhanced"
2034-06-01,2034,6,"tavg",29.1086768839794,"SSP5-8.5 (Fossil-fueled Development)","ML-Enhanced"
2034-07-01,2034,7,"tavg",28.4345717910224,"SSP5-8.5 (Fossil-fueled Development)","ML-Enhanced"
2034-08-01,2034,8,"tavg",27.5932489739638,"SSP5-8.5 (Fossil-fueled Development)","ML-Enhanced"
2034-09-01,2034,9,"tavg",25.3162928913388,"SSP5-8.5 (Fossil-fueled Development)","ML-Enhanced"
2034-10-01,2034,10,"tavg",25.1835192825579,"SSP5-8.5 (Fossil-fueled Development)","ML-Enhanced"
2034-11-01,2034,11,"tavg",23.126898845467,"SSP5-8.5 (Fossil-fueled Development)","ML-Enhanced"
2034-12-01,2034,12,"tavg",23.8667082459801,"SSP5-8.5 (Fossil-fueled Development)","ML-Enhanced"
2035-01-01,2035,1,"tavg",24.0395082031778,"SSP5-8.5 (Fossil-fueled Development)","ML-Enhanced"
2035-02-01,2035,2,"tavg",25.0639800073153,"SSP5-8.5 (Fossil-fueled Development)","ML-Enhanced"
2035-03-01,2035,3,"tavg",26.2658905079342,"SSP5-8.5 (Fossil-fueled Development)","ML-Enhanced"
2035-04-01,2035,4,"tavg",27.8167094146699,"SSP5-8.5 (Fossil-fueled Development)","ML-Enhanced"
2035-05-01,2035,5,"tavg",28.6785789342116,"SSP5-8.5 (Fossil-fueled Development)","ML-Enhanced"
2035-06-01,2035,6,"tavg",28.8444380315001,"SSP5-8.5 (Fossil-fueled Development)","ML-Enhanced"
2035-07-01,2035,7,"tavg",28.7819188853343,"SSP5-8.5 (Fossil-fueled Development)","ML-Enhanced"
2035-08-01,2035,8,"tavg",27.9344017417305,"SSP5-8.5 (Fossil-fueled Development)","ML-Enhanced"
2035-09-01,2035,9,"tavg",26.836093652353,"SSP5-8.5 (Fossil-fueled Development)","ML-Enhanced"
2035-10-01,2035,10,"tavg",24.2482349274067,"SSP5-8.5 (Fossil-fueled Development)","ML-Enhanced"
2035-11-01,2035,11,"tavg",23.4965243771541,"SSP5-8.5 (Fossil-fueled Development)","ML-Enhanced"
2035-12-01,2035,12,"tavg",24.264086901171,"SSP5-8.5 (Fossil-fueled Development)","ML-Enhanced"
2036-01-01,2036,1,"tavg",23.3938895557123,"SSP5-8.5 (Fossil-fueled Development)","ML-Enhanced"
2036-02-01,2036,2,"tavg",25.4046668923891,"SSP5-8.5 (Fossil-fueled Development)","ML-Enhanced"
2036-03-01,2036,3,"tavg",25.5769286028307,"SSP5-8.5 (Fossil-fueled Development)","ML-Enhanced"
2036-04-01,2036,4,"tavg",27.6319197378763,"SSP5-8.5 (Fossil-fueled Development)","ML-Enhanced"
2036-05-01,2036,5,"tavg",29.654516810524,"SSP5-8.5 (Fossil-fueled Development)","ML-Enhanced"
2036-06-01,2036,6,"tavg",29.3767231533771,"SSP5-8.5 (Fossil-fueled Development)","ML-Enhanced"
2036-07-01,2036,7,"tavg",29.0114897459293,"SSP5-8.5 (Fossil-fueled Development)","ML-Enhanced"
2036-08-01,2036,8,"tavg",28.2305007021835,"SSP5-8.5 (Fossil-fueled Development)","ML-Enhanced"
2036-09-01,2036,9,"tavg",26.9645201400973,"SSP5-8.5 (Fossil-fueled Development)","ML-Enhanced"
2036-10-01,2036,10,"tavg",26.4615121852636,"SSP5-8.5 (Fossil-fueled Development)","ML-Enhanced"
2036-11-01,2036,11,"tavg",23.5230443175641,"SSP5-8.5 (Fossil-fueled Development)","ML-Enhanced"
2036-12-01,2036,12,"tavg",23.7367666748189,"SSP5-8.5 (Fossil-fueled Development)","ML-Enhanced"
2037-01-01,2037,1,"tavg",24.955724636531,"SSP5-8.5 (Fossil-fueled Development)","ML-Enhanced"
2037-02-01,2037,2,"tavg",25.1508626075747,"SSP5-8.5 (Fossil-fueled Development)","ML-Enhanced"
2037-03-01,2037,3,"tavg",26.2397454666452,"SSP5-8.5 (Fossil-fueled Development)","ML-Enhanced"
2037-04-01,2037,4,"tavg",28.1695758245368,"SSP5-8.5 (Fossil-fueled Development)","ML-Enhanced"
2037-05-01,2037,5,"tavg",29.6848661763919,"SSP5-8.5 (Fossil-fueled Development)","ML-Enhanced"
2037-06-01,2037,6,"tavg",29.9784478949556,"SSP5-8.5 (Fossil-fueled Development)","ML-Enhanced"
2037-07-01,2037,7,"tavg",29.9154489568523,"SSP5-8.5 (Fossil-fueled Development)","ML-Enhanced"
2037-08-01,2037,8,"tavg",27.7156786821533,"SSP5-8.5 (Fossil-fueled Development)","ML-Enhanced"
2037-09-01,2037,9,"tavg",26.7696233066456,"SSP5-8.5 (Fossil-fueled Development)","ML-Enhanced"
2037-10-01,2037,10,"tavg",25.6819761192724,"SSP5-8.5 (Fossil-fueled Development)","ML-Enhanced"
2037-11-01,2037,11,"tavg",23.6119779801273,"SSP5-8.5 (Fossil-fueled Development)","ML-Enhanced"
2037-12-01,2037,12,"tavg",23.1943081688702,"SSP5-8.5 (Fossil-fueled Development)","ML-Enhanced"
2038-01-01,2038,1,"tavg",23.5372285141789,"SSP5-8.5 (Fossil-fueled Development)","ML-Enhanced"
2038-02-01,2038,2,"tavg",23.7182391305548,"SSP5-8.5 (Fossil-fueled Development)","ML-Enhanced"
2038-03-01,2038,3,"tavg",26.6525623606754,"SSP5-8.5 (Fossil-fueled Development)","ML-Enhanced"
2038-04-01,2038,4,"tavg",28.0281100613095,"SSP5-8.5 (Fossil-fueled Development)","ML-Enhanced"
2038-05-01,2038,5,"tavg",30.3501655116887,"SSP5-8.5 (Fossil-fueled Development)","ML-Enhanced"
2038-06-01,2038,6,"tavg",28.5859157151576,"SSP5-8.5 (Fossil-fueled Development)","ML-Enhanced"
2038-07-01,2038,7,"tavg",28.7357293525297,"SSP5-8.5 (Fossil-fueled Development)","ML-Enhanced"
2038-08-01,2038,8,"tavg",28.1758573726115,"SSP5-8.5 (Fossil-fueled Development)","ML-Enhanced"
2038-09-01,2038,9,"tavg",26.4050204454756,"SSP5-8.5 (Fossil-fueled Development)","ML-Enhanced"
2038-10-01,2038,10,"tavg",25.0448602738337,"SSP5-8.5 (Fossil-fueled Development)","ML-Enhanced"
2038-11-01,2038,11,"tavg",24.4813432365363,"SSP5-8.5 (Fossil-fueled Development)","ML-Enhanced"
2038-12-01,2038,12,"tavg",23.7518097809076,"SSP5-8.5 (Fossil-fueled Development)","ML-Enhanced"
2039-01-01,2039,1,"tavg",23.4825319316729,"SSP5-8.5 (Fossil-fueled Development)","ML-Enhanced"
2039-02-01,2039,2,"tavg",25.0499833959769,"SSP5-8.5 (Fossil-fueled Development)","ML-Enhanced"
2039-03-01,2039,3,"tavg",26.3717741945041,"SSP5-8.5 (Fossil-fueled Development)","ML-Enhanced"
2039-04-01,2039,4,"tavg",28.0477508122167,"SSP5-8.5 (Fossil-fueled Development)","ML-Enhanced"
2039-05-01,2039,5,"tavg",30.4234552424515,"SSP5-8.5 (Fossil-fueled Development)","ML-Enhanced"
2039-06-01,2039,6,"tavg",28.8979802653826,"SSP5-8.5 (Fossil-fueled Development)","ML-Enhanced"
2039-07-01,2039,7,"tavg",29.0888635680098,"SSP5-8.5 (Fossil-fueled Development)","ML-Enhanced"
2039-08-01,2039,8,"tavg",28.39273607485,"SSP5-8.5 (Fossil-fueled Development)","ML-Enhanced"
2039-09-01,2039,9,"tavg",26.6246350830654,"SSP5-8.5 (Fossil-fueled Development)","ML-Enhanced"
2039-10-01,2039,10,"tavg",24.6910992305252,"SSP5-8.5 (Fossil-fueled Development)","ML-Enhanced"
2039-11-01,2039,11,"tavg",23.6842677931287,"SSP5-8.5 (Fossil-fueled Development)","ML-Enhanced"
2039-12-01,2039,12,"tavg",23.788703894868,"SSP5-8.5 (Fossil-fueled Development)","ML-Enhanced"
2040-01-01,2040,1,"tavg",22.8312074156192,"SSP5-8.5 (Fossil-fueled Development)","ML-Enhanced"
2040-02-01,2040,2,"tavg",24.8872283833586,"SSP5-8.5 (Fossil-fueled Development)","ML-Enhanced"
2040-03-01,2040,3,"tavg",27.0760019197608,"SSP5-8.5 (Fossil-fueled Development)","ML-Enhanced"
2040-04-01,2040,4,"tavg",27.7314727737249,"SSP5-8.5 (Fossil-fueled Development)","ML-Enhanced"
2040-05-01,2040,5,"tavg",31.1335368560289,"SSP5-8.5 (Fossil-fueled Development)","ML-Enhanced"
2040-06-01,2040,6,"tavg",30.2009732628455,"SSP5-8.5 (Fossil-fueled Development)","ML-Enhanced"
2040-07-01,2040,7,"tavg",29.3113748639688,"SSP5-8.5 (Fossil-fueled Development)","ML-Enhanced"
2040-08-01,2040,8,"tavg",27.895133897086,"SSP5-8.5 (Fossil-fueled Development)","ML-Enhanced"
2040-09-01,2040,9,"tavg",26.2793728833314,"SSP5-8.5 (Fossil-fueled Development)","ML-Enhanced"
2040-10-01,2040,10,"tavg",25.6157336389335,"SSP5-8.5 (Fossil-fueled Development)","ML-Enhanced"
2040-11-01,2040,11,"tavg",24.0872708333103,"SSP5-8.5 (Fossil-fueled Development)","ML-Enhanced"
2040-12-01,2040,12,"tavg",23.6887369976499,"SSP5-8.5 (Fossil-fueled Development)","ML-Enhanced"
2041-01-01,2041,1,"tavg",23.8560795240749,"SSP5-8.5 (Fossil-fueled Development)","ML-Enhanced"
2041-02-01,2041,2,"tavg",24.0905338157676,"SSP5-8.5 (Fossil-fueled Development)","ML-Enhanced"
2041-03-01,2041,3,"tavg",27.4203946711559,"SSP5-8.5 (Fossil-fueled Development)","ML-Enhanced"
2041-04-01,2041,4,"tavg",27.7882908978819,"SSP5-8.5 (Fossil-fueled Development)","ML-Enhanced"
2041-05-01,2041,5,"tavg",29.2414155876758,"SSP5-8.5 (Fossil-fueled Development)","ML-Enhanced"
2041-06-01,2041,6,"tavg",30.3221925915655,"SSP5-8.5 (Fossil-fueled Development)","ML-Enhanced"
2041-07-01,2041,7,"tavg",29.1432145425691,"SSP5-8.5 (Fossil-fueled Development)","ML-Enhanced"
2041-08-01,2041,8,"tavg",27.6563038319622,"SSP5-8.5 (Fossil-fueled Development)","ML-Enhanced"
2041-09-01,2041,9,"tavg",26.2292166703047,"SSP5-8.5 (Fossil-fueled Development)","ML-Enhanced"
2041-10-01,2041,10,"tavg",25.2593423081846,"SSP5-8.5 (Fossil-fueled Development)","ML-Enhanced"
2041-11-01,2041,11,"tavg",24.0652803183776,"SSP5-8.5 (Fossil-fueled Development)","ML-Enhanced"
2041-12-01,2041,12,"tavg",25.3037603309725,"SSP5-8.5 (Fossil-fueled Development)","ML-Enhanced"
2042-01-01,2042,1,"tavg",24.2440298573819,"SSP5-8.5 (Fossil-fueled Development)","ML-Enhanced"
2042-02-01,2042,2,"tavg",24.5435941344255,"SSP5-8.5 (Fossil-fueled Development)","ML-Enhanced"
2042-03-01,2042,3,"tavg",26.3264352087369,"SSP5-8.5 (Fossil-fueled Development)","ML-Enhanced"
2042-04-01,2042,4,"tavg",27.8982054729679,"SSP5-8.5 (Fossil-fueled Development)","ML-Enhanced"
2042-05-01,2042,5,"tavg",28.7308254157589,"SSP5-8.5 (Fossil-fueled Development)","ML-Enhanced"
2042-06-01,2042,6,"tavg",29.6851725579735,"SSP5-8.5 (Fossil-fueled Development)","ML-Enhanced"
2042-07-01,2042,7,"tavg",28.8501116204682,"SSP5-8.5 (Fossil-fueled Development)","ML-Enhanced"
2042-08-01,2042,8,"tavg",27.8281117150316,"SSP5-8.5 (Fossil-fueled Development)","ML-Enhanced"
2042-09-01,2042,9,"tavg",26.3662685104976,"SSP5-8.5 (Fossil-fueled Development)","ML-Enhanced"
2042-10-01,2042,10,"tavg",25.6315047830044,"SSP5-8.5 (Fossil-fueled Development)","ML-Enhanced"
2042-11-01,2042,11,"tavg",23.8916817174239,"SSP5-8.5 (Fossil-fueled Development)","ML-Enhanced"
2042-12-01,2042,12,"tavg",23.5520316580777,"SSP5-8.5 (Fossil-fueled Development)","ML-Enhanced"
2043-01-01,2043,1,"tavg",24.357050929203,"SSP5-8.5 (Fossil-fueled Development)","ML-Enhanced"
2043-02-01,2043,2,"tavg",25.3607875734287,"SSP5-8.5 (Fossil-fueled Development)","ML-Enhanced"
2043-03-01,2043,3,"tavg",26.1969063831569,"SSP5-8.5 (Fossil-fueled Development)","ML-Enhanced"
2043-04-01,2043,4,"tavg",27.1821425363021,"SSP5-8.5 (Fossil-fueled Development)","ML-Enhanced"
2043-05-01,2043,5,"tavg",29.5870810512508,"SSP5-8.5 (Fossil-fueled Development)","ML-Enhanced"
2043-06-01,2043,6,"tavg",30.3403724106859,"SSP5-8.5 (Fossil-fueled Development)","ML-Enhanced"
2043-07-01,2043,7,"tavg",28.8853268823493,"SSP5-8.5 (Fossil-fueled Development)","ML-Enhanced"
2043-08-01,2043,8,"tavg",27.760887591766,"SSP5-8.5 (Fossil-fueled Development)","ML-Enhanced"
2043-09-01,2043,9,"tavg",26.2765241297142,"SSP5-8.5 (Fossil-fueled Development)","ML-Enhanced"
2043-10-01,2043,10,"tavg",25.2212860175618,"SSP5-8.5 (Fossil-fueled Development)","ML-Enhanced"
2043-11-01,2043,11,"tavg",23.8318644857792,"SSP5-8.5 (Fossil-fueled Development)","ML-Enhanced"
2043-12-01,2043,12,"tavg",23.0606256455085,"SSP5-8.5 (Fossil-fueled Development)","ML-Enhanced"
2044-01-01,2044,1,"tavg",23.646475877987,"SSP5-8.5 (Fossil-fueled Development)","ML-Enhanced"
2044-02-01,2044,2,"tavg",25.3422251300347,"SSP5-8.5 (Fossil-fueled Development)","ML-Enhanced"
2044-03-01,2044,3,"tavg",26.8555155042635,"SSP5-8.5 (Fossil-fueled Development)","ML-Enhanced"
2044-04-01,2044,4,"tavg",28.6513247375657,"SSP5-8.5 (Fossil-fueled Development)","ML-Enhanced"
2044-05-01,2044,5,"tavg",29.2072065832764,"SSP5-8.5 (Fossil-fueled Development)","ML-Enhanced"
2044-06-01,2044,6,"tavg",29.0998438914926,"SSP5-8.5 (Fossil-fueled Development)","ML-Enhanced"
2044-07-01,2044,7,"tavg",29.6262812582133,"SSP5-8.5 (Fossil-fueled Development)","ML-Enhanced"
2044-08-01,2044,8,"tavg",28.0151687582011,"SSP5-8.5 (Fossil-fueled Development)","ML-Enhanced"
2044-09-01,2044,9,"tavg",26.3711194508038,"SSP5-8.5 (Fossil-fueled Development)","ML-Enhanced"
2044-10-01,2044,10,"tavg",25.6165358357459,"SSP5-8.5 (Fossil-fueled Development)","ML-Enhanced"
2044-11-01,2044,11,"tavg",24.3589927167839,"SSP5-8.5 (Fossil-fueled Development)","ML-Enhanced"
2044-12-01,2044,12,"tavg",23.2006347047362,"SSP5-8.5 (Fossil-fueled Development)","ML-Enhanced"
2045-01-01,2045,1,"tavg",23.8456062509729,"SSP5-8.5 (Fossil-fueled Development)","ML-Enhanced"
2045-02-01,2045,2,"tavg",24.3346911664072,"SSP5-8.5 (Fossil-fueled Development)","ML-Enhanced"
2045-03-01,2045,3,"tavg",28.2084658266121,"SSP5-8.5 (Fossil-fueled Development)","ML-Enhanced"
2045-04-01,2045,4,"tavg",27.8438849841806,"SSP5-8.5 (Fossil-fueled Development)","ML-Enhanced"
2045-05-01,2045,5,"tavg",29.6255981104043,"SSP5-8.5 (Fossil-fueled Development)","ML-Enhanced"
2045-06-01,2045,6,"tavg",30.1056925191655,"SSP5-8.5 (Fossil-fueled Development)","ML-Enhanced"
2045-07-01,2045,7,"tavg",28.6909931203174,"SSP5-8.5 (Fossil-fueled Development)","ML-Enhanced"
2045-08-01,2045,8,"tavg",28.5881070483354,"SSP5-8.5 (Fossil-fueled Development)","ML-Enhanced"
2045-09-01,2045,9,"tavg",27.6197197892636,"SSP5-8.5 (Fossil-fueled Development)","ML-Enhanced"
2045-10-01,2045,10,"tavg",26.1718457258454,"SSP5-8.5 (Fossil-fueled Development)","ML-Enhanced"
2045-11-01,2045,11,"tavg",24.4176885466262,"SSP5-8.5 (Fossil-fueled Development)","ML-Enhanced"
2045-12-01,2045,12,"tavg",23.691032719612,"SSP5-8.5 (Fossil-fueled Development)","ML-Enhanced"
2046-01-01,2046,1,"tavg",23.2044071066308,"SSP5-8.5 (Fossil-fueled Development)","ML-Enhanced"
2046-02-01,2046,2,"tavg",26.7151441396181,"SSP5-8.5 (Fossil-fueled Development)","ML-Enhanced"
2046-03-01,2046,3,"tavg",27.2486857297287,"SSP5-8.5 (Fossil-fueled Development)","ML-Enhanced"
2046-04-01,2046,4,"tavg",28.0445428206466,"SSP5-8.5 (Fossil-fueled Development)","ML-Enhanced"
2046-05-01,2046,5,"tavg",28.789394804651,"SSP5-8.5 (Fossil-fueled Development)","ML-Enhanced"
2046-06-01,2046,6,"tavg",29.1548219490696,"SSP5-8.5 (Fossil-fueled Development)","ML-Enhanced"
2046-07-01,2046,7,"tavg",28.7966734301856,"SSP5-8.5 (Fossil-fueled Development)","ML-Enhanced"
2046-08-01,2046,8,"tavg",28.3600863752233,"SSP5-8.5 (Fossil-fueled Development)","ML-Enhanced"
2046-09-01,2046,9,"tavg",26.3141463704824,"SSP5-8.5 (Fossil-fueled Development)","ML-Enhanced"
2046-10-01,2046,10,"tavg",25.2461843349044,"SSP5-8.5 (Fossil-fueled Development)","ML-Enhanced"
2046-11-01,2046,11,"tavg",24.7174311472081,"SSP5-8.5 (Fossil-fueled Development)","ML-Enhanced"
2046-12-01,2046,12,"tavg",24.0619474129426,"SSP5-8.5 (Fossil-fueled Development)","ML-Enhanced"
2047-01-01,2047,1,"tavg",23.6711830499968,"SSP5-8.5 (Fossil-fueled Development)","ML-Enhanced"
2047-02-01,2047,2,"tavg",25.8555337095977,"SSP5-8.5 (Fossil-fueled Development)","ML-Enhanced"
2047-03-01,2047,3,"tavg",26.1267703486536,"SSP5-8.5 (Fossil-fueled Development)","ML-Enhanced"
2047-04-01,2047,4,"tavg",26.8482952503564,"SSP5-8.5 (Fossil-fueled Development)","ML-Enhanced"
2047-05-01,2047,5,"tavg",29.7653489133718,"SSP5-8.5 (Fossil-fueled Development)","ML-Enhanced"
2047-06-01,2047,6,"tavg",29.4927360995953,"SSP5-8.5 (Fossil-fueled Development)","ML-Enhanced"
2047-07-01,2047,7,"tavg",30.3889951450634,"SSP5-8.5 (Fossil-fueled Development)","ML-Enhanced"
2047-08-01,2047,8,"tavg",28.3595003831388,"SSP5-8.5 (Fossil-fueled Development)","ML-Enhanced"
2047-09-01,2047,9,"tavg",26.7752588351918,"SSP5-8.5 (Fossil-fueled Development)","ML-Enhanced"
2047-10-01,2047,10,"tavg",25.845897069027,"SSP5-8.5 (Fossil-fueled Development)","ML-Enhanced"
2047-11-01,2047,11,"tavg",24.8102830462138,"SSP5-8.5 (Fossil-fueled Development)","ML-Enhanced"
2047-12-01,2047,12,"tavg",23.856800456882,"SSP5-8.5 (Fossil-fueled Development)","ML-Enhanced"
2048-01-01,2048,1,"tavg",24.9699980130665,"SSP5-8.5 (Fossil-fueled Development)","ML-Enhanced"
2048-02-01,2048,2,"tavg",25.382989352512,"SSP5-8.5 (Fossil-fueled Development)","ML-Enhanced"
2048-03-01,2048,3,"tavg",27.1353072894495,"SSP5-8.5 (Fossil-fueled Development)","ML-Enhanced"
2048-04-01,2048,4,"tavg",28.4546190410147,"SSP5-8.5 (Fossil-fueled Development)","ML-Enhanced"
2048-05-01,2048,5,"tavg",30.0786064649293,"SSP5-8.5 (Fossil-fueled Development)","ML-Enhanced"
2048-06-01,2048,6,"tavg",29.9628478215317,"SSP5-8.5 (Fossil-fueled Development)","ML-Enhanced"
2048-07-01,2048,7,"tavg",29.1653282926668,"SSP5-8.5 (Fossil-fueled Development)","ML-Enhanced"
2048-08-01,2048,8,"tavg",28.3412202902184,"SSP5-8.5 (Fossil-fueled Development)","ML-Enhanced"
2048-09-01,2048,9,"tavg",26.9463093904121,"SSP5-8.5 (Fossil-fueled Development)","ML-Enhanced"
2048-10-01,2048,10,"tavg",25.7593705031677,"SSP5-8.5 (Fossil-fueled Development)","ML-Enhanced"
2048-11-01,2048,11,"tavg",24.2883566249631,"SSP5-8.5 (Fossil-fueled Development)","ML-Enhanced"
2048-12-01,2048,12,"tavg",24.4166859428213,"SSP5-8.5 (Fossil-fueled Development)","ML-Enhanced"
2049-01-01,2049,1,"tavg",24.810963280061,"SSP5-8.5 (Fossil-fueled Development)","ML-Enhanced"
2049-02-01,2049,2,"tavg",25.8666755921361,"SSP5-8.5 (Fossil-fueled Development)","ML-Enhanced"
2049-03-01,2049,3,"tavg",27.0570234728335,"SSP5-8.5 (Fossil-fueled Development)","ML-Enhanced"
2049-04-01,2049,4,"tavg",29.009210237149,"SSP5-8.5 (Fossil-fueled Development)","ML-Enhanced"
2049-05-01,2049,5,"tavg",29.2495674727922,"SSP5-8.5 (Fossil-fueled Development)","ML-Enhanced"
2049-06-01,2049,6,"tavg",29.561214442906,"SSP5-8.5 (Fossil-fueled Development)","ML-Enhanced"
2049-07-01,2049,7,"tavg",29.6158670876346,"SSP5-8.5 (Fossil-fueled Development)","ML-Enhanced"
2049-08-01,2049,8,"tavg",28.1019610254923,"SSP5-8.5 (Fossil-fueled Development)","ML-Enhanced"
2049-09-01,2049,9,"tavg",26.6078828799067,"SSP5-8.5 (Fossil-fueled Development)","ML-Enhanced"
2049-10-01,2049,10,"tavg",25.1834223503029,"SSP5-8.5 (Fossil-fueled Development)","ML-Enhanced"
2049-11-01,2049,11,"tavg",24.3009376712841,"SSP5-8.5 (Fossil-fueled Development)","ML-Enhanced"
2049-12-01,2049,12,"tavg",23.6056654141879,"SSP5-8.5 (Fossil-fueled Development)","ML-Enhanced"
2050-01-01,2050,1,"tavg",24.8151707254536,"SSP5-8.5 (Fossil-fueled Development)","ML-Enhanced"
2050-02-01,2050,2,"tavg",25.5680273848742,"SSP5-8.5 (Fossil-fueled Development)","ML-Enhanced"
2050-03-01,2050,3,"tavg",25.8505427312349,"SSP5-8.5 (Fossil-fueled Development)","ML-Enhanced"
2050-04-01,2050,4,"tavg",27.4429292542261,"SSP5-8.5 (Fossil-fueled Development)","ML-Enhanced"
2050-05-01,2050,5,"tavg",29.6553693870364,"SSP5-8.5 (Fossil-fueled Development)","ML-Enhanced"
2050-06-01,2050,6,"tavg",29.8822769076953,"SSP5-8.5 (Fossil-fueled Development)","ML-Enhanced"
2050-07-01,2050,7,"tavg",29.3621567792643,"SSP5-8.5 (Fossil-fueled Development)","ML-Enhanced"
2050-08-01,2050,8,"tavg",28.460420699172,"SSP5-8.5 (Fossil-fueled Development)","ML-Enhanced"
2050-09-01,2050,9,"tavg",26.7179603187783,"SSP5-8.5 (Fossil-fueled Development)","ML-Enhanced"
2050-10-01,2050,10,"tavg",25.5131786739615,"SSP5-8.5 (Fossil-fueled Development)","ML-Enhanced"
2050-11-01,2050,11,"tavg",23.5151778649431,"SSP5-8.5 (Fossil-fueled Development)","ML-Enhanced"
2050-12-01,2050,12,"tavg",23.4196701972993,"SSP5-8.5 (Fossil-fueled Development)","ML-Enhanced"
2051-01-01,2051,1,"tavg",24.9056276102855,"SSP5-8.5 (Fossil-fueled Development)","ML-Enhanced"
2051-02-01,2051,2,"tavg",25.0403830145903,"SSP5-8.5 (Fossil-fueled Development)","ML-Enhanced"
2051-03-01,2051,3,"tavg",26.5564379706956,"SSP5-8.5 (Fossil-fueled Development)","ML-Enhanced"
2051-04-01,2051,4,"tavg",27.9565834715996,"SSP5-8.5 (Fossil-fueled Development)","ML-Enhanced"
2051-05-01,2051,5,"tavg",29.6234618643525,"SSP5-8.5 (Fossil-fueled Development)","ML-Enhanced"
2051-06-01,2051,6,"tavg",28.9880792536133,"SSP5-8.5 (Fossil-fueled Development)","ML-Enhanced"
2051-07-01,2051,7,"tavg",30.213965027908,"SSP5-8.5 (Fossil-fueled Development)","ML-Enhanced"
2051-08-01,2051,8,"tavg",27.7136423035193,"SSP5-8.5 (Fossil-fueled Development)","ML-Enhanced"
2051-09-01,2051,9,"tavg",27.1821588289534,"SSP5-8.5 (Fossil-fueled Development)","ML-Enhanced"
2051-10-01,2051,10,"tavg",25.4385531627028,"SSP5-8.5 (Fossil-fueled Development)","ML-Enhanced"
2051-11-01,2051,11,"tavg",24.2016704499243,"SSP5-8.5 (Fossil-fueled Development)","ML-Enhanced"
2051-12-01,2051,12,"tavg",23.7268083955766,"SSP5-8.5 (Fossil-fueled Development)","ML-Enhanced"
2052-01-01,2052,1,"tavg",24.8356363822487,"SSP5-8.5 (Fossil-fueled Development)","ML-Enhanced"
2052-02-01,2052,2,"tavg",25.578336408618,"SSP5-8.5 (Fossil-fueled Development)","ML-Enhanced"
2052-03-01,2052,3,"tavg",26.5645661177057,"SSP5-8.5 (Fossil-fueled Development)","ML-Enhanced"
2052-04-01,2052,4,"tavg",28.2213859575374,"SSP5-8.5 (Fossil-fueled Development)","ML-Enhanced"
2052-05-01,2052,5,"tavg",29.8392634467114,"SSP5-8.5 (Fossil-fueled Development)","ML-Enhanced"
2052-06-01,2052,6,"tavg",30.6012877321807,"SSP5-8.5 (Fossil-fueled Development)","ML-Enhanced"
2052-07-01,2052,7,"tavg",29.4107043854177,"SSP5-8.5 (Fossil-fueled Development)","ML-Enhanced"
2052-08-01,2052,8,"tavg",27.8637386918644,"SSP5-8.5 (Fossil-fueled Development)","ML-Enhanced"
2052-09-01,2052,9,"tavg",27.157743059179,"SSP5-8.5 (Fossil-fueled Development)","ML-Enhanced"
2052-10-01,2052,10,"tavg",26.1847893427341,"SSP5-8.5 (Fossil-fueled Development)","ML-Enhanced"
2052-11-01,2052,11,"tavg",24.4870868903761,"SSP5-8.5 (Fossil-fueled Development)","ML-Enhanced"
2052-12-01,2052,12,"tavg",23.9497574639252,"SSP5-8.5 (Fossil-fueled Development)","ML-Enhanced"
2053-01-01,2053,1,"tavg",25.2805980628525,"SSP5-8.5 (Fossil-fueled Development)","ML-Enhanced"
2053-02-01,2053,2,"tavg",25.4974028597648,"SSP5-8.5 (Fossil-fueled Development)","ML-Enhanced"
2053-03-01,2053,3,"tavg",28.1395228777124,"SSP5-8.5 (Fossil-fueled Development)","ML-Enhanced"
2053-04-01,2053,4,"tavg",28.6150311317215,"SSP5-8.5 (Fossil-fueled Development)","ML-Enhanced"
2053-05-01,2053,5,"tavg",29.9386254606251,"SSP5-8.5 (Fossil-fueled Development)","ML-Enhanced"
2053-06-01,2053,6,"tavg",29.7634253747659,"SSP5-8.5 (Fossil-fueled Development)","ML-Enhanced"
2053-07-01,2053,7,"tavg",29.3809242213174,"SSP5-8.5 (Fossil-fueled Development)","ML-Enhanced"
2053-08-01,2053,8,"tavg",28.3385864321285,"SSP5-8.5 (Fossil-fueled Development)","ML-Enhanced"
2053-09-01,2053,9,"tavg",26.888864168863,"SSP5-8.5 (Fossil-fueled Development)","ML-Enhanced"
2053-10-01,2053,10,"tavg",24.8832796555995,"SSP5-8.5 (Fossil-fueled Development)","ML-Enhanced"
2053-11-01,2053,11,"tavg",24.4002887796898,"SSP5-8.5 (Fossil-fueled Development)","ML-Enhanced"
2053-12-01,2053,12,"tavg",23.7020480725325,"SSP5-8.5 (Fossil-fueled Development)","ML-Enhanced"
2024-01-01,2024,1,"prec",16.385089508821,"SSP5-8.5 (Fossil-fueled Development)","Statistical"
2024-02-01,2024,2,"prec",35.4992525017717,"SSP5-8.5 (Fossil-fueled Development)","Statistical"
2024-03-01,2024,3,"prec",18.2180495952398,"SSP5-8.5 (Fossil-fueled Development)","Statistical"
2024-04-01,2024,4,"prec",93.7451524830735,"SSP5-8.5 (Fossil-fueled Development)","Statistical"
2024-05-01,2024,5,"prec",167.811617079552,"SSP5-8.5 (Fossil-fueled Development)","Statistical"
2024-06-01,2024,6,"prec",371.518536500701,"SSP5-8.5 (Fossil-fueled Development)","Statistical"
2024-07-01,2024,7,"prec",494.159124710513,"SSP5-8.5 (Fossil-fueled Development)","Statistical"
2024-08-01,2024,8,"prec",359.630567246894,"SSP5-8.5 (Fossil-fueled Development)","Statistical"
2024-09-01,2024,9,"prec",354.542758491987,"SSP5-8.5 (Fossil-fueled Development)","Statistical"
2024-10-01,2024,10,"prec",146.660710678646,"SSP5-8.5 (Fossil-fueled Development)","Statistical"
2024-11-01,2024,11,"prec",41.5328308705422,"SSP5-8.5 (Fossil-fueled Development)","Statistical"
2024-12-01,2024,12,"prec",23.2896343764644,"SSP5-8.5 (Fossil-fueled Development)","Statistical"
2025-01-01,2025,1,"prec",22.7784120466183,"SSP5-8.5 (Fossil-fueled Development)","Statistical"
2025-02-01,2025,2,"prec",37.6060058067457,"SSP5-8.5 (Fossil-fueled Development)","Statistical"
2025-03-01,2025,3,"prec",41.5659479122727,"SSP5-8.5 (Fossil-fueled Development)","Statistical"
2025-04-01,2025,4,"prec",94.1239151377509,"SSP5-8.5 (Fossil-fueled Development)","Statistical"
2025-05-01,2025,5,"prec",121.223481373697,"SSP5-8.5 (Fossil-fueled Development)","Statistical"
2025-06-01,2025,6,"prec",336.385488273866,"SSP5-8.5 (Fossil-fueled Development)","Statistical"
2025-07-01,2025,7,"prec",567.920113419762,"SSP5-8.5 (Fossil-fueled Development)","Statistical"
2025-08-01,2025,8,"prec",467.152451941005,"SSP5-8.5 (Fossil-fueled Development)","Statistical"
2025-09-01,2025,9,"prec",375.755974726067,"SSP5-8.5 (Fossil-fueled Development)","Statistical"
2025-10-01,2025,10,"prec",50.5585707183644,"SSP5-8.5 (Fossil-fueled Development)","Statistical"
2025-11-01,2025,11,"prec",46.4729146855214,"SSP5-8.5 (Fossil-fueled Development)","Statistical"
2025-12-01,2025,12,"prec",27.4474147358491,"SSP5-8.5 (Fossil-fueled Development)","Statistical"
2026-01-01,2026,1,"prec",21.6651069764199,"SSP5-8.5 (Fossil-fueled Development)","Statistical"
2026-02-01,2026,2,"prec",38.7203283620995,"SSP5-8.5 (Fossil-fueled Development)","Statistical"
2026-03-01,2026,3,"prec",54.2077382954488,"SSP5-8.5 (Fossil-fueled Development)","Statistical"
2026-04-01,2026,4,"prec",55.6413634176488,"SSP5-8.5 (Fossil-fueled Development)","Statistical"
2026-05-01,2026,5,"prec",208.520766350602,"SSP5-8.5 (Fossil-fueled Development)","Statistical"
2026-06-01,2026,6,"prec",369.04648824505,"SSP5-8.5 (Fossil-fueled Development)","Statistical"
2026-07-01,2026,7,"prec",417.437235791487,"SSP5-8.5 (Fossil-fueled Development)","Statistical"
2026-08-01,2026,8,"prec",452.795460647504,"SSP5-8.5 (Fossil-fueled Development)","Statistical"
2026-09-01,2026,9,"prec",364.401080962075,"SSP5-8.5 (Fossil-fueled Development)","Statistical"
2026-10-01,2026,10,"prec",136.615504364724,"SSP5-8.5 (Fossil-fueled Development)","Statistical"
2026-11-01,2026,11,"prec",40.4848484220854,"SSP5-8.5 (Fossil-fueled Development)","Statistical"
2026-12-01,2026,12,"prec",34.9416321453606,"SSP5-8.5 (Fossil-fueled Development)","Statistical"
2027-01-01,2027,1,"prec",18.1636230716422,"SSP5-8.5 (Fossil-fueled Development)","Statistical"
2027-02-01,2027,2,"prec",21.2559003015266,"SSP5-8.5 (Fossil-fueled Development)","Statistical"
2027-03-01,2027,3,"prec",29.2035560344513,"SSP5-8.5 (Fossil-fueled Development)","Statistical"
2027-04-01,2027,4,"prec",76.7091854338387,"SSP5-8.5 (Fossil-fueled Development)","Statistical"
2027-05-01,2027,5,"prec",159.714290020185,"SSP5-8.5 (Fossil-fueled Development)","Statistical"
2027-06-01,2027,6,"prec",316.468731403341,"SSP5-8.5 (Fossil-fueled Development)","Statistical"
2027-07-01,2027,7,"prec",528.259031491963,"SSP5-8.5 (Fossil-fueled Development)","Statistical"
2027-08-01,2027,8,"prec",414.510429135799,"SSP5-8.5 (Fossil-fueled Development)","Statistical"
2027-09-01,2027,9,"prec",280.376813904771,"SSP5-8.5 (Fossil-fueled Development)","Statistical"
2027-10-01,2027,10,"prec",107.857567948785,"SSP5-8.5 (Fossil-fueled Development)","Statistical"
2027-11-01,2027,11,"prec",53.2695991846181,"SSP5-8.5 (Fossil-fueled Development)","Statistical"
2027-12-01,2027,12,"prec",33.7555594808885,"SSP5-8.5 (Fossil-fueled Development)","Statistical"
2028-01-01,2028,1,"prec",19.8521736863882,"SSP5-8.5 (Fossil-fueled Development)","Statistical"
2028-02-01,2028,2,"prec",28.8038191285828,"SSP5-8.5 (Fossil-fueled Development)","Statistical"
2028-03-01,2028,3,"prec",38.8308837755199,"SSP5-8.5 (Fossil-fueled Development)","Statistical"
2028-04-01,2028,4,"prec",82.4699506331633,"SSP5-8.5 (Fossil-fueled Development)","Statistical"
2028-05-01,2028,5,"prec",121.687414470289,"SSP5-8.5 (Fossil-fueled Development)","Statistical"
2028-06-01,2028,6,"prec",473.786065698254,"SSP5-8.5 (Fossil-fueled Development)","Statistical"
2028-07-01,2028,7,"prec",606.923021619501,"SSP5-8.5 (Fossil-fueled Development)","Statistical"
2028-08-01,2028,8,"prec",401.31493074915,"SSP5-8.5 (Fossil-fueled Development)","Statistical"
2028-09-01,2028,9,"prec",208.333015215937,"SSP5-8.5 (Fossil-fueled Development)","Statistical"
2028-10-01,2028,10,"prec",94.5841141290252,"SSP5-8.5 (Fossil-fueled Development)","Statistical"
2028-11-01,2028,11,"prec",38.3262049742957,"SSP5-8.5 (Fossil-fueled Development)","Statistical"
2028-12-01,2028,12,"prec",31.5943420820371,"SSP5-8.5 (Fossil-fueled Development)","Statistical"
2029-01-01,2029,1,"prec",17.8475005187592,"SSP5-8.5 (Fossil-fueled Development)","Statistical"
2029-02-01,2029,2,"prec",38.714927602754,"SSP5-8.5 (Fossil-fueled Development)","Statistical"
2029-03-01,2029,3,"prec",39.6793574738263,"SSP5-8.5 (Fossil-fueled Development)","Statistical"
2029-04-01,2029,4,"prec",105.889834765271,"SSP5-8.5 (Fossil-fueled Development)","Statistical"
2029-05-01,2029,5,"prec",144.450152680994,"SSP5-8.5 (Fossil-fueled Development)","Statistical"
2029-06-01,2029,6,"prec",438.057499259821,"SSP5-8.5 (Fossil-fueled Development)","Statistical"
2029-07-01,2029,7,"prec",562.049870728925,"SSP5-8.5 (Fossil-fueled Development)","Statistical"
2029-08-01,2029,8,"prec",520.955564361761,"SSP5-8.5 (Fossil-fueled Development)","Statistical"
2029-09-01,2029,9,"prec",189.157629238294,"SSP5-8.5 (Fossil-fueled Development)","Statistical"
2029-10-01,2029,10,"prec",117.526679772486,"SSP5-8.5 (Fossil-fueled Development)","Statistical"
2029-11-01,2029,11,"prec",40.0124546794196,"SSP5-8.5 (Fossil-fueled Development)","Statistical"
2029-12-01,2029,12,"prec",29.4669904118423,"SSP5-8.5 (Fossil-fueled Development)","Statistical"
2030-01-01,2030,1,"prec",22.2047147946553,"SSP5-8.5 (Fossil-fueled Development)","Statistical"
2030-02-01,2030,2,"prec",38.4512526505034,"SSP5-8.5 (Fossil-fueled Development)","Statistical"
2030-03-01,2030,3,"prec",40.6097684455479,"SSP5-8.5 (Fossil-fueled Development)","Statistical"
2030-04-01,2030,4,"prec",86.9469226665259,"SSP5-8.5 (Fossil-fueled Development)","Statistical"
2030-05-01,2030,5,"prec",211.888739436719,"SSP5-8.5 (Fossil-fueled Development)","Statistical"
2030-06-01,2030,6,"prec",478.358822837411,"SSP5-8.5 (Fossil-fueled Development)","Statistical"
2030-07-01,2030,7,"prec",507.393070393878,"SSP5-8.5 (Fossil-fueled Development)","Statistical"
2030-08-01,2030,8,"prec",313.15051371812,"SSP5-8.5 (Fossil-fueled Development)","Statistical"
2030-09-01,2030,9,"prec",333.84906926726,"SSP5-8.5 (Fossil-fueled Development)","Statistical"
2030-10-01,2030,10,"prec",108.377259333545,"SSP5-8.5 (Fossil-fueled Development)","Statistical"
2030-11-01,2030,11,"prec",49.4151856715633,"SSP5-8.5 (Fossil-fueled Development)","Statistical"
2030-12-01,2030,12,"prec",28.5351825457619,"SSP5-8.5 (Fossil-fueled Development)","Statistical"
2031-01-01,2031,1,"prec",18.6597581730784,"SSP5-8.5 (Fossil-fueled Development)","Statistical"
2031-02-01,2031,2,"prec",27.2412424919807,"SSP5-8.5 (Fossil-fueled Development)","Statistical"
2031-03-01,2031,3,"prec",51.0511285569319,"SSP5-8.5 (Fossil-fueled Development)","Statistical"
2031-04-01,2031,4,"prec",80.0656100594982,"SSP5-8.5 (Fossil-fueled Development)","Statistical"
2031-05-01,2031,5,"prec",178.19278153449,"SSP5-8.5 (Fossil-fueled Development)","Statistical"
2031-06-01,2031,6,"prec",358.985225636524,"SSP5-8.5 (Fossil-fueled Development)","Statistical"
2031-07-01,2031,7,"prec",312.345211870719,"SSP5-8.5 (Fossil-fueled Development)","Statistical"
2031-08-01,2031,8,"prec",536.998879671764,"SSP5-8.5 (Fossil-fueled Development)","Statistical"
2031-09-01,2031,9,"prec",127.958812726762,"SSP5-8.5 (Fossil-fueled Development)","Statistical"
2031-10-01,2031,10,"prec",91.0186683312921,"SSP5-8.5 (Fossil-fueled Development)","Statistical"
2031-11-01,2031,11,"prec",60.5075817149759,"SSP5-8.5 (Fossil-fueled Development)","Statistical"
2031-12-01,2031,12,"prec",35.0853695817532,"SSP5-8.5 (Fossil-fueled Development)","Statistical"
2032-01-01,2032,1,"prec",22.2321706155902,"SSP5-8.5 (Fossil-fueled Development)","Statistical"
2032-02-01,2032,2,"prec",25.4816360203209,"SSP5-8.5 (Fossil-fueled Development)","Statistical"
2032-03-01,2032,3,"prec",40.3738754990624,"SSP5-8.5 (Fossil-fueled Development)","Statistical"
2032-04-01,2032,4,"prec",100.530049683157,"SSP5-8.5 (Fossil-fueled Development)","Statistical"
2032-05-01,2032,5,"prec",207.30421241462,"SSP5-8.5 (Fossil-fueled Development)","Statistical"
2032-06-01,2032,6,"prec",389.307775563557,"SSP5-8.5 (Fossil-fueled Development)","Statistical"
2032-07-01,2032,7,"prec",477.795190499525,"SSP5-8.5 (Fossil-fueled Development)","Statistical"
2032-08-01,2032,8,"prec",241.391799179638,"SSP5-8.5 (Fossil-fueled Development)","Statistical"
2032-09-01,2032,9,"prec",297.911586904283,"SSP5-8.5 (Fossil-fueled Development)","Statistical"
2032-10-01,2032,10,"prec",76.6584011550941,"SSP5-8.5 (Fossil-fueled Development)","Statistical"
2032-11-01,2032,11,"prec",37.5842786034596,"SSP5-8.5 (Fossil-fueled Development)","Statistical"
2032-12-01,2032,12,"prec",21.1713089014673,"SSP5-8.5 (Fossil-fueled Development)","Statistical"
2033-01-01,2033,1,"prec",28.5631968907505,"SSP5-8.5 (Fossil-fueled Development)","Statistical"
2033-02-01,2033,2,"prec",34.1661971259923,"SSP5-8.5 (Fossil-fueled Development)","Statistical"
2033-03-01,2033,3,"prec",38.8139524165218,"SSP5-8.5 (Fossil-fueled Development)","Statistical"
2033-04-01,2033,4,"prec",77.641935937484,"SSP5-8.5 (Fossil-fueled Development)","Statistical"
2033-05-01,2033,5,"prec",157.97023309427,"SSP5-8.5 (Fossil-fueled Development)","Statistical"
2033-06-01,2033,6,"prec",445.517373711078,"SSP5-8.5 (Fossil-fueled Development)","Statistical"
2033-07-01,2033,7,"prec",379.112234242827,"SSP5-8.5 (Fossil-fueled Development)","Statistical"
2033-08-01,2033,8,"prec",321.775024267154,"SSP5-8.5 (Fossil-fueled Development)","Statistical"
2033-09-01,2033,9,"prec",313.968369709389,"SSP5-8.5 (Fossil-fueled Development)","Statistical"
2033-10-01,2033,10,"prec",102.839281643414,"SSP5-8.5 (Fossil-fueled Development)","Statistical"
2033-11-01,2033,11,"prec",44.9903313839819,"SSP5-8.5 (Fossil-fueled Development)","Statistical"
2033-12-01,2033,12,"prec",21.5659653732028,"SSP5-8.5 (Fossil-fueled Development)","Statistical"
2034-01-01,2034,1,"prec",17.0209317667663,"SSP5-8.5 (Fossil-fueled Development)","Statistical"
2034-02-01,2034,2,"prec",41.2580828414946,"SSP5-8.5 (Fossil-fueled Development)","Statistical"
2034-03-01,2034,3,"prec",41.5163423458043,"SSP5-8.5 (Fossil-fueled Development)","Statistical"
2034-04-01,2034,4,"prec",78.7820976630696,"SSP5-8.5 (Fossil-fueled Development)","Statistical"
2034-05-01,2034,5,"prec",133.232135667353,"SSP5-8.5 (Fossil-fueled Development)","Statistical"
2034-06-01,2034,6,"prec",342.268267313171,"SSP5-8.5 (Fossil-fueled Development)","Statistical"
2034-07-01,2034,7,"prec",272.019536549958,"SSP5-8.5 (Fossil-fueled Development)","Statistical"
2034-08-01,2034,8,"prec",398.498454128056,"SSP5-8.5 (Fossil-fueled Development)","Statistical"
2034-09-01,2034,9,"prec",231.921574791979,"SSP5-8.5 (Fossil-fueled Development)","Statistical"
2034-10-01,2034,10,"prec",161.726517572632,"SSP5-8.5 (Fossil-fueled Development)","Statistical"
2034-11-01,2034,11,"prec",42.0083530018275,"SSP5-8.5 (Fossil-fueled Development)","Statistical"
2034-12-01,2034,12,"prec",33.0660328626334,"SSP5-8.5 (Fossil-fueled Development)","Statistical"
2035-01-01,2035,1,"prec",20.0581216298415,"SSP5-8.5 (Fossil-fueled Development)","Statistical"
2035-02-01,2035,2,"prec",36.5651947974156,"SSP5-8.5 (Fossil-fueled Development)","Statistical"
2035-03-01,2035,3,"prec",57.4473503109682,"SSP5-8.5 (Fossil-fueled Development)","Statistical"
2035-04-01,2035,4,"prec",78.2264263704901,"SSP5-8.5 (Fossil-fueled Development)","Statistical"
2035-05-01,2035,5,"prec",134.844688351132,"SSP5-8.5 (Fossil-fueled Development)","Statistical"
2035-06-01,2035,6,"prec",376.865042638885,"SSP5-8.5 (Fossil-fueled Development)","Statistical"
2035-07-01,2035,7,"prec",260.125972657826,"SSP5-8.5 (Fossil-fueled Development)","Statistical"
2035-08-01,2035,8,"prec",526.460765169427,"SSP5-8.5 (Fossil-fueled Development)","Statistical"
2035-09-01,2035,9,"prec",233.10533453685,"SSP5-8.5 (Fossil-fueled Development)","Statistical"
2035-10-01,2035,10,"prec",127.642450534712,"SSP5-8.5 (Fossil-fueled Development)","Statistical"
2035-11-01,2035,11,"prec",48.9799786150966,"SSP5-8.5 (Fossil-fueled Development)","Statistical"
2035-12-01,2035,12,"prec",17.4500216289653,"SSP5-8.5 (Fossil-fueled Development)","Statistical"
2036-01-01,2036,1,"prec",26.0835027083171,"SSP5-8.5 (Fossil-fueled Development)","Statistical"
2036-02-01,2036,2,"prec",26.1365622513949,"SSP5-8.5 (Fossil-fueled Development)","Statistical"
2036-03-01,2036,3,"prec",35.46144709515,"SSP5-8.5 (Fossil-fueled Development)","Statistical"
2036-04-01,2036,4,"prec",58.015010481016,"SSP5-8.5 (Fossil-fueled Development)","Statistical"
2036-05-01,2036,5,"prec",170.738001554153,"SSP5-8.5 (Fossil-fueled Development)","Statistical"
2036-06-01,2036,6,"prec",455.962542626422,"SSP5-8.5 (Fossil-fueled Development)","Statistical"
2036-07-01,2036,7,"prec",478.166057515436,"SSP5-8.5 (Fossil-fueled Development)","Statistical"
2036-08-01,2036,8,"prec",361.78700006458,"SSP5-8.5 (Fossil-fueled Development)","Statistical"
2036-09-01,2036,9,"prec",317.381008389958,"SSP5-8.5 (Fossil-fueled Development)","Statistical"
2036-10-01,2036,10,"prec",128.321085200906,"SSP5-8.5 (Fossil-fueled Development)","Statistical"
2036-11-01,2036,11,"prec",35.1404788699428,"SSP5-8.5 (Fossil-fueled Development)","Statistical"
2036-12-01,2036,12,"prec",26.7704628451973,"SSP5-8.5 (Fossil-fueled Development)","Statistical"
2037-01-01,2037,1,"prec",17.6628453638842,"SSP5-8.5 (Fossil-fueled Development)","Statistical"
2037-02-01,2037,2,"prec",31.9098910654915,"SSP5-8.5 (Fossil-fueled Development)","Statistical"
2037-03-01,2037,3,"prec",36.0779566663402,"SSP5-8.5 (Fossil-fueled Development)","Statistical"
2037-04-01,2037,4,"prec",98.6115922620383,"SSP5-8.5 (Fossil-fueled Development)","Statistical"
2037-05-01,2037,5,"prec",210.902791423293,"SSP5-8.5 (Fossil-fueled Development)","Statistical"
2037-06-01,2037,6,"prec",449.629682216817,"SSP5-8.5 (Fossil-fueled Development)","Statistical"
2037-07-01,2037,7,"prec",545.266618152624,"SSP5-8.5 (Fossil-fueled Development)","Statistical"
2037-08-01,2037,8,"prec",259.584170029155,"SSP5-8.5 (Fossil-fueled Development)","Statistical"
2037-09-01,2037,9,"prec",324.477869389236,"SSP5-8.5 (Fossil-fueled Development)","Statistical"
2037-10-01,2037,10,"prec",141.687333755276,"SSP5-8.5 (Fossil-fueled Development)","Statistical"
2037-11-01,2037,11,"prec",52.8402373879447,"SSP5-8.5 (Fossil-fueled Development)","Statistical"
2037-12-01,2037,12,"prec",36.2533635440811,"SSP5-8.5 (Fossil-fueled Development)","Statistical"
2038-01-01,2038,1,"prec",16.8582468373619,"SSP5-8.5 (Fossil-fueled Development)","Statistical"
2038-02-01,2038,2,"prec",43.1632952362436,"SSP5-8.5 (Fossil-fueled Development)","Statistical"
2038-03-01,2038,3,"prec",32.3182751801838,"SSP5-8.5 (Fossil-fueled Development)","Statistical"
2038-04-01,2038,4,"prec",89.8351767600849,"SSP5-8.5 (Fossil-fueled Development)","Statistical"
2038-05-01,2038,5,"prec",167.142181654339,"SSP5-8.5 (Fossil-fueled Development)","Statistical"
2038-06-01,2038,6,"prec",407.73302448453,"SSP5-8.5 (Fossil-fueled Development)","Statistical"
2038-07-01,2038,7,"prec",511.800537718102,"SSP5-8.5 (Fossil-fueled Development)","Statistical"
2038-08-01,2038,8,"prec",631.342260070622,"SSP5-8.5 (Fossil-fueled Development)","Statistical"
2038-09-01,2038,9,"prec",191.92268727527,"SSP5-8.5 (Fossil-fueled Development)","Statistical"
2038-10-01,2038,10,"prec",54.8275787015935,"SSP5-8.5 (Fossil-fueled Development)","Statistical"
2038-11-01,2038,11,"prec",42.5425882318074,"SSP5-8.5 (Fossil-fueled Development)","Statistical"
2038-12-01,2038,12,"prec",19.7396906784837,"SSP5-8.5 (Fossil-fueled Development)","Statistical"
2039-01-01,2039,1,"prec",10.8373408625646,"SSP5-8.5 (Fossil-fueled Development)","Statistical"
2039-02-01,2039,2,"prec",21.2399480494439,"SSP5-8.5 (Fossil-fueled Development)","Statistical"
2039-03-01,2039,3,"prec",37.6832326047191,"SSP5-8.5 (Fossil-fueled Development)","Statistical"
2039-04-01,2039,4,"prec",77.7486944567289,"SSP5-8.5 (Fossil-fueled Development)","Statistical"
2039-05-01,2039,5,"prec",158.281689376296,"SSP5-8.5 (Fossil-fueled Development)","Statistical"
2039-06-01,2039,6,"prec",368.315206290817,"SSP5-8.5 (Fossil-fueled Development)","Statistical"
2039-07-01,2039,7,"prec",506.93424830757,"SSP5-8.5 (Fossil-fueled Development)","Statistical"
2039-08-01,2039,8,"prec",385.286249250334,"SSP5-8.5 (Fossil-fueled Development)","Statistical"
2039-09-01,2039,9,"prec",233.565984322804,"SSP5-8.5 (Fossil-fueled Development)","Statistical"
2039-10-01,2039,10,"prec",87.2357725469121,"SSP5-8.5 (Fossil-fueled Development)","Statistical"
2039-11-01,2039,11,"prec",40.0153761867289,"SSP5-8.5 (Fossil-fueled Development)","Statistical"
2039-12-01,2039,12,"prec",22.759733060114,"SSP5-8.5 (Fossil-fueled Development)","Statistical"
2040-01-01,2040,1,"prec",23.9242961554005,"SSP5-8.5 (Fossil-fueled Development)","Statistical"
2040-02-01,2040,2,"prec",40.9876996513044,"SSP5-8.5 (Fossil-fueled Development)","Statistical"
2040-03-01,2040,3,"prec",38.5781743881908,"SSP5-8.5 (Fossil-fueled Development)","Statistical"
2040-04-01,2040,4,"prec",93.4856450261364,"SSP5-8.5 (Fossil-fueled Development)","Statistical"
2040-05-01,2040,5,"prec",184.526867880496,"SSP5-8.5 (Fossil-fueled Development)","Statistical"
2040-06-01,2040,6,"prec",383.663648408888,"SSP5-8.5 (Fossil-fueled Development)","Statistical"
2040-07-01,2040,7,"prec",562.171841079304,"SSP5-8.5 (Fossil-fueled Development)","Statistical"
2040-08-01,2040,8,"prec",411.371721121021,"SSP5-8.5 (Fossil-fueled Development)","Statistical"
2040-09-01,2040,9,"prec",118.328686939145,"SSP5-8.5 (Fossil-fueled Development)","Statistical"
2040-10-01,2040,10,"prec",65.0149575482632,"SSP5-8.5 (Fossil-fueled Development)","Statistical"
2040-11-01,2040,11,"prec",45.2936698809217,"SSP5-8.5 (Fossil-fueled Development)","Statistical"
2040-12-01,2040,12,"prec",28.3007028118232,"SSP5-8.5 (Fossil-fueled Development)","Statistical"
2041-01-01,2041,1,"prec",17.5917460436424,"SSP5-8.5 (Fossil-fueled Development)","Statistical"
2041-02-01,2041,2,"prec",35.3909488896076,"SSP5-8.5 (Fossil-fueled Development)","Statistical"
2041-03-01,2041,3,"prec",31.6859126380934,"SSP5-8.5 (Fossil-fueled Development)","Statistical"
2041-04-01,2041,4,"prec",84.2250097245715,"SSP5-8.5 (Fossil-fueled Development)","Statistical"
2041-05-01,2041,5,"prec",117.072087165047,"SSP5-8.5 (Fossil-fueled Development)","Statistical"
2041-06-01,2041,6,"prec",458.591572388549,"SSP5-8.5 (Fossil-fueled Development)","Statistical"
2041-07-01,2041,7,"prec",496.528595041453,"SSP5-8.5 (Fossil-fueled Development)","Statistical"
2041-08-01,2041,8,"prec",438.914441191028,"SSP5-8.5 (Fossil-fueled Development)","Statistical"
2041-09-01,2041,9,"prec",284.146959916358,"SSP5-8.5 (Fossil-fueled Development)","Statistical"
2041-10-01,2041,10,"prec",169.566127695104,"SSP5-8.5 (Fossil-fueled Development)","Statistical"
2041-11-01,2041,11,"prec",42.8853098815466,"SSP5-8.5 (Fossil-fueled Development)","Statistical"
2041-12-01,2041,12,"prec",26.0225810757155,"SSP5-8.5 (Fossil-fueled Development)","Statistical"
2042-01-01,2042,1,"prec",18.6842374813576,"SSP5-8.5 (Fossil-fueled Development)","Statistical"
2042-02-01,2042,2,"prec",29.004857525703,"SSP5-8.5 (Fossil-fueled Development)","Statistical"
2042-03-01,2042,3,"prec",37.8310254764666,"SSP5-8.5 (Fossil-fueled Development)","Statistical"
2042-04-01,2042,4,"prec",68.746257704894,"SSP5-8.5 (Fossil-fueled Development)","Statistical"
2042-05-01,2042,5,"prec",135.247415062823,"SSP5-8.5 (Fossil-fueled Development)","Statistical"
2042-06-01,2042,6,"prec",376.725633745347,"SSP5-8.5 (Fossil-fueled Development)","Statistical"
2042-07-01,2042,7,"prec",444.023392199096,"SSP5-8.5 (Fossil-fueled Development)","Statistical"
2042-08-01,2042,8,"prec",479.387076760197,"SSP5-8.5 (Fossil-fueled Development)","Statistical"
2042-09-01,2042,9,"prec",268.909853555322,"SSP5-8.5 (Fossil-fueled Development)","Statistical"
2042-10-01,2042,10,"prec",111.006236118954,"SSP5-8.5 (Fossil-fueled Development)","Statistical"
2042-11-01,2042,11,"prec",23.3952274193567,"SSP5-8.5 (Fossil-fueled Development)","Statistical"
2042-12-01,2042,12,"prec",28.4098490327328,"SSP5-8.5 (Fossil-fueled Development)","Statistical"
2043-01-01,2043,1,"prec",20.4771004156263,"SSP5-8.5 (Fossil-fueled Development)","Statistical"
2043-02-01,2043,2,"prec",31.406619736739,"SSP5-8.5 (Fossil-fueled Development)","Statistical"
2043-03-01,2043,3,"prec",35.781136784818,"SSP5-8.5 (Fossil-fueled Development)","Statistical"
2043-04-01,2043,4,"prec",90.5882814137024,"SSP5-8.5 (Fossil-fueled Development)","Statistical"
2043-05-01,2043,5,"prec",124.125141543553,"SSP5-8.5 (Fossil-fueled Development)","Statistical"
2043-06-01,2043,6,"prec",350.964961109364,"SSP5-8.5 (Fossil-fueled Development)","Statistical"
2043-07-01,2043,7,"prec",547.11415756714,"SSP5-8.5 (Fossil-fueled Development)","Statistical"
2043-08-01,2043,8,"prec",409.864957250538,"SSP5-8.5 (Fossil-fueled Development)","Statistical"
2043-09-01,2043,9,"prec",305.185066994672,"SSP5-8.5 (Fossil-fueled Development)","Statistical"
2043-10-01,2043,10,"prec",108.315364324511,"SSP5-8.5 (Fossil-fueled Development)","Statistical"
2043-11-01,2043,11,"prec",42.0986560768793,"SSP5-8.5 (Fossil-fueled Development)","Statistical"
2043-12-01,2043,12,"prec",27.0865089762374,"SSP5-8.5 (Fossil-fueled Development)","Statistical"
2044-01-01,2044,1,"prec",24.5316040888087,"SSP5-8.5 (Fossil-fueled Development)","Statistical"
2044-02-01,2044,2,"prec",26.9056072601553,"SSP5-8.5 (Fossil-fueled Development)","Statistical"
2044-03-01,2044,3,"prec",38.9741387626893,"SSP5-8.5 (Fossil-fueled Development)","Statistical"
2044-04-01,2044,4,"prec",101.946411374221,"SSP5-8.5 (Fossil-fueled Development)","Statistical"
2044-05-01,2044,5,"prec",151.194283720947,"SSP5-8.5 (Fossil-fueled Development)","Statistical"
2044-06-01,2044,6,"prec",508.222867450432,"SSP5-8.5 (Fossil-fueled Development)","Statistical"
2044-07-01,2044,7,"prec",391.330520349253,"SSP5-8.5 (Fossil-fueled Development)","Statistical"
2044-08-01,2044,8,"prec",435.199417502076,"SSP5-8.5 (Fossil-fueled Development)","Statistical"
2044-09-01,2044,9,"prec",311.067895706499,"SSP5-8.5 (Fossil-fueled Development)","Statistical"
2044-10-01,2044,10,"prec",94.3423684660188,"SSP5-8.5 (Fossil-fueled Development)","Statistical"
2044-11-01,2044,11,"prec",49.166385821767,"SSP5-8.5 (Fossil-fueled Development)","Statistical"
2044-12-01,2044,12,"prec",27.5968930238051,"SSP5-8.5 (Fossil-fueled Development)","Statistical"
2045-01-01,2045,1,"prec",18.0157219779598,"SSP5-8.5 (Fossil-fueled Development)","Statistical"
2045-02-01,2045,2,"prec",33.9486111993374,"SSP5-8.5 (Fossil-fueled Development)","Statistical"
2045-03-01,2045,3,"prec",34.0450396618644,"SSP5-8.5 (Fossil-fueled Development)","Statistical"
2045-04-01,2045,4,"prec",48.7117809803414,"SSP5-8.5 (Fossil-fueled Development)","Statistical"
2045-05-01,2045,5,"prec",189.843647465737,"SSP5-8.5 (Fossil-fueled Development)","Statistical"
2045-06-01,2045,6,"prec",345.194357882536,"SSP5-8.5 (Fossil-fueled Development)","Statistical"
2045-07-01,2045,7,"prec",498.218844719698,"SSP5-8.5 (Fossil-fueled Development)","Statistical"
2045-08-01,2045,8,"prec",398.604628486442,"SSP5-8.5 (Fossil-fueled Development)","Statistical"
2045-09-01,2045,9,"prec",323.490324048028,"SSP5-8.5 (Fossil-fueled Development)","Statistical"
2045-10-01,2045,10,"prec",91.271219989747,"SSP5-8.5 (Fossil-fueled Development)","Statistical"
2045-11-01,2045,11,"prec",43.405100093201,"SSP5-8.5 (Fossil-fueled Development)","Statistical"
2045-12-01,2045,12,"prec",23.6985584375176,"SSP5-8.5 (Fossil-fueled Development)","Statistical"
2046-01-01,2046,1,"prec",20.7225143690918,"SSP5-8.5 (Fossil-fueled Development)","Statistical"
2046-02-01,2046,2,"prec",26.3926813745916,"SSP5-8.5 (Fossil-fueled Development)","Statistical"
2046-03-01,2046,3,"prec",44.7541381238337,"SSP5-8.5 (Fossil-fueled Development)","Statistical"
2046-04-01,2046,4,"prec",88.0120694333548,"SSP5-8.5 (Fossil-fueled Development)","Statistical"
2046-05-01,2046,5,"prec",144.893066620492,"SSP5-8.5 (Fossil-fueled Development)","Statistical"
2046-06-01,2046,6,"prec",429.461049585435,"SSP5-8.5 (Fossil-fueled Development)","Statistical"
2046-07-01,2046,7,"prec",669.400051181723,"SSP5-8.5 (Fossil-fueled Development)","Statistical"
2046-08-01,2046,8,"prec",468.286727374275,"SSP5-8.5 (Fossil-fueled Development)","Statistical"
2046-09-01,2046,9,"prec",308.464165905412,"SSP5-8.5 (Fossil-fueled Development)","Statistical"
2046-10-01,2046,10,"prec",125.357248402146,"SSP5-8.5 (Fossil-fueled Development)","Statistical"
2046-11-01,2046,11,"prec",41.1843445854853,"SSP5-8.5 (Fossil-fueled Development)","Statistical"
2046-12-01,2046,12,"prec",23.0194583280727,"SSP5-8.5 (Fossil-fueled Development)","Statistical"
2047-01-01,2047,1,"prec",22.3194322037895,"SSP5-8.5 (Fossil-fueled Development)","Statistical"
2047-02-01,2047,2,"prec",36.3773717930383,"SSP5-8.5 (Fossil-fueled Development)","Statistical"
2047-03-01,2047,3,"prec",29.2907680733556,"SSP5-8.5 (Fossil-fueled Development)","Statistical"
2047-04-01,2047,4,"prec",116.251160192906,"SSP5-8.5 (Fossil-fueled Development)","Statistical"
2047-05-01,2047,5,"prec",130.629221236463,"SSP5-8.5 (Fossil-fueled Development)","Statistical"
2047-06-01,2047,6,"prec",527.384557688833,"SSP5-8.5 (Fossil-fueled Development)","Statistical"
2047-07-01,2047,7,"prec",413.512000007923,"SSP5-8.5 (Fossil-fueled Development)","Statistical"
2047-08-01,2047,8,"prec",431.336289445381,"SSP5-8.5 (Fossil-fueled Development)","Statistical"
2047-09-01,2047,9,"prec",268.865144912872,"SSP5-8.5 (Fossil-fueled Development)","Statistical"
2047-10-01,2047,10,"prec",108.312513052926,"SSP5-8.5 (Fossil-fueled Development)","Statistical"
2047-11-01,2047,11,"prec",37.4101379129086,"SSP5-8.5 (Fossil-fueled Development)","Statistical"
2047-12-01,2047,12,"prec",29.6940171281726,"SSP5-8.5 (Fossil-fueled Development)","Statistical"
2048-01-01,2048,1,"prec",22.628350413714,"SSP5-8.5 (Fossil-fueled Development)","Statistical"
2048-02-01,2048,2,"prec",20.0449869472035,"SSP5-8.5 (Fossil-fueled Development)","Statistical"
2048-03-01,2048,3,"prec",46.0077126078173,"SSP5-8.5 (Fossil-fueled Development)","Statistical"
2048-04-01,2048,4,"prec",90.5298653353711,"SSP5-8.5 (Fossil-fueled Development)","Statistical"
2048-05-01,2048,5,"prec",171.612438998649,"SSP5-8.5 (Fossil-fueled Development)","Statistical"
2048-06-01,2048,6,"prec",441.375294001836,"SSP5-8.5 (Fossil-fueled Development)","Statistical"
2048-07-01,2048,7,"prec",558.705692613169,"SSP5-8.5 (Fossil-fueled Development)","Statistical"
2048-08-01,2048,8,"prec",419.550190887001,"SSP5-8.5 (Fossil-fueled Development)","Statistical"
2048-09-01,2048,9,"prec",180.694175588761,"SSP5-8.5 (Fossil-fueled Development)","Statistical"
2048-10-01,2048,10,"prec",89.995309045917,"SSP5-8.5 (Fossil-fueled Development)","Statistical"
2048-11-01,2048,11,"prec",55.1817948436065,"SSP5-8.5 (Fossil-fueled Development)","Statistical"
2048-12-01,2048,12,"prec",31.5565979956699,"SSP5-8.5 (Fossil-fueled Development)","Statistical"
2049-01-01,2049,1,"prec",27.7953762605711,"SSP5-8.5 (Fossil-fueled Development)","Statistical"
2049-02-01,2049,2,"prec",31.5668035389257,"SSP5-8.5 (Fossil-fueled Development)","Statistical"
2049-03-01,2049,3,"prec",42.1564802107841,"SSP5-8.5 (Fossil-fueled Development)","Statistical"
2049-04-01,2049,4,"prec",72.3378755804102,"SSP5-8.5 (Fossil-fueled Development)","Statistical"
2049-05-01,2049,5,"prec",169.146679284428,"SSP5-8.5 (Fossil-fueled Development)","Statistical"
2049-06-01,2049,6,"prec",369.615004982959,"SSP5-8.5 (Fossil-fueled Development)","Statistical"
2049-07-01,2049,7,"prec",551.610625051563,"SSP5-8.5 (Fossil-fueled Development)","Statistical"
2049-08-01,2049,8,"prec",349.049591145727,"SSP5-8.5 (Fossil-fueled Development)","Statistical"
2049-09-01,2049,9,"prec",279.352166780212,"SSP5-8.5 (Fossil-fueled Development)","Statistical"
2049-10-01,2049,10,"prec",93.3704949954191,"SSP5-8.5 (Fossil-fueled Development)","Statistical"
2049-11-01,2049,11,"prec",50.7054573404061,"SSP5-8.5 (Fossil-fueled Development)","Statistical"
2049-12-01,2049,12,"prec",22.5803539543855,"SSP5-8.5 (Fossil-fueled Development)","Statistical"
2050-01-01,2050,1,"prec",12.4508691313322,"SSP5-8.5 (Fossil-fueled Development)","Statistical"
2050-02-01,2050,2,"prec",34.5058699138681,"SSP5-8.5 (Fossil-fueled Development)","Statistical"
2050-03-01,2050,3,"prec",27.2290158846567,"SSP5-8.5 (Fossil-fueled Development)","Statistical"
2050-04-01,2050,4,"prec",93.1038513081397,"SSP5-8.5 (Fossil-fueled Development)","Statistical"
2050-05-01,2050,5,"prec",190.799825690541,"SSP5-8.5 (Fossil-fueled Development)","Statistical"
2050-06-01,2050,6,"prec",399.931387063456,"SSP5-8.5 (Fossil-fueled Development)","Statistical"
2050-07-01,2050,7,"prec",515.113456014357,"SSP5-8.5 (Fossil-fueled Development)","Statistical"
2050-08-01,2050,8,"prec",402.228373833777,"SSP5-8.5 (Fossil-fueled Development)","Statistical"
2050-09-01,2050,9,"prec",191.394647203887,"SSP5-8.5 (Fossil-fueled Development)","Statistical"
2050-10-01,2050,10,"prec",88.6362542301394,"SSP5-8.5 (Fossil-fueled Development)","Statistical"
2050-11-01,2050,11,"prec",48.473209919363,"SSP5-8.5 (Fossil-fueled Development)","Statistical"
2050-12-01,2050,12,"prec",25.4445543823166,"SSP5-8.5 (Fossil-fueled Development)","Statistical"
2051-01-01,2051,1,"prec",16.4842134166562,"SSP5-8.5 (Fossil-fueled Development)","Statistical"
2051-02-01,2051,2,"prec",26.7831946346367,"SSP5-8.5 (Fossil-fueled Development)","Statistical"
2051-03-01,2051,3,"prec",47.6680803197002,"SSP5-8.5 (Fossil-fueled Development)","Statistical"
2051-04-01,2051,4,"prec",83.9319706967895,"SSP5-8.5 (Fossil-fueled Development)","Statistical"
2051-05-01,2051,5,"prec",134.923857560171,"SSP5-8.5 (Fossil-fueled Development)","Statistical"
2051-06-01,2051,6,"prec",357.5985618923,"SSP5-8.5 (Fossil-fueled Development)","Statistical"
2051-07-01,2051,7,"prec",351.620633467176,"SSP5-8.5 (Fossil-fueled Development)","Statistical"
2051-08-01,2051,8,"prec",366.978778518304,"SSP5-8.5 (Fossil-fueled Development)","Statistical"
2051-09-01,2051,9,"prec",224.078196570093,"SSP5-8.5 (Fossil-fueled Development)","Statistical"
2051-10-01,2051,10,"prec",83.6905313481085,"SSP5-8.5 (Fossil-fueled Development)","Statistical"
2051-11-01,2051,11,"prec",42.3836617254511,"SSP5-8.5 (Fossil-fueled Development)","Statistical"
2051-12-01,2051,12,"prec",30.3588455385111,"SSP5-8.5 (Fossil-fueled Development)","Statistical"
2052-01-01,2052,1,"prec",24.7832532041886,"SSP5-8.5 (Fossil-fueled Development)","Statistical"
2052-02-01,2052,2,"prec",27.5947506532407,"SSP5-8.5 (Fossil-fueled Development)","Statistical"
2052-03-01,2052,3,"prec",40.3114818007921,"SSP5-8.5 (Fossil-fueled Development)","Statistical"
2052-04-01,2052,4,"prec",112.479406889806,"SSP5-8.5 (Fossil-fueled Development)","Statistical"
2052-05-01,2052,5,"prec",165.878415553597,"SSP5-8.5 (Fossil-fueled Development)","Statistical"
2052-06-01,2052,6,"prec",425.651028195169,"SSP5-8.5 (Fossil-fueled Development)","Statistical"
2052-07-01,2052,7,"prec",546.242278517971,"SSP5-8.5 (Fossil-fueled Development)","Statistical"
2052-08-01,2052,8,"prec",454.502991779864,"SSP5-8.5 (Fossil-fueled Development)","Statistical"
2052-09-01,2052,9,"prec",333.307107483919,"SSP5-8.5 (Fossil-fueled Development)","Statistical"
2052-10-01,2052,10,"prec",103.093069487118,"SSP5-8.5 (Fossil-fueled Development)","Statistical"
2052-11-01,2052,11,"prec",59.1190727980431,"SSP5-8.5 (Fossil-fueled Development)","Statistical"
2052-12-01,2052,12,"prec",18.8700532887496,"SSP5-8.5 (Fossil-fueled Development)","Statistical"
2053-01-01,2053,1,"prec",19.356045484052,"SSP5-8.5 (Fossil-fueled Development)","Statistical"
2053-02-01,2053,2,"prec",33.1215351605654,"SSP5-8.5 (Fossil-fueled Development)","Statistical"
2053-03-01,2053,3,"prec",34.7189844106328,"SSP5-8.5 (Fossil-fueled Development)","Statistical"
2053-04-01,2053,4,"prec",64.3513418284123,"SSP5-8.5 (Fossil-fueled Development)","Statistical"
2053-05-01,2053,5,"prec",166.236395611506,"SSP5-8.5 (Fossil-fueled Development)","Statistical"
2053-06-01,2053,6,"prec",361.43138068329,"SSP5-8.5 (Fossil-fueled Development)","Statistical"
2053-07-01,2053,7,"prec",446.209611924716,"SSP5-8.5 (Fossil-fueled Development)","Statistical"
2053-08-01,2053,8,"prec",466.972990218015,"SSP5-8.5 (Fossil-fueled Development)","Statistical"
2053-09-01,2053,9,"prec",275.628800691306,"SSP5-8.5 (Fossil-fueled Development)","Statistical"
2053-10-01,2053,10,"prec",100.93917714866,"SSP5-8.5 (Fossil-fueled Development)","Statistical"
2053-11-01,2053,11,"prec",49.8973712430031,"SSP5-8.5 (Fossil-fueled Development)","Statistical"
2053-12-01,2053,12,"prec",23.9424818254348,"SSP5-8.5 (Fossil-fueled Development)","Statistical"
2024-01-01,2024,1,"prec",41.1844611339711,"SSP5-8.5 (Fossil-fueled Development)","ARIMA"
2024-02-01,2024,2,"prec",86.2187295013761,"SSP5-8.5 (Fossil-fueled Development)","ARIMA"
2024-03-01,2024,3,"prec",154.588365882952,"SSP5-8.5 (Fossil-fueled Development)","ARIMA"
2024-04-01,2024,4,"prec",311.224179577478,"SSP5-8.5 (Fossil-fueled Development)","ARIMA"
2024-05-01,2024,5,"prec",429.786499628986,"SSP5-8.5 (Fossil-fueled Development)","ARIMA"
2024-06-01,2024,6,"prec",438.866044997817,"SSP5-8.5 (Fossil-fueled Development)","ARIMA"
2024-07-01,2024,7,"prec",272.098077835758,"SSP5-8.5 (Fossil-fueled Development)","ARIMA"
2024-08-01,2024,8,"prec",136.258041892687,"SSP5-8.5 (Fossil-fueled Development)","ARIMA"
2024-09-01,2024,9,"prec",51.7883196739931,"SSP5-8.5 (Fossil-fueled Development)","ARIMA"
2024-10-01,2024,10,"prec",28.2489489324658,"SSP5-8.5 (Fossil-fueled Development)","ARIMA"
2024-11-01,2024,11,"prec",22.6338288375865,"SSP5-8.5 (Fossil-fueled Development)","ARIMA"
2024-12-01,2024,12,"prec",33.0137029402118,"SSP5-8.5 (Fossil-fueled Development)","ARIMA"
2025-01-01,2025,1,"prec",41.6552304506206,"SSP5-8.5 (Fossil-fueled Development)","ARIMA"
2025-02-01,2025,2,"prec",86.4910136548475,"SSP5-8.5 (Fossil-fueled Development)","ARIMA"
2025-03-01,2025,3,"prec",154.725619795853,"SSP5-8.5 (Fossil-fueled Development)","ARIMA"
2025-04-01,2025,4,"prec",311.048134922556,"SSP5-8.5 (Fossil-fueled Development)","ARIMA"
2025-05-01,2025,5,"prec",429.373330758638,"SSP5-8.5 (Fossil-fueled Development)","ARIMA"
2025-06-01,2025,6,"prec",438.515069772036,"SSP5-8.5 (Fossil-fueled Development)","ARIMA"
2025-07-01,2025,7,"prec",272.080638544426,"SSP5-8.5 (Fossil-fueled Development)","ARIMA"
2025-08-01,2025,8,"prec",136.512282673239,"SSP5-8.5 (Fossil-fueled Development)","ARIMA"
2025-09-01,2025,9,"prec",52.211499898982,"SSP5-8.5 (Fossil-fueled Development)","ARIMA"
2025-10-01,2025,10,"prec",28.6388551569203,"SSP5-8.5 (Fossil-fueled Development)","ARIMA"
2025-11-01,2025,11,"prec",23.0349653022308,"SSP5-8.5 (Fossil-fueled Development)","ARIMA"
2025-12-01,2025,12,"prec",33.3940796566508,"SSP5-8.5 (Fossil-fueled Development)","ARIMA"
2026-01-01,2026,1,"prec",42.0174313037942,"SSP5-8.5 (Fossil-fueled Development)","ARIMA"
2026-02-01,2026,2,"prec",86.7635429416126,"SSP5-8.5 (Fossil-fueled Development)","ARIMA"
2026-03-01,2026,3,"prec",154.861679870336,"SSP5-8.5 (Fossil-fueled Development)","ARIMA"
2026-04-01,2026,4,"prec",310.871549966785,"SSP5-8.5 (Fossil-fueled Development)","ARIMA"
2026-05-01,2026,5,"prec",428.960095411196,"SSP5-8.5 (Fossil-fueled Development)","ARIMA"
2026-06-01,2026,6,"prec",438.1637429831,"SSP5-8.5 (Fossil-fueled Development)","ARIMA"
2026-07-01,2026,7,"prec",272.062180617945,"SSP5-8.5 (Fossil-fueled Development)","ARIMA"
2026-08-01,2026,8,"prec",136.7649614585,"SSP5-8.5 (Fossil-fueled Development)","ARIMA"
2026-09-01,2026,9,"prec",52.6327802497923,"SSP5-8.5 (Fossil-fueled Development)","ARIMA"
2026-10-01,2026,10,"prec",29.0270887606813,"SSP5-8.5 (Fossil-fueled Development)","ARIMA"
2026-11-01,2026,11,"prec",23.4344066857012,"SSP5-8.5 (Fossil-fueled Development)","ARIMA"
2026-12-01,2026,12,"prec",33.7728028114123,"SSP5-8.5 (Fossil-fueled Development)","ARIMA"
2027-01-01,2027,1,"prec",42.3780167326333,"SSP5-8.5 (Fossil-fueled Development)","ARIMA"
2027-02-01,2027,2,"prec",87.034636147176,"SSP5-8.5 (Fossil-fueled Development)","ARIMA"
2027-03-01,2027,3,"prec",154.996576802042,"SSP5-8.5 (Fossil-fueled Development)","ARIMA"
2027-04-01,2027,4,"prec",310.694427158299,"SSP5-8.5 (Fossil-fueled Development)","ARIMA"
2027-05-01,2027,5,"prec",428.54679551182,"SSP5-8.5 (Fossil-fueled Development)","ARIMA"
2027-06-01,2027,6,"prec",437.812067441041,"SSP5-8.5 (Fossil-fueled Development)","ARIMA"
2027-07-01,2027,7,"prec",272.042708200616,"SSP5-8.5 (Fossil-fueled Development)","ARIMA"
2027-08-01,2027,8,"prec",137.016083479491,"SSP5-8.5 (Fossil-fueled Development)","ARIMA"
2027-09-01,2027,9,"prec",53.0521666331999,"SSP5-8.5 (Fossil-fueled Development)","ARIMA"
2027-10-01,2027,10,"prec",29.4136548746067,"SSP5-8.5 (Fossil-fueled Development)","ARIMA"
2027-11-01,2027,11,"prec",23.8321581637765,"SSP5-8.5 (Fossil-fueled Development)","ARIMA"
2027-12-01,2027,12,"prec",34.1498774972362,"SSP5-8.5 (Fossil-fueled Development)","ARIMA"
2028-01-01,2028,1,"prec",42.7369917500318,"SSP5-8.5 (Fossil-fueled Development)","ARIMA"
2028-02-01,2028,2,"prec",87.3042979257455,"SSP5-8.5 (Fossil-fueled Development)","ARIMA"
2028-03-01,2028,3,"prec",155.130314699302,"SSP5-8.5 (Fossil-fueled Development)","ARIMA"
2028-04-01,2028,4,"prec",310.516769354846,"SSP5-8.5 (Fossil-fueled Development)","ARIMA"
2028-05-01,2028,5,"prec",428.13343297166,"SSP5-8.5 (Fossil-fueled Development)","ARIMA"
2028-06-01,2028,6,"prec",437.460045946178,"SSP5-8.5 (Fossil-fueled Development)","ARIMA"
2028-07-01,2028,7,"prec",272.022225424234,"SSP5-8.5 (Fossil-fueled Development)","ARIMA"
2028-08-01,2028,8,"prec",137.265653952551,"SSP5-8.5 (Fossil-fueled Development)","ARIMA"
2028-09-01,2028,9,"prec",53.4696649399528,"SSP5-8.5 (Fossil-fueled Development)","ARIMA"
2028-10-01,2028,10,"prec",29.7985586157213,"SSP5-8.5 (Fossil-fueled Development)","ARIMA"
2028-11-01,2028,11,"prec",24.2282248983128,"SSP5-8.5 (Fossil-fueled Development)","ARIMA"
2028-12-01,2028,12,"prec",34.5253087931056,"SSP5-8.5 (Fossil-fueled Development)","ARIMA"
2029-01-01,2029,1,"prec",43.0943613552939,"SSP5-8.5 (Fossil-fueled Development)","ARIMA"
2029-02-01,2029,2,"prec",87.5725329186561,"SSP5-8.5 (Fossil-fueled Development)","ARIMA"
2029-03-01,2029,3,"prec",155.262897658666,"SSP5-8.5 (Fossil-fueled Development)","ARIMA"
2029-04-01,2029,4,"prec",310.338579404898,"SSP5-8.5 (Fossil-fueled Development)","ARIMA"
2029-05-01,2029,5,"prec",427.720009694479,"SSP5-8.5 (Fossil-fueled Development)","ARIMA"
2029-06-01,2029,6,"prec",437.107681289025,"SSP5-8.5 (Fossil-fueled Development)","ARIMA"
2029-07-01,2029,7,"prec",272.000736408125,"SSP5-8.5 (Fossil-fueled Development)","ARIMA"
2029-08-01,2029,8,"prec",137.513678079385,"SSP5-8.5 (Fossil-fueled Development)","ARIMA"
2029-09-01,2029,9,"prec",53.8852810448122,"SSP5-8.5 (Fossil-fueled Development)","ARIMA"
2029-10-01,2029,10,"prec",30.1818050872519,"SSP5-8.5 (Fossil-fueled Development)","ARIMA"
2029-11-01,2029,11,"prec",24.6226120372782,"SSP5-8.5 (Fossil-fueled Development)","ARIMA"
2029-12-01,2029,12,"prec",34.8991017642815,"SSP5-8.5 (Fossil-fueled Development)","ARIMA"
2030-01-01,2030,1,"prec",43.4501305341679,"SSP5-8.5 (Fossil-fueled Development)","ARIMA"
2030-02-01,2030,2,"prec",87.8393457544034,"SSP5-8.5 (Fossil-fueled Development)","ARIMA"
2030-03-01,2030,3,"prec",155.394329764933,"SSP5-8.5 (Fossil-fueled Development)","ARIMA"
2030-04-01,2030,4,"prec",310.159860147673,"SSP5-8.5 (Fossil-fueled Development)","ARIMA"
2030-05-01,2030,5,"prec",427.306527576675,"SSP5-8.5 (Fossil-fueled Development)","ARIMA"
2030-06-01,2030,6,"prec",436.754976250317,"SSP5-8.5 (Fossil-fueled Development)","ARIMA"
2030-07-01,2030,7,"prec",271.978245259179,"SSP5-8.5 (Fossil-fueled Development)","ARIMA"
2030-08-01,2030,8,"prec",137.760161047096,"SSP5-8.5 (Fossil-fueled Development)","ARIMA"
2030-09-01,2030,9,"prec",54.2990208065924,"SSP5-8.5 (Fossil-fueled Development)","ARIMA"
2030-10-01,2030,10,"prec",30.563399378662,"SSP5-8.5 (Fossil-fueled Development)","ARIMA"
2030-11-01,2030,11,"prec",25.0153247147883,"SSP5-8.5 (Fossil-fueled Development)","ARIMA"
2030-12-01,2030,12,"prec",35.2712614623375,"SSP5-8.5 (Fossil-fueled Development)","ARIMA"
2031-01-01,2031,1,"prec",43.8043042588809,"SSP5-8.5 (Fossil-fueled Development)","ARIMA"
2031-02-01,2031,2,"prec",88.104741048676,"SSP5-8.5 (Fossil-fueled Development)","ARIMA"
2031-03-01,2031,3,"prec",155.524615091184,"SSP5-8.5 (Fossil-fueled Development)","ARIMA"
2031-04-01,2031,4,"prec",309.980614413159,"SSP5-8.5 (Fossil-fueled Development)","ARIMA"
2031-05-01,2031,5,"prec",426.892988507303,"SSP5-8.5 (Fossil-fueled Development)","ARIMA"
2031-06-01,2031,6,"prec",436.401933601038,"SSP5-8.5 (Fossil-fueled Development)","ARIMA"
2031-07-01,2031,7,"prec",271.954756071883,"SSP5-8.5 (Fossil-fueled Development)","ARIMA"
2031-08-01,2031,8,"prec",138.005108028224,"SSP5-8.5 (Fossil-fueled Development)","ARIMA"
2031-09-01,2031,9,"prec",54.7108900682013,"SSP5-8.5 (Fossil-fueled Development)","ARIMA"
2031-10-01,2031,10,"prec",30.9433465656861,"SSP5-8.5 (Fossil-fueled Development)","ARIMA"
2031-11-01,2031,11,"prec",25.4063680511401,"SSP5-8.5 (Fossil-fueled Development)","ARIMA"
2031-12-01,2031,12,"prec",35.6417929251943,"SSP5-8.5 (Fossil-fueled Development)","ARIMA"
2032-01-01,2032,1,"prec",44.156887488173,"SSP5-8.5 (Fossil-fueled Development)","ARIMA"
2032-02-01,2032,2,"prec",88.3687234043885,"SSP5-8.5 (Fossil-fueled Development)","ARIMA"
2032-03-01,2032,3,"prec",155.653757698812,"SSP5-8.5 (Fossil-fueled Development)","ARIMA"
2032-04-01,2032,4,"prec",309.800845022143,"SSP5-8.5 (Fossil-fueled Development)","ARIMA"
2032-05-01,2032,5,"prec",426.479394368098,"SSP5-8.5 (Fossil-fueled Development)","ARIMA"
2032-06-01,2032,6,"prec",436.048556102452,"SSP5-8.5 (Fossil-fueled Development)","ARIMA"
2032-07-01,2032,7,"prec",271.930272928354,"SSP5-8.5 (Fossil-fueled Development)","ARIMA"
2032-08-01,2032,8,"prec",138.248524180783,"SSP5-8.5 (Fossil-fueled Development)","ARIMA"
2032-09-01,2032,9,"prec",55.1208946566805,"SSP5-8.5 (Fossil-fueled Development)","ARIMA"
2032-10-01,2032,10,"prec",31.3216517103646,"SSP5-8.5 (Fossil-fueled Development)","ARIMA"
2032-11-01,2032,11,"prec",25.7957471528477,"SSP5-8.5 (Fossil-fueled Development)","ARIMA"
2032-12-01,2032,12,"prec",36.0107011771537,"SSP5-8.5 (Fossil-fueled Development)","ARIMA"
2033-01-01,2033,1,"prec",44.5078851673309,"SSP5-8.5 (Fossil-fueled Development)","ARIMA"
2033-02-01,2033,2,"prec",88.6312974117139,"SSP5-8.5 (Fossil-fueled Development)","ARIMA"
2033-03-01,2033,3,"prec",155.781761637549,"SSP5-8.5 (Fossil-fueled Development)","ARIMA"
2033-04-01,2033,4,"prec",309.620554786233,"SSP5-8.5 (Fossil-fueled Development)","ARIMA"
2033-05-01,2033,5,"prec",426.065747033496,"SSP5-8.5 (Fossil-fueled Development)","ARIMA"
2033-06-01,2033,6,"prec",435.694846506125,"SSP5-8.5 (Fossil-fueled Development)","ARIMA"
2033-07-01,2033,7,"prec",271.904799898376,"SSP5-8.5 (Fossil-fueled Development)","ARIMA"
2033-08-01,2033,8,"prec",138.4904146483,"SSP5-8.5 (Fossil-fueled Development)","ARIMA"
2033-09-01,2033,9,"prec",55.5290403832455,"SSP5-8.5 (Fossil-fueled Development)","ARIMA"
2033-10-01,2033,10,"prec",31.6983198610781,"SSP5-8.5 (Fossil-fueled Development)","ARIMA"
2033-11-01,2033,11,"prec",26.1834671126762,"SSP5-8.5 (Fossil-fueled Development)","ARIMA"
2033-12-01,2033,12,"prec",36.3779912289336,"SSP5-8.5 (Fossil-fueled Development)","ARIMA"
2034-01-01,2034,1,"prec",44.8573022282222,"SSP5-8.5 (Fossil-fueled Development)","ARIMA"
2034-02-01,2034,2,"prec",88.8924676481165,"SSP5-8.5 (Fossil-fueled Development)","ARIMA"
2034-03-01,2034,3,"prec",155.908630945499,"SSP5-8.5 (Fossil-fueled Development)","ARIMA"
2034-04-01,2034,4,"prec",309.439746507886,"SSP5-8.5 (Fossil-fueled Development)","ARIMA"
2034-05-01,2034,5,"prec",425.652048370655,"SSP5-8.5 (Fossil-fueled Development)","ARIMA"
2034-06-01,2034,6,"prec",435.34080755396,"SSP5-8.5 (Fossil-fueled Development)","ARIMA"
2034-07-01,2034,7,"prec",271.878341039426,"SSP5-8.5 (Fossil-fueled Development)","ARIMA"
2034-08-01,2034,8,"prec",138.73078455985,"SSP5-8.5 (Fossil-fueled Development)","ARIMA"
2034-09-01,2034,9,"prec",55.9353330433257,"SSP5-8.5 (Fossil-fueled Development)","ARIMA"
2034-10-01,2034,10,"prec",32.0733560525819,"SSP5-8.5 (Fossil-fueled Development)","ARIMA"
2034-11-01,2034,11,"prec",26.5695330096768,"SSP5-8.5 (Fossil-fueled Development)","ARIMA"
2034-12-01,2034,12,"prec",36.7436680777017,"SSP5-8.5 (Fossil-fueled Development)","ARIMA"
2035-01-01,2035,1,"prec",45.2051435893293,"SSP5-8.5 (Fossil-fueled Development)","ARIMA"
2035-02-01,2035,2,"prec",89.1522386783838,"SSP5-8.5 (Fossil-fueled Development)","ARIMA"
2035-03-01,2035,3,"prec",156.034369649172,"SSP5-8.5 (Fossil-fueled Development)","ARIMA"
2035-04-01,2035,4,"prec",309.258422980434,"SSP5-8.5 (Fossil-fueled Development)","ARIMA"
2035-05-01,2035,5,"prec",425.238300239477,"SSP5-8.5 (Fossil-fueled Development)","ARIMA"
2035-06-01,2035,6,"prec",434.986441978217,"SSP5-8.5 (Fossil-fueled Development)","ARIMA"
2035-07-01,2035,7,"prec",271.850900396712,"SSP5-8.5 (Fossil-fueled Development)","ARIMA"
2035-08-01,2035,8,"prec",138.969639030095,"SSP5-8.5 (Fossil-fueled Development)","ARIMA"
2035-09-01,2035,9,"prec",56.3397784166039,"SSP5-8.5 (Fossil-fueled Development)","ARIMA"
2035-10-01,2035,10,"prec",32.4467653060402,"SSP5-8.5 (Fossil-fueled Development)","ARIMA"
2035-11-01,2035,11,"prec",26.953949909221,"SSP5-8.5 (Fossil-fueled Development)","ARIMA"
2035-12-01,2035,12,"prec",37.1077367071098,"SSP5-8.5 (Fossil-fueled Development)","ARIMA"
2036-01-01,2036,1,"prec",45.551414155783,"SSP5-8.5 (Fossil-fueled Development)","ARIMA"
2036-02-01,2036,2,"prec",89.4106150546594,"SSP5-8.5 (Fossil-fueled Development)","ARIMA"
2036-03-01,2036,3,"prec",156.158981763506,"SSP5-8.5 (Fossil-fueled Development)","ARIMA"
2036-04-01,2036,4,"prec",309.076586988105,"SSP5-8.5 (Fossil-fueled Development)","ARIMA"
2036-05-01,2036,5,"prec",424.824504492631,"SSP5-8.5 (Fossil-fueled Development)","ARIMA"
2036-06-01,2036,6,"prec",434.631752501546,"SSP5-8.5 (Fossil-fueled Development)","ARIMA"
2036-07-01,2036,7,"prec",271.822482003205,"SSP5-8.5 (Fossil-fueled Development)","ARIMA"
2036-08-01,2036,8,"prec",139.206983159321,"SSP5-8.5 (Fossil-fueled Development)","ARIMA"
2036-09-01,2036,9,"prec",56.7423822670569,"SSP5-8.5 (Fossil-fueled Development)","ARIMA"
2036-10-01,2036,10,"prec",32.8185526290605,"SSP5-8.5 (Fossil-fueled Development)","ARIMA"
2036-11-01,2036,11,"prec",27.3367228630349,"SSP5-8.5 (Fossil-fueled Development)","ARIMA"
2036-12-01,2036,12,"prec",37.470202087328,"SSP5-8.5 (Fossil-fueled Development)","ARIMA"
2037-01-01,2037,1,"prec",45.8961188193965,"SSP5-8.5 (Fossil-fueled Development)","ARIMA"
2037-02-01,2037,2,"prec",89.6676013164752,"SSP5-8.5 (Fossil-fueled Development)","ARIMA"
2037-03-01,2037,3,"prec",156.282471291904,"SSP5-8.5 (Fossil-fueled Development)","ARIMA"
2037-04-01,2037,4,"prec",308.894241306054,"SSP5-8.5 (Fossil-fueled Development)","ARIMA"
2037-05-01,2037,5,"prec",424.410662975571,"SSP5-8.5 (Fossil-fueled Development)","ARIMA"
2037-06-01,2037,6,"prec",434.276741837015,"SSP5-8.5 (Fossil-fueled Development)","ARIMA"
2037-07-01,2037,7,"prec",271.79308987967,"SSP5-8.5 (Fossil-fueled Development)","ARIMA"
2037-08-01,2037,8,"prec",139.442822033474,"SSP5-8.5 (Fossil-fueled Development)","ARIMA"
2037-09-01,2037,9,"prec",57.1431503429945,"SSP5-8.5 (Fossil-fueled Development)","ARIMA"
2037-10-01,2037,10,"prec",33.1887230157275,"SSP5-8.5 (Fossil-fueled Development)","ARIMA"
2037-11-01,2037,11,"prec",27.717856909234,"SSP5-8.5 (Fossil-fueled Development)","ARIMA"
2037-12-01,2037,12,"prec",37.8310691750785,"SSP5-8.5 (Fossil-fueled Development)","ARIMA"
2038-01-01,2038,1,"prec",46.239262458699,"SSP5-8.5 (Fossil-fueled Development)","ARIMA"
2038-02-01,2038,2,"prec",89.9232019907835,"SSP5-8.5 (Fossil-fueled Development)","ARIMA"
2038-03-01,2038,3,"prec",156.404842226261,"SSP5-8.5 (Fossil-fueled Development)","ARIMA"
2038-04-01,2038,4,"prec",308.711388700383,"SSP5-8.5 (Fossil-fueled Development)","ARIMA"
2038-05-01,2038,5,"prec",423.996777526561,"SSP5-8.5 (Fossil-fueled Development)","ARIMA"
2038-06-01,2038,6,"prec",433.921412688132,"SSP5-8.5 (Fossil-fueled Development)","ARIMA"
2038-07-01,2038,7,"prec",271.762728034701,"SSP5-8.5 (Fossil-fueled Development)","ARIMA"
2038-08-01,2038,8,"prec",139.677160724198,"SSP5-8.5 (Fossil-fueled Development)","ARIMA"
2038-09-01,2038,9,"prec",57.5420883770992,"SSP5-8.5 (Fossil-fueled Development)","ARIMA"
2038-10-01,2038,10,"prec",33.5572814466373,"SSP5-8.5 (Fossil-fueled Development)","ARIMA"
2038-11-01,2038,11,"prec",28.0973570723568,"SSP5-8.5 (Fossil-fueled Development)","ARIMA"
2038-12-01,2038,12,"prec",38.1903429136696,"SSP5-8.5 (Fossil-fueled Development)","ARIMA"
2039-01-01,2039,1,"prec",46.580849938969,"SSP5-8.5 (Fossil-fueled Development)","ARIMA"
2039-02-01,2039,2,"prec",90.1774215919893,"SSP5-8.5 (Fossil-fueled Development)","ARIMA"
2039-03-01,2039,3,"prec",156.526098546996,"SSP5-8.5 (Fossil-fueled Development)","ARIMA"
2039-04-01,2039,4,"prec",308.52803192817,"SSP5-8.5 (Fossil-fueled Development)","ARIMA"
2039-05-01,2039,5,"prec",423.582849976695,"SSP5-8.5 (Fossil-fueled Development)","ARIMA"
2039-06-01,2039,6,"prec",433.565767748876,"SSP5-8.5 (Fossil-fueled Development)","ARIMA"
2039-07-01,2039,7,"prec",271.731400464753,"SSP5-8.5 (Fossil-fueled Development)","ARIMA"
2039-08-01,2039,8,"prec",139.910004288871,"SSP5-8.5 (Fossil-fueled Development)","ARIMA"
2039-09-01,2039,9,"prec",57.9392020864661,"SSP5-8.5 (Fossil-fueled Development)","ARIMA"
2039-10-01,2039,10,"prec",33.9242328889314,"SSP5-8.5 (Fossil-fueled Development)","ARIMA"
2039-11-01,2039,11,"prec",28.4752283633994,"SSP5-8.5 (Fossil-fueled Development)","ARIMA"
2039-12-01,2039,12,"prec",38.5480282330296,"SSP5-8.5 (Fossil-fueled Development)","ARIMA"
2040-01-01,2040,1,"prec",46.9208861122681,"SSP5-8.5 (Fossil-fueled Development)","ARIMA"
2040-02-01,2040,2,"prec",90.4302646219823,"SSP5-8.5 (Fossil-fueled Development)","ARIMA"
2040-03-01,2040,3,"prec",156.646244223079,"SSP5-8.5 (Fossil-fueled Development)","ARIMA"
2040-04-01,2040,4,"prec",308.344173737491,"SSP5-8.5 (Fossil-fueled Development)","ARIMA"
2040-05-01,2040,5,"prec",423.168882149919,"SSP5-8.5 (Fossil-fueled Development)","ARIMA"
2040-06-01,2040,6,"prec",433.209809703728,"SSP5-8.5 (Fossil-fueled Development)","ARIMA"
2040-07-01,2040,7,"prec",271.699111154172,"SSP5-8.5 (Fossil-fueled Development)","ARIMA"
2040-08-01,2040,8,"prec",140.141357770642,"SSP5-8.5 (Fossil-fueled Development)","ARIMA"
2040-09-01,2040,9,"prec",58.334497172642,"SSP5-8.5 (Fossil-fueled Development)","ARIMA"
2040-10-01,2040,10,"prec",34.2895822963306,"SSP5-8.5 (Fossil-fueled Development)","ARIMA"
2040-11-01,2040,11,"prec",28.8514757798496,"SSP5-8.5 (Fossil-fueled Development)","ARIMA"
2040-12-01,2040,12,"prec",38.9041300497406,"SSP5-8.5 (Fossil-fueled Development)","ARIMA"
2041-01-01,2041,1,"prec",47.2593758174742,"SSP5-8.5 (Fossil-fueled Development)","ARIMA"
2041-02-01,2041,2,"prec",90.681735570169,"SSP5-8.5 (Fossil-fueled Development)","ARIMA"
2041-03-01,2041,3,"prec",156.765283212064,"SSP5-8.5 (Fossil-fueled Development)","ARIMA"
2041-04-01,2041,4,"prec",308.159816867446,"SSP5-8.5 (Fossil-fueled Development)","ARIMA"
2041-05-01,2041,5,"prec",422.754875863049,"SSP5-8.5 (Fossil-fueled Development)","ARIMA"
2041-06-01,2041,6,"prec",432.853541227688,"SSP5-8.5 (Fossil-fueled Development)","ARIMA"
2041-07-01,2041,7,"prec",271.665864075232,"SSP5-8.5 (Fossil-fueled Development)","ARIMA"
2041-08-01,2041,8,"prec",140.371226198469,"SSP5-8.5 (Fossil-fueled Development)","ARIMA"
2041-09-01,2041,9,"prec",58.7279793216649,"SSP5-8.5 (Fossil-fueled Development)","ARIMA"
2041-10-01,2041,10,"prec",34.6533346091686,"SSP5-8.5 (Fossil-fueled Development)","ARIMA"
2041-11-01,2041,11,"prec",29.2261043057206,"SSP5-8.5 (Fossil-fueled Development)","ARIMA"
2041-12-01,2041,12,"prec",39.2586532670717,"SSP5-8.5 (Fossil-fueled Development)","ARIMA"
2042-01-01,2042,1,"prec",47.596323880315,"SSP5-8.5 (Fossil-fueled Development)","ARIMA"
2042-02-01,2042,2,"prec",90.9318389135045,"SSP5-8.5 (Fossil-fueled Development)","ARIMA"
2042-03-01,2042,3,"prec",156.883219460115,"SSP5-8.5 (Fossil-fueled Development)","ARIMA"
2042-04-01,2042,4,"prec",307.974964048187,"SSP5-8.5 (Fossil-fueled Development)","ARIMA"
2042-05-01,2042,5,"prec",422.340832925799,"SSP5-8.5 (Fossil-fueled Development)","ARIMA"
2042-06-01,2042,6,"prec",432.496964986314,"SSP5-8.5 (Fossil-fueled Development)","ARIMA"
2042-07-01,2042,7,"prec",271.631663188163,"SSP5-8.5 (Fossil-fueled Development)","ARIMA"
2042-08-01,2042,8,"prec",140.599614587153,"SSP5-8.5 (Fossil-fueled Development)","ARIMA"
2042-09-01,2042,9,"prec",59.119654204103,"SSP5-8.5 (Fossil-fueled Development)","ARIMA"
2042-10-01,2042,10,"prec",35.015494754426,"SSP5-8.5 (Fossil-fueled Development)","ARIMA"
2042-11-01,2042,11,"prec",29.5991189115849,"SSP5-8.5 (Fossil-fueled Development)","ARIMA"
2042-12-01,2042,12,"prec",39.6116027750134,"SSP5-8.5 (Fossil-fueled Development)","ARIMA"
2043-01-01,2043,1,"prec",47.9317351134013,"SSP5-8.5 (Fossil-fueled Development)","ARIMA"
2043-02-01,2043,2,"prec",91.1805791165243,"SSP5-8.5 (Fossil-fueled Development)","ARIMA"
2043-03-01,2043,3,"prec",157.000056902042,"SSP5-8.5 (Fossil-fueled Development)","ARIMA"
2043-04-01,2043,4,"prec",307.789618000938,"SSP5-8.5 (Fossil-fueled Development)","ARIMA"
2043-05-01,2043,5,"prec",421.926755140794,"SSP5-8.5 (Fossil-fueled Development)","ARIMA"
2043-06-01,2043,6,"prec",432.140083635741,"SSP5-8.5 (Fossil-fueled Development)","ARIMA"
2043-07-01,2043,7,"prec",271.596512441186,"SSP5-8.5 (Fossil-fueled Development)","ARIMA"
2043-08-01,2043,8,"prec",140.826527937378,"SSP5-8.5 (Fossil-fueled Development)","ARIMA"
2043-09-01,2043,9,"prec",59.5095274750941,"SSP5-8.5 (Fossil-fueled Development)","ARIMA"
2043-10-01,2043,10,"prec",35.376067645764,"SSP5-8.5 (Fossil-fueled Development)","ARIMA"
2043-11-01,2043,11,"prec",29.9705245546086,"SSP5-8.5 (Fossil-fueled Development)","ARIMA"
2043-12-01,2043,12,"prec",39.9629834503102,"SSP5-8.5 (Fossil-fueled Development)","ARIMA"
2044-01-01,2044,1,"prec",48.2656143162596,"SSP5-8.5 (Fossil-fueled Development)","ARIMA"
2044-02-01,2044,2,"prec",91.4279606313764,"SSP5-8.5 (Fossil-fueled Development)","ARIMA"
2044-03-01,2044,3,"prec",157.115799461323,"SSP5-8.5 (Fossil-fueled Development)","ARIMA"
2044-04-01,2044,4,"prec",307.603781438021,"SSP5-8.5 (Fossil-fueled Development)","ARIMA"
2044-05-01,2044,5,"prec",421.512644303598,"SSP5-8.5 (Fossil-fueled Development)","ARIMA"
2044-06-01,2044,6,"prec",431.78289982271,"SSP5-8.5 (Fossil-fueled Development)","ARIMA"
2044-07-01,2044,7,"prec",271.560415770544,"SSP5-8.5 (Fossil-fueled Development)","ARIMA"
2044-08-01,2044,8,"prec",141.051971235744,"SSP5-8.5 (Fossil-fueled Development)","ARIMA"
2044-09-01,2044,9,"prec",59.8976047743844,"SSP5-8.5 (Fossil-fueled Development)","ARIMA"
2044-10-01,2044,10,"prec",35.7350581835577,"SSP5-8.5 (Fossil-fueled Development)","ARIMA"
2044-11-01,2044,11,"prec",30.3403261785845,"SSP5-8.5 (Fossil-fueled Development)","ARIMA"
2044-12-01,2044,12,"prec",40.3128001564947,"SSP5-8.5 (Fossil-fueled Development)","ARIMA"
2045-01-01,2045,1,"prec",48.5979662753661,"SSP5-8.5 (Fossil-fueled Development)","ARIMA"
2045-02-01,2045,2,"prec",91.6739878978526,"SSP5-8.5 (Fossil-fueled Development)","ARIMA"
2045-03-01,2045,3,"prec",157.230451050139,"SSP5-8.5 (Fossil-fueled Development)","ARIMA"
2045-04-01,2045,4,"prec",307.417457062884,"SSP5-8.5 (Fossil-fueled Development)","ARIMA"
2045-05-01,2045,5,"prec",421.09850220273,"SSP5-8.5 (Fossil-fueled Development)","ARIMA"
2045-06-01,2045,6,"prec",431.425416184596,"SSP5-8.5 (Fossil-fueled Development)","ARIMA"
2045-07-01,2045,7,"prec",271.523377100535,"SSP5-8.5 (Fossil-fueled Development)","ARIMA"
2045-08-01,2045,8,"prec",141.275949454804,"SSP5-8.5 (Fossil-fueled Development)","ARIMA"
2045-09-01,2045,9,"prec",60.2838917263676,"SSP5-8.5 (Fossil-fueled Development)","ARIMA"
2045-10-01,2045,10,"prec",36.0924712549295,"SSP5-8.5 (Fossil-fueled Development)","ARIMA"
2045-11-01,2045,11,"prec",30.7085287139664,"SSP5-8.5 (Fossil-fueled Development)","ARIMA"
2045-12-01,2045,12,"prec",40.6610577439207,"SSP5-8.5 (Fossil-fueled Development)","ARIMA"
2046-01-01,2046,1,"prec",48.9287957641788,"SSP5-8.5 (Fossil-fueled Development)","ARIMA"
2046-02-01,2046,2,"prec",91.9186653434204,"SSP5-8.5 (Fossil-fueled Development)","ARIMA"
2046-03-01,2046,3,"prec",157.344015569403,"SSP5-8.5 (Fossil-fueled Development)","ARIMA"
2046-04-01,2046,4,"prec",307.230647570122,"SSP5-8.5 (Fossil-fueled Development)","ARIMA"
2046-05-01,2046,5,"prec",420.684330619688,"SSP5-8.5 (Fossil-fueled Development)","ARIMA"
2046-06-01,2046,6,"prec",431.067635349436,"SSP5-8.5 (Fossil-fueled Development)","ARIMA"
2046-07-01,2046,7,"prec",271.485400343543,"SSP5-8.5 (Fossil-fueled Development)","ARIMA"
2046-08-01,2046,8,"prec",141.498467553104,"SSP5-8.5 (Fossil-fueled Development)","ARIMA"
2046-09-01,2046,9,"prec",60.6683939401238,"SSP5-8.5 (Fossil-fueled Development)","ARIMA"
2046-10-01,2046,10,"prec",36.4483117337832,"SSP5-8.5 (Fossil-fueled Development)","ARIMA"
2046-11-01,2046,11,"prec",31.0751370779019,"SSP5-8.5 (Fossil-fueled Development)","ARIMA"
2046-12-01,2046,12,"prec",41.0077610497964,"SSP5-8.5 (Fossil-fueled Development)","ARIMA"
2047-01-01,2047,1,"prec",49.2581075431712,"SSP5-8.5 (Fossil-fueled Development)","ARIMA"
2047-02-01,2047,2,"prec",92.1619973832544,"SSP5-8.5 (Fossil-fueled Development)","ARIMA"
2047-03-01,2047,3,"prec",157.456496908785,"SSP5-8.5 (Fossil-fueled Development)","ARIMA"
2047-04-01,2047,4,"prec",307.043355645502,"SSP5-8.5 (Fossil-fueled Development)","ARIMA"
2047-05-01,2047,5,"prec",420.270131328969,"SSP5-8.5 (Fossil-fueled Development)","ARIMA"
2047-06-01,2047,6,"prec",430.709559935952,"SSP5-8.5 (Fossil-fueled Development)","ARIMA"
2047-07-01,2047,7,"prec",271.446489400071,"SSP5-8.5 (Fossil-fueled Development)","ARIMA"
2047-08-01,2047,8,"prec",141.719530475212,"SSP5-8.5 (Fossil-fueled Development)","ARIMA"
2047-09-01,2047,9,"prec",61.0511170094581,"SSP5-8.5 (Fossil-fueled Development)","ARIMA"
2047-10-01,2047,10,"prec",36.8025844808364,"SSP5-8.5 (Fossil-fueled Development)","ARIMA"
2047-11-01,2047,11,"prec",31.4401561742669,"SSP5-8.5 (Fossil-fueled Development)","ARIMA"
2047-12-01,2047,12,"prec",41.3529148982176,"SSP5-8.5 (Fossil-fueled Development)","ARIMA"
2048-01-01,2048,1,"prec",49.5859063598646,"SSP5-8.5 (Fossil-fueled Development)","ARIMA"
2048-02-01,2048,2,"prec",92.4039884202676,"SSP5-8.5 (Fossil-fueled Development)","ARIMA"
2048-03-01,2048,3,"prec",157.567898946747,"SSP5-8.5 (Fossil-fueled Development)","ARIMA"
2048-04-01,2048,4,"prec",306.855583965991,"SSP5-8.5 (Fossil-fueled Development)","ARIMA"
2048-05-01,2048,5,"prec",419.855906098091,"SSP5-8.5 (Fossil-fueled Development)","ARIMA"
2048-06-01,2048,6,"prec",430.35119255358,"SSP5-8.5 (Fossil-fueled Development)","ARIMA"
2048-07-01,2048,7,"prec",271.40664815877,"SSP5-8.5 (Fossil-fueled Development)","ARIMA"
2048-08-01,2048,8,"prec",141.939143151762,"SSP5-8.5 (Fossil-fueled Development)","ARIMA"
2048-09-01,2048,9,"prec",61.4320665129392,"SSP5-8.5 (Fossil-fueled Development)","ARIMA"
2048-10-01,2048,10,"prec",37.1552943436544,"SSP5-8.5 (Fossil-fueled Development)","ARIMA"
2048-11-01,2048,11,"prec",31.8035908936981,"SSP5-8.5 (Fossil-fueled Development)","ARIMA"
2048-12-01,2048,12,"prec",41.6965241002009,"SSP5-8.5 (Fossil-fueled Development)","ARIMA"
2049-01-01,2049,1,"prec",49.9121969488611,"SSP5-8.5 (Fossil-fueled Development)","ARIMA"
2049-02-01,2049,2,"prec",92.6446428451432,"SSP5-8.5 (Fossil-fueled Development)","ARIMA"
2049-03-01,2049,3,"prec",157.67822555057,"SSP5-8.5 (Fossil-fueled Development)","ARIMA"
2049-04-01,2049,4,"prec",306.667335199775,"SSP5-8.5 (Fossil-fueled Development)","ARIMA"
2049-05-01,2049,5,"prec",419.441656687611,"SSP5-8.5 (Fossil-fueled Development)","ARIMA"
2049-06-01,2049,6,"prec",429.992535802498,"SSP5-8.5 (Fossil-fueled Development)","ARIMA"
2049-07-01,2049,7,"prec",271.365880496478,"SSP5-8.5 (Fossil-fueled Development)","ARIMA"
2049-08-01,2049,8,"prec",142.157310499483,"SSP5-8.5 (Fossil-fueled Development)","ARIMA"
2049-09-01,2049,9,"prec",61.8112480139384,"SSP5-8.5 (Fossil-fueled Development)","ARIMA"
2049-10-01,2049,10,"prec",37.5064461566833,"SSP5-8.5 (Fossil-fueled Development)","ARIMA"
2049-11-01,2049,11,"prec",32.1654461136269,"SSP5-8.5 (Fossil-fueled Development)","ARIMA"
2049-12-01,2049,12,"prec",42.0385934537166,"SSP5-8.5 (Fossil-fueled Development)","ARIMA"
2050-01-01,2050,1,"prec",50.2369840318761,"SSP5-8.5 (Fossil-fueled Development)","ARIMA"
2050-02-01,2050,2,"prec",92.8839650363657,"SSP5-8.5 (Fossil-fueled Development)","ARIMA"
2050-03-01,2050,3,"prec",157.787480576381,"SSP5-8.5 (Fossil-fueled Development)","ARIMA"
2050-04-01,2050,4,"prec",306.478612006288,"SSP5-8.5 (Fossil-fueled Development)","ARIMA"
2050-05-01,2050,5,"prec",419.027384851148,"SSP5-8.5 (Fossil-fueled Development)","ARIMA"
2050-06-01,2050,6,"prec",429.63359227365,"SSP5-8.5 (Fossil-fueled Development)","ARIMA"
2050-07-01,2050,7,"prec",271.324190278242,"SSP5-8.5 (Fossil-fueled Development)","ARIMA"
2050-08-01,2050,8,"prec",142.374037421241,"SSP5-8.5 (Fossil-fueled Development)","ARIMA"
2050-09-01,2050,9,"prec",62.1886670606676,"SSP5-8.5 (Fossil-fueled Development)","ARIMA"
2050-10-01,2050,10,"prec",37.8560447412827,"SSP5-8.5 (Fossil-fueled Development)","ARIMA"
2050-11-01,2050,11,"prec",32.5257266983124,"SSP5-8.5 (Fossil-fueled Development)","ARIMA"
2050-12-01,2050,12,"prec",42.3791277437219,"SSP5-8.5 (Fossil-fueled Development)","ARIMA"
2051-01-01,2051,1,"prec",50.5602723177713,"SSP5-8.5 (Fossil-fueled Development)","ARIMA"
2051-02-01,2051,2,"prec",93.1219593602519,"SSP5-8.5 (Fossil-fueled Development)","ARIMA"
2051-03-01,2051,3,"prec",157.895667869187,"SSP5-8.5 (Fossil-fueled Development)","ARIMA"
2051-04-01,2051,4,"prec",306.289417036235,"SSP5-8.5 (Fossil-fueled Development)","ARIMA"
2051-05-01,2051,5,"prec",418.613092335405,"SSP5-8.5 (Fossil-fueled Development)","ARIMA"
2051-06-01,2051,6,"prec",429.274364548774,"SSP5-8.5 (Fossil-fueled Development)","ARIMA"
2051-07-01,2051,7,"prec",271.281581357357,"SSP5-8.5 (Fossil-fueled Development)","ARIMA"
2051-08-01,2051,8,"prec",142.58932880607,"SSP5-8.5 (Fossil-fueled Development)","ARIMA"
2051-09-01,2051,9,"prec",62.5643291862178,"SSP5-8.5 (Fossil-fueled Development)","ARIMA"
2051-10-01,2051,10,"prec",38.204094905759,"SSP5-8.5 (Fossil-fueled Development)","ARIMA"
2051-11-01,2051,11,"prec",32.8844374988746,"SSP5-8.5 (Fossil-fueled Development)","ARIMA"
2051-12-01,2051,12,"prec",42.7181317421934,"SSP5-8.5 (Fossil-fueled Development)","ARIMA"
2052-01-01,2052,1,"prec",50.8820665025867,"SSP5-8.5 (Fossil-fueled Development)","ARIMA"
2052-02-01,2052,2,"prec",93.3586301709823,"SSP5-8.5 (Fossil-fueled Development)","ARIMA"
2052-03-01,2052,3,"prec",158.0027912629,"SSP5-8.5 (Fossil-fueled Development)","ARIMA"
2052-04-01,2052,4,"prec",306.099752931613,"SSP5-8.5 (Fossil-fueled Development)","ARIMA"
2052-05-01,2052,5,"prec",418.198780880185,"SSP5-8.5 (Fossil-fueled Development)","ARIMA"
2052-06-01,2052,6,"prec",428.914855200429,"SSP5-8.5 (Fossil-fueled Development)","ARIMA"
2052-07-01,2052,7,"prec",271.238057575395,"SSP5-8.5 (Fossil-fueled Development)","ARIMA"
2052-08-01,2052,8,"prec",142.80318952921,"SSP5-8.5 (Fossil-fueled Development)","ARIMA"
2052-09-01,2052,9,"prec",62.9382399085975,"SSP5-8.5 (Fossil-fueled Development)","ARIMA"
2052-10-01,2052,10,"prec",38.5506014453985,"SSP5-8.5 (Fossil-fueled Development)","ARIMA"
2052-11-01,2052,11,"prec",33.2415833533279,"SSP5-8.5 (Fossil-fueled Development)","ARIMA"
2052-12-01,2052,12,"prec",43.05561020816,"SSP5-8.5 (Fossil-fueled Development)","ARIMA"
2053-01-01,2053,1,"prec",51.2023712695736,"SSP5-8.5 (Fossil-fueled Development)","ARIMA"
2053-02-01,2053,2,"prec",93.5939818106325,"SSP5-8.5 (Fossil-fueled Development)","ARIMA"
2053-03-01,2053,3,"prec",158.108854580366,"SSP5-8.5 (Fossil-fueled Development)","ARIMA"
2053-04-01,2053,4,"prec",305.909622325742,"SSP5-8.5 (Fossil-fueled Development)","ARIMA"
2053-05-01,2053,5,"prec",417.784452218417,"SSP5-8.5 (Fossil-fueled Development)","ARIMA"
2053-06-01,2053,6,"prec",428.555066792019,"SSP5-8.5 (Fossil-fueled Development)","ARIMA"
2053-07-01,2053,7,"prec",271.193622762234,"SSP5-8.5 (Fossil-fueled Development)","ARIMA"
2053-08-01,2053,8,"prec",143.015624452143,"SSP5-8.5 (Fossil-fueled Development)","ARIMA"
2053-09-01,2053,9,"prec",63.310404730771,"SSP5-8.5 (Fossil-fueled Development)","ARIMA"
2053-10-01,2053,10,"prec",38.8955691424998,"SSP5-8.5 (Fossil-fueled Development)","ARIMA"
2053-11-01,2053,11,"prec",33.5971690866133,"SSP5-8.5 (Fossil-fueled Development)","ARIMA"
2053-12-01,2053,12,"prec",43.3915678877358,"SSP5-8.5 (Fossil-fueled Development)","ARIMA"
2024-01-01,2024,1,"prec",22.142739767542,"SSP5-8.5 (Fossil-fueled Development)","ML-Enhanced"
2024-02-01,2024,2,"prec",33.9506691663779,"SSP5-8.5 (Fossil-fueled Development)","ML-Enhanced"
2024-03-01,2024,3,"prec",38.749169171701,"SSP5-8.5 (Fossil-fueled Development)","ML-Enhanced"
2024-04-01,2024,4,"prec",101.80106211239,"SSP5-8.5 (Fossil-fueled Development)","ML-Enhanced"
2024-05-01,2024,5,"prec",161.603071389534,"SSP5-8.5 (Fossil-fueled Development)","ML-Enhanced"
2024-06-01,2024,6,"prec",296.142089449814,"SSP5-8.5 (Fossil-fueled Development)","ML-Enhanced"
2024-07-01,2024,7,"prec",651.868965248318,"SSP5-8.5 (Fossil-fueled Development)","ML-Enhanced"
2024-08-01,2024,8,"prec",497.616009966434,"SSP5-8.5 (Fossil-fueled Development)","ML-Enhanced"
2024-09-01,2024,9,"prec",270.404933824491,"SSP5-8.5 (Fossil-fueled Development)","ML-Enhanced"
2024-10-01,2024,10,"prec",121.809221804938,"SSP5-8.5 (Fossil-fueled Development)","ML-Enhanced"
2024-11-01,2024,11,"prec",55.6435840511749,"SSP5-8.5 (Fossil-fueled Development)","ML-Enhanced"
2024-12-01,2024,12,"prec",32.2906525741141,"SSP5-8.5 (Fossil-fueled Development)","ML-Enhanced"
2025-01-01,2025,1,"prec",20.5508361848897,"SSP5-8.5 (Fossil-fueled Development)","ML-Enhanced"
2025-02-01,2025,2,"prec",36.4188805910398,"SSP5-8.5 (Fossil-fueled Development)","ML-Enhanced"
2025-03-01,2025,3,"prec",42.3228457382492,"SSP5-8.5 (Fossil-fueled Development)","ML-Enhanced"
2025-04-01,2025,4,"prec",112.367117950068,"SSP5-8.5 (Fossil-fueled Development)","ML-Enhanced"
2025-05-01,2025,5,"prec",168.485685510711,"SSP5-8.5 (Fossil-fueled Development)","ML-Enhanced"
2025-06-01,2025,6,"prec",470.750047641437,"SSP5-8.5 (Fossil-fueled Development)","ML-Enhanced"
2025-07-01,2025,7,"prec",499.906311962531,"SSP5-8.5 (Fossil-fueled Development)","ML-Enhanced"
2025-08-01,2025,8,"prec",469.616608986922,"SSP5-8.5 (Fossil-fueled Development)","ML-Enhanced"
2025-09-01,2025,9,"prec",216.908099964078,"SSP5-8.5 (Fossil-fueled Development)","ML-Enhanced"
2025-10-01,2025,10,"prec",141.497599788587,"SSP5-8.5 (Fossil-fueled Development)","ML-Enhanced"
2025-11-01,2025,11,"prec",54.1864449482716,"SSP5-8.5 (Fossil-fueled Development)","ML-Enhanced"
2025-12-01,2025,12,"prec",32.1810901374755,"SSP5-8.5 (Fossil-fueled Development)","ML-Enhanced"
2026-01-01,2026,1,"prec",25.4106543268786,"SSP5-8.5 (Fossil-fueled Development)","ML-Enhanced"
2026-02-01,2026,2,"prec",27.1966713546736,"SSP5-8.5 (Fossil-fueled Development)","ML-Enhanced"
2026-03-01,2026,3,"prec",42.3953263658345,"SSP5-8.5 (Fossil-fueled Development)","ML-Enhanced"
2026-04-01,2026,4,"prec",79.5185976531385,"SSP5-8.5 (Fossil-fueled Development)","ML-Enhanced"
2026-05-01,2026,5,"prec",171.786108363719,"SSP5-8.5 (Fossil-fueled Development)","ML-Enhanced"
2026-06-01,2026,6,"prec",328.155391616332,"SSP5-8.5 (Fossil-fueled Development)","ML-Enhanced"
2026-07-01,2026,7,"prec",526.158196842058,"SSP5-8.5 (Fossil-fueled Development)","ML-Enhanced"
2026-08-01,2026,8,"prec",446.3595274242,"SSP5-8.5 (Fossil-fueled Development)","ML-Enhanced"
2026-09-01,2026,9,"prec",206.375417470368,"SSP5-8.5 (Fossil-fueled Development)","ML-Enhanced"
2026-10-01,2026,10,"prec",108.708970210495,"SSP5-8.5 (Fossil-fueled Development)","ML-Enhanced"
2026-11-01,2026,11,"prec",34.6571447049663,"SSP5-8.5 (Fossil-fueled Development)","ML-Enhanced"
2026-12-01,2026,12,"prec",36.1591146854429,"SSP5-8.5 (Fossil-fueled Development)","ML-Enhanced"
2027-01-01,2027,1,"prec",19.4309696708802,"SSP5-8.5 (Fossil-fueled Development)","ML-Enhanced"
2027-02-01,2027,2,"prec",35.7129062587363,"SSP5-8.5 (Fossil-fueled Development)","ML-Enhanced"
2027-03-01,2027,3,"prec",39.5196836172085,"SSP5-8.5 (Fossil-fueled Development)","ML-Enhanced"
2027-04-01,2027,4,"prec",74.1503608126156,"SSP5-8.5 (Fossil-fueled Development)","ML-Enhanced"
2027-05-01,2027,5,"prec",237.831453223031,"SSP5-8.5 (Fossil-fueled Development)","ML-Enhanced"
2027-06-01,2027,6,"prec",321.609868097733,"SSP5-8.5 (Fossil-fueled Development)","ML-Enhanced"
2027-07-01,2027,7,"prec",402.215873588477,"SSP5-8.5 (Fossil-fueled Development)","ML-Enhanced"
2027-08-01,2027,8,"prec",478.765789664524,"SSP5-8.5 (Fossil-fueled Development)","ML-Enhanced"
2027-09-01,2027,9,"prec",277.454633740717,"SSP5-8.5 (Fossil-fueled Development)","ML-Enhanced"
2027-10-01,2027,10,"prec",98.5706855733052,"SSP5-8.5 (Fossil-fueled Development)","ML-Enhanced"
2027-11-01,2027,11,"prec",48.556301123069,"SSP5-8.5 (Fossil-fueled Development)","ML-Enhanced"
2027-12-01,2027,12,"prec",29.1614479202299,"SSP5-8.5 (Fossil-fueled Development)","ML-Enhanced"
2028-01-01,2028,1,"prec",27.240472303813,"SSP5-8.5 (Fossil-fueled Development)","ML-Enhanced"
2028-02-01,2028,2,"prec",28.9123886420341,"SSP5-8.5 (Fossil-fueled Development)","ML-Enhanced"
2028-03-01,2028,3,"prec",40.6145036093791,"SSP5-8.5 (Fossil-fueled Development)","ML-Enhanced"
2028-04-01,2028,4,"prec",102.492147515714,"SSP5-8.5 (Fossil-fueled Development)","ML-Enhanced"
2028-05-01,2028,5,"prec",124.16470932799,"SSP5-8.5 (Fossil-fueled Development)","ML-Enhanced"
2028-06-01,2028,6,"prec",304.704536971737,"SSP5-8.5 (Fossil-fueled Development)","ML-Enhanced"
2028-07-01,2028,7,"prec",350.071048435623,"SSP5-8.5 (Fossil-fueled Development)","ML-Enhanced"
2028-08-01,2028,8,"prec",559.220316870395,"SSP5-8.5 (Fossil-fueled Development)","ML-Enhanced"
2028-09-01,2028,9,"prec",252.261257174927,"SSP5-8.5 (Fossil-fueled Development)","ML-Enhanced"
2028-10-01,2028,10,"prec",126.831962794213,"SSP5-8.5 (Fossil-fueled Development)","ML-Enhanced"
2028-11-01,2028,11,"prec",40.5822212309548,"SSP5-8.5 (Fossil-fueled Development)","ML-Enhanced"
2028-12-01,2028,12,"prec",36.1788710816141,"SSP5-8.5 (Fossil-fueled Development)","ML-Enhanced"
2029-01-01,2029,1,"prec",21.4644963192349,"SSP5-8.5 (Fossil-fueled Development)","ML-Enhanced"
2029-02-01,2029,2,"prec",44.7283821943339,"SSP5-8.5 (Fossil-fueled Development)","ML-Enhanced"
2029-03-01,2029,3,"prec",41.7896141044809,"SSP5-8.5 (Fossil-fueled Development)","ML-Enhanced"
2029-04-01,2029,4,"prec",85.7528201583432,"SSP5-8.5 (Fossil-fueled Development)","ML-Enhanced"
2029-05-01,2029,5,"prec",87.2555033372121,"SSP5-8.5 (Fossil-fueled Development)","ML-Enhanced"
2029-06-01,2029,6,"prec",380.101762650056,"SSP5-8.5 (Fossil-fueled Development)","ML-Enhanced"
2029-07-01,2029,7,"prec",591.591049205936,"SSP5-8.5 (Fossil-fueled Development)","ML-Enhanced"
2029-08-01,2029,8,"prec",474.415245665938,"SSP5-8.5 (Fossil-fueled Development)","ML-Enhanced"
2029-09-01,2029,9,"prec",202.681946111212,"SSP5-8.5 (Fossil-fueled Development)","ML-Enhanced"
2029-10-01,2029,10,"prec",139.448100286273,"SSP5-8.5 (Fossil-fueled Development)","ML-Enhanced"
2029-11-01,2029,11,"prec",60.2980326986679,"SSP5-8.5 (Fossil-fueled Development)","ML-Enhanced"
2029-12-01,2029,12,"prec",27.7861144428548,"SSP5-8.5 (Fossil-fueled Development)","ML-Enhanced"
2030-01-01,2030,1,"prec",25.4482917559196,"SSP5-8.5 (Fossil-fueled Development)","ML-Enhanced"
2030-02-01,2030,2,"prec",29.2445298827311,"SSP5-8.5 (Fossil-fueled Development)","ML-Enhanced"
2030-03-01,2030,3,"prec",32.3495256384068,"SSP5-8.5 (Fossil-fueled Development)","ML-Enhanced"
2030-04-01,2030,4,"prec",97.3662073417211,"SSP5-8.5 (Fossil-fueled Development)","ML-Enhanced"
2030-05-01,2030,5,"prec",145.909379506684,"SSP5-8.5 (Fossil-fueled Development)","ML-Enhanced"
2030-06-01,2030,6,"prec",451.983402600168,"SSP5-8.5 (Fossil-fueled Development)","ML-Enhanced"
2030-07-01,2030,7,"prec",549.106703556799,"SSP5-8.5 (Fossil-fueled Development)","ML-Enhanced"
2030-08-01,2030,8,"prec",509.135908097473,"SSP5-8.5 (Fossil-fueled Development)","ML-Enhanced"
2030-09-01,2030,9,"prec",233.501974739818,"SSP5-8.5 (Fossil-fueled Development)","ML-Enhanced"
2030-10-01,2030,10,"prec",122.057730132311,"SSP5-8.5 (Fossil-fueled Development)","ML-Enhanced"
2030-11-01,2030,11,"prec",55.2517005933864,"SSP5-8.5 (Fossil-fueled Development)","ML-Enhanced"
2030-12-01,2030,12,"prec",29.6896599767017,"SSP5-8.5 (Fossil-fueled Development)","ML-Enhanced"
2031-01-01,2031,1,"prec",16.9059955508993,"SSP5-8.5 (Fossil-fueled Development)","ML-Enhanced"
2031-02-01,2031,2,"prec",29.3860189373634,"SSP5-8.5 (Fossil-fueled Development)","ML-Enhanced"
2031-03-01,2031,3,"prec",39.0168045032588,"SSP5-8.5 (Fossil-fueled Development)","ML-Enhanced"
2031-04-01,2031,4,"prec",76.762182584809,"SSP5-8.5 (Fossil-fueled Development)","ML-Enhanced"
2031-05-01,2031,5,"prec",117.405477792518,"SSP5-8.5 (Fossil-fueled Development)","ML-Enhanced"
2031-06-01,2031,6,"prec",455.013023893147,"SSP5-8.5 (Fossil-fueled Development)","ML-Enhanced"
2031-07-01,2031,7,"prec",545.469329519594,"SSP5-8.5 (Fossil-fueled Development)","ML-Enhanced"
2031-08-01,2031,8,"prec",516.528438067422,"SSP5-8.5 (Fossil-fueled Development)","ML-Enhanced"
2031-09-01,2031,9,"prec",304.916501264714,"SSP5-8.5 (Fossil-fueled Development)","ML-Enhanced"
2031-10-01,2031,10,"prec",118.776955031064,"SSP5-8.5 (Fossil-fueled Development)","ML-Enhanced"
2031-11-01,2031,11,"prec",28.2714048640583,"SSP5-8.5 (Fossil-fueled Development)","ML-Enhanced"
2031-12-01,2031,12,"prec",32.308146491368,"SSP5-8.5 (Fossil-fueled Development)","ML-Enhanced"
2032-01-01,2032,1,"prec",25.4228365797389,"SSP5-8.5 (Fossil-fueled Development)","ML-Enhanced"
2032-02-01,2032,2,"prec",38.3063254259783,"SSP5-8.5 (Fossil-fueled Development)","ML-Enhanced"
2032-03-01,2032,3,"prec",30.8778204872314,"SSP5-8.5 (Fossil-fueled Development)","ML-Enhanced"
2032-04-01,2032,4,"prec",76.5988747980582,"SSP5-8.5 (Fossil-fueled Development)","ML-Enhanced"
2032-05-01,2032,5,"prec",194.502261146353,"SSP5-8.5 (Fossil-fueled Development)","ML-Enhanced"
2032-06-01,2032,6,"prec",401.526068491689,"SSP5-8.5 (Fossil-fueled Development)","ML-Enhanced"
2032-07-01,2032,7,"prec",572.769495911984,"SSP5-8.5 (Fossil-fueled Development)","ML-Enhanced"
2032-08-01,2032,8,"prec",414.110620496759,"SSP5-8.5 (Fossil-fueled Development)","ML-Enhanced"
2032-09-01,2032,9,"prec",289.941432910056,"SSP5-8.5 (Fossil-fueled Development)","ML-Enhanced"
2032-10-01,2032,10,"prec",116.399190170491,"SSP5-8.5 (Fossil-fueled Development)","ML-Enhanced"
2032-11-01,2032,11,"prec",46.6831706112216,"SSP5-8.5 (Fossil-fueled Development)","ML-Enhanced"
2032-12-01,2032,12,"prec",24.7503873080217,"SSP5-8.5 (Fossil-fueled Development)","ML-Enhanced"
2033-01-01,2033,1,"prec",19.9156205262042,"SSP5-8.5 (Fossil-fueled Development)","ML-Enhanced"
2033-02-01,2033,2,"prec",32.8447490165463,"SSP5-8.5 (Fossil-fueled Development)","ML-Enhanced"
2033-03-01,2033,3,"prec",26.1003340837001,"SSP5-8.5 (Fossil-fueled Development)","ML-Enhanced"
2033-04-01,2033,4,"prec",82.8553237745256,"SSP5-8.5 (Fossil-fueled Development)","ML-Enhanced"
2033-05-01,2033,5,"prec",142.805951865206,"SSP5-8.5 (Fossil-fueled Development)","ML-Enhanced"
2033-06-01,2033,6,"prec",378.613014257903,"SSP5-8.5 (Fossil-fueled Development)","ML-Enhanced"
2033-07-01,2033,7,"prec",398.85310119809,"SSP5-8.5 (Fossil-fueled Development)","ML-Enhanced"
2033-08-01,2033,8,"prec",391.335931223973,"SSP5-8.5 (Fossil-fueled Development)","ML-Enhanced"
2033-09-01,2033,9,"prec",303.262838125041,"SSP5-8.5 (Fossil-fueled Development)","ML-Enhanced"
2033-10-01,2033,10,"prec",114.088431435812,"SSP5-8.5 (Fossil-fueled Development)","ML-Enhanced"
2033-11-01,2033,11,"prec",46.6462787046649,"SSP5-8.5 (Fossil-fueled Development)","ML-Enhanced"
2033-12-01,2033,12,"prec",27.6911753271009,"SSP5-8.5 (Fossil-fueled Development)","ML-Enhanced"
2034-01-01,2034,1,"prec",23.5693845255138,"SSP5-8.5 (Fossil-fueled Development)","ML-Enhanced"
2034-02-01,2034,2,"prec",36.0247403305765,"SSP5-8.5 (Fossil-fueled Development)","ML-Enhanced"
2034-03-01,2034,3,"prec",35.7777259553346,"SSP5-8.5 (Fossil-fueled Development)","ML-Enhanced"
2034-04-01,2034,4,"prec",84.9948402283397,"SSP5-8.5 (Fossil-fueled Development)","ML-Enhanced"
2034-05-01,2034,5,"prec",164.066865685255,"SSP5-8.5 (Fossil-fueled Development)","ML-Enhanced"
2034-06-01,2034,6,"prec",337.628635553501,"SSP5-8.5 (Fossil-fueled Development)","ML-Enhanced"
2034-07-01,2034,7,"prec",524.31013277239,"SSP5-8.5 (Fossil-fueled Development)","ML-Enhanced"
2034-08-01,2034,8,"prec",388.327420306968,"SSP5-8.5 (Fossil-fueled Development)","ML-Enhanced"
2034-09-01,2034,9,"prec",283.446692151133,"SSP5-8.5 (Fossil-fueled Development)","ML-Enhanced"
2034-10-01,2034,10,"prec",95.7647493242665,"SSP5-8.5 (Fossil-fueled Development)","ML-Enhanced"
2034-11-01,2034,11,"prec",47.9320558011857,"SSP5-8.5 (Fossil-fueled Development)","ML-Enhanced"
2034-12-01,2034,12,"prec",32.6253287593746,"SSP5-8.5 (Fossil-fueled Development)","ML-Enhanced"
2035-01-01,2035,1,"prec",14.1878681828392,"SSP5-8.5 (Fossil-fueled Development)","ML-Enhanced"
2035-02-01,2035,2,"prec",31.6757612756421,"SSP5-8.5 (Fossil-fueled Development)","ML-Enhanced"
2035-03-01,2035,3,"prec",43.7684598052834,"SSP5-8.5 (Fossil-fueled Development)","ML-Enhanced"
2035-04-01,2035,4,"prec",63.9452536954471,"SSP5-8.5 (Fossil-fueled Development)","ML-Enhanced"
2035-05-01,2035,5,"prec",163.05833811564,"SSP5-8.5 (Fossil-fueled Development)","ML-Enhanced"
2035-06-01,2035,6,"prec",335.207703451364,"SSP5-8.5 (Fossil-fueled Development)","ML-Enhanced"
2035-07-01,2035,7,"prec",548.681911499147,"SSP5-8.5 (Fossil-fueled Development)","ML-Enhanced"
2035-08-01,2035,8,"prec",451.655111585657,"SSP5-8.5 (Fossil-fueled Development)","ML-Enhanced"
2035-09-01,2035,9,"prec",313.012855865986,"SSP5-8.5 (Fossil-fueled Development)","ML-Enhanced"
2035-10-01,2035,10,"prec",126.090705720605,"SSP5-8.5 (Fossil-fueled Development)","ML-Enhanced"
2035-11-01,2035,11,"prec",40.6759416977668,"SSP5-8.5 (Fossil-fueled Development)","ML-Enhanced"
2035-12-01,2035,12,"prec",26.5259867146556,"SSP5-8.5 (Fossil-fueled Development)","ML-Enhanced"
2036-01-01,2036,1,"prec",23.3878782923255,"SSP5-8.5 (Fossil-fueled Development)","ML-Enhanced"
2036-02-01,2036,2,"prec",29.5966412881137,"SSP5-8.5 (Fossil-fueled Development)","ML-Enhanced"
2036-03-01,2036,3,"prec",38.6067875969459,"SSP5-8.5 (Fossil-fueled Development)","ML-Enhanced"
2036-04-01,2036,4,"prec",102.619589888631,"SSP5-8.5 (Fossil-fueled Development)","ML-Enhanced"
2036-05-01,2036,5,"prec",146.284602344161,"SSP5-8.5 (Fossil-fueled Development)","ML-Enhanced"
2036-06-01,2036,6,"prec",324.447226472491,"SSP5-8.5 (Fossil-fueled Development)","ML-Enhanced"
2036-07-01,2036,7,"prec",678.185964791016,"SSP5-8.5 (Fossil-fueled Development)","ML-Enhanced"
2036-08-01,2036,8,"prec",392.019623634019,"SSP5-8.5 (Fossil-fueled Development)","ML-Enhanced"
2036-09-01,2036,9,"prec",258.162605159536,"SSP5-8.5 (Fossil-fueled Development)","ML-Enhanced"
2036-10-01,2036,10,"prec",144.832293534794,"SSP5-8.5 (Fossil-fueled Development)","ML-Enhanced"
2036-11-01,2036,11,"prec",44.4645079667899,"SSP5-8.5 (Fossil-fueled Development)","ML-Enhanced"
2036-12-01,2036,12,"prec",31.1842880247753,"SSP5-8.5 (Fossil-fueled Development)","ML-Enhanced"
2037-01-01,2037,1,"prec",20.9449462164013,"SSP5-8.5 (Fossil-fueled Development)","ML-Enhanced"
2037-02-01,2037,2,"prec",32.9714539397267,"SSP5-8.5 (Fossil-fueled Development)","ML-Enhanced"
2037-03-01,2037,3,"prec",43.1722155190886,"SSP5-8.5 (Fossil-fueled Development)","ML-Enhanced"
2037-04-01,2037,4,"prec",99.3669699984346,"SSP5-8.5 (Fossil-fueled Development)","ML-Enhanced"
2037-05-01,2037,5,"prec",190.073206266663,"SSP5-8.5 (Fossil-fueled Development)","ML-Enhanced"
2037-06-01,2037,6,"prec",394.220421102686,"SSP5-8.5 (Fossil-fueled Development)","ML-Enhanced"
2037-07-01,2037,7,"prec",752.84617945027,"SSP5-8.5 (Fossil-fueled Development)","ML-Enhanced"
2037-08-01,2037,8,"prec",430.025959645671,"SSP5-8.5 (Fossil-fueled Development)","ML-Enhanced"
2037-09-01,2037,9,"prec",342.631533487979,"SSP5-8.5 (Fossil-fueled Development)","ML-Enhanced"
2037-10-01,2037,10,"prec",152.487660423224,"SSP5-8.5 (Fossil-fueled Development)","ML-Enhanced"
2037-11-01,2037,11,"prec",45.7299770081242,"SSP5-8.5 (Fossil-fueled Development)","ML-Enhanced"
2037-12-01,2037,12,"prec",18.7897411269846,"SSP5-8.5 (Fossil-fueled Development)","ML-Enhanced"
2038-01-01,2038,1,"prec",25.7394371968549,"SSP5-8.5 (Fossil-fueled Development)","ML-Enhanced"
2038-02-01,2038,2,"prec",27.0329492137443,"SSP5-8.5 (Fossil-fueled Development)","ML-Enhanced"
2038-03-01,2038,3,"prec",50.218885689626,"SSP5-8.5 (Fossil-fueled Development)","ML-Enhanced"
2038-04-01,2038,4,"prec",85.2666646013319,"SSP5-8.5 (Fossil-fueled Development)","ML-Enhanced"
2038-05-01,2038,5,"prec",148.783309077214,"SSP5-8.5 (Fossil-fueled Development)","ML-Enhanced"
2038-06-01,2038,6,"prec",409.495623222099,"SSP5-8.5 (Fossil-fueled Development)","ML-Enhanced"
2038-07-01,2038,7,"prec",499.388431873081,"SSP5-8.5 (Fossil-fueled Development)","ML-Enhanced"
2038-08-01,2038,8,"prec",465.286056676573,"SSP5-8.5 (Fossil-fueled Development)","ML-Enhanced"
2038-09-01,2038,9,"prec",245.940989308195,"SSP5-8.5 (Fossil-fueled Development)","ML-Enhanced"
2038-10-01,2038,10,"prec",147.453502423261,"SSP5-8.5 (Fossil-fueled Development)","ML-Enhanced"
2038-11-01,2038,11,"prec",32.0930327444038,"SSP5-8.5 (Fossil-fueled Development)","ML-Enhanced"
2038-12-01,2038,12,"prec",15.3246454645038,"SSP5-8.5 (Fossil-fueled Development)","ML-Enhanced"
2039-01-01,2039,1,"prec",18.0693440729959,"SSP5-8.5 (Fossil-fueled Development)","ML-Enhanced"
2039-02-01,2039,2,"prec",46.5258027288543,"SSP5-8.5 (Fossil-fueled Development)","ML-Enhanced"
2039-03-01,2039,3,"prec",33.1562398923179,"SSP5-8.5 (Fossil-fueled Development)","ML-Enhanced"
2039-04-01,2039,4,"prec",89.5467531714392,"SSP5-8.5 (Fossil-fueled Development)","ML-Enhanced"
2039-05-01,2039,5,"prec",123.150668958994,"SSP5-8.5 (Fossil-fueled Development)","ML-Enhanced"
2039-06-01,2039,6,"prec",374.9550507045,"SSP5-8.5 (Fossil-fueled Development)","ML-Enhanced"
2039-07-01,2039,7,"prec",485.246769878313,"SSP5-8.5 (Fossil-fueled Development)","ML-Enhanced"
2039-08-01,2039,8,"prec",415.207512198327,"SSP5-8.5 (Fossil-fueled Development)","ML-Enhanced"
2039-09-01,2039,9,"prec",271.511116955679,"SSP5-8.5 (Fossil-fueled Development)","ML-Enhanced"
2039-10-01,2039,10,"prec",109.346557874763,"SSP5-8.5 (Fossil-fueled Development)","ML-Enhanced"
2039-11-01,2039,11,"prec",45.0408206580003,"SSP5-8.5 (Fossil-fueled Development)","ML-Enhanced"
2039-12-01,2039,12,"prec",24.7988278083584,"SSP5-8.5 (Fossil-fueled Development)","ML-Enhanced"
2040-01-01,2040,1,"prec",23.2130465958427,"SSP5-8.5 (Fossil-fueled Development)","ML-Enhanced"
2040-02-01,2040,2,"prec",31.1544631181527,"SSP5-8.5 (Fossil-fueled Development)","ML-Enhanced"
2040-03-01,2040,3,"prec",45.8722894663608,"SSP5-8.5 (Fossil-fueled Development)","ML-Enhanced"
2040-04-01,2040,4,"prec",66.1954723396862,"SSP5-8.5 (Fossil-fueled Development)","ML-Enhanced"
2040-05-01,2040,5,"prec",122.398310759206,"SSP5-8.5 (Fossil-fueled Development)","ML-Enhanced"
2040-06-01,2040,6,"prec",384.388591084816,"SSP5-8.5 (Fossil-fueled Development)","ML-Enhanced"
2040-07-01,2040,7,"prec",562.877010303297,"SSP5-8.5 (Fossil-fueled Development)","ML-Enhanced"
2040-08-01,2040,8,"prec",415.493524604774,"SSP5-8.5 (Fossil-fueled Development)","ML-Enhanced"
2040-09-01,2040,9,"prec",223.39133248274,"SSP5-8.5 (Fossil-fueled Development)","ML-Enhanced"
2040-10-01,2040,10,"prec",115.432541466822,"SSP5-8.5 (Fossil-fueled Development)","ML-Enhanced"
2040-11-01,2040,11,"prec",38.3086196970518,"SSP5-8.5 (Fossil-fueled Development)","ML-Enhanced"
2040-12-01,2040,12,"prec",31.1374118273206,"SSP5-8.5 (Fossil-fueled Development)","ML-Enhanced"
2041-01-01,2041,1,"prec",14.419009789274,"SSP5-8.5 (Fossil-fueled Development)","ML-Enhanced"
2041-02-01,2041,2,"prec",26.0723654194195,"SSP5-8.5 (Fossil-fueled Development)","ML-Enhanced"
2041-03-01,2041,3,"prec",38.1601898439567,"SSP5-8.5 (Fossil-fueled Development)","ML-Enhanced"
2041-04-01,2041,4,"prec",81.0203274402608,"SSP5-8.5 (Fossil-fueled Development)","ML-Enhanced"
2041-05-01,2041,5,"prec",163.397625635336,"SSP5-8.5 (Fossil-fueled Development)","ML-Enhanced"
2041-06-01,2041,6,"prec",368.922730778888,"SSP5-8.5 (Fossil-fueled Development)","ML-Enhanced"
2041-07-01,2041,7,"prec",589.396465981433,"SSP5-8.5 (Fossil-fueled Development)","ML-Enhanced"
2041-08-01,2041,8,"prec",379.239958220812,"SSP5-8.5 (Fossil-fueled Development)","ML-Enhanced"
2041-09-01,2041,9,"prec",254.018613903459,"SSP5-8.5 (Fossil-fueled Development)","ML-Enhanced"
2041-10-01,2041,10,"prec",113.420527625878,"SSP5-8.5 (Fossil-fueled Development)","ML-Enhanced"
2041-11-01,2041,11,"prec",46.370383017172,"SSP5-8.5 (Fossil-fueled Development)","ML-Enhanced"
2041-12-01,2041,12,"prec",22.9512653485401,"SSP5-8.5 (Fossil-fueled Development)","ML-Enhanced"
2042-01-01,2042,1,"prec",20.3512978987415,"SSP5-8.5 (Fossil-fueled Development)","ML-Enhanced"
2042-02-01,2042,2,"prec",37.734455150114,"SSP5-8.5 (Fossil-fueled Development)","ML-Enhanced"
2042-03-01,2042,3,"prec",34.8578085636006,"SSP5-8.5 (Fossil-fueled Development)","ML-Enhanced"
2042-04-01,2042,4,"prec",77.9919220800653,"SSP5-8.5 (Fossil-fueled Development)","ML-Enhanced"
2042-05-01,2042,5,"prec",178.758329672993,"SSP5-8.5 (Fossil-fueled Development)","ML-Enhanced"
2042-06-01,2042,6,"prec",290.952151151204,"SSP5-8.5 (Fossil-fueled Development)","ML-Enhanced"
2042-07-01,2042,7,"prec",501.848441367411,"SSP5-8.5 (Fossil-fueled Development)","ML-Enhanced"
2042-08-01,2042,8,"prec",473.104321819858,"SSP5-8.5 (Fossil-fueled Development)","ML-Enhanced"
2042-09-01,2042,9,"prec",348.921178258592,"SSP5-8.5 (Fossil-fueled Development)","ML-Enhanced"
2042-10-01,2042,10,"prec",94.9260687379143,"SSP5-8.5 (Fossil-fueled Development)","ML-Enhanced"
2042-11-01,2042,11,"prec",52.0416903892599,"SSP5-8.5 (Fossil-fueled Development)","ML-Enhanced"
2042-12-01,2042,12,"prec",29.4648864238629,"SSP5-8.5 (Fossil-fueled Development)","ML-Enhanced"
2043-01-01,2043,1,"prec",16.1594735854179,"SSP5-8.5 (Fossil-fueled Development)","ML-Enhanced"
2043-02-01,2043,2,"prec",29.7620662210554,"SSP5-8.5 (Fossil-fueled Development)","ML-Enhanced"
2043-03-01,2043,3,"prec",43.3043633092549,"SSP5-8.5 (Fossil-fueled Development)","ML-Enhanced"
2043-04-01,2043,4,"prec",76.9523917946301,"SSP5-8.5 (Fossil-fueled Development)","ML-Enhanced"
2043-05-01,2043,5,"prec",159.446386182668,"SSP5-8.5 (Fossil-fueled Development)","ML-Enhanced"
2043-06-01,2043,6,"prec",360.863699937487,"SSP5-8.5 (Fossil-fueled Development)","ML-Enhanced"
2043-07-01,2043,7,"prec",332.715822498986,"SSP5-8.5 (Fossil-fueled Development)","ML-Enhanced"
2043-08-01,2043,8,"prec",424.819387067286,"SSP5-8.5 (Fossil-fueled Development)","ML-Enhanced"
2043-09-01,2043,9,"prec",280.568019029156,"SSP5-8.5 (Fossil-fueled Development)","ML-Enhanced"
2043-10-01,2043,10,"prec",114.521533540309,"SSP5-8.5 (Fossil-fueled Development)","ML-Enhanced"
2043-11-01,2043,11,"prec",46.6628376546916,"SSP5-8.5 (Fossil-fueled Development)","ML-Enhanced"
2043-12-01,2043,12,"prec",23.9862949667021,"SSP5-8.5 (Fossil-fueled Development)","ML-Enhanced"
2044-01-01,2044,1,"prec",16.209125502231,"SSP5-8.5 (Fossil-fueled Development)","ML-Enhanced"
2044-02-01,2044,2,"prec",37.9859765550389,"SSP5-8.5 (Fossil-fueled Development)","ML-Enhanced"
2044-03-01,2044,3,"prec",41.9580194472634,"SSP5-8.5 (Fossil-fueled Development)","ML-Enhanced"
2044-04-01,2044,4,"prec",68.5589154221952,"SSP5-8.5 (Fossil-fueled Development)","ML-Enhanced"
2044-05-01,2044,5,"prec",149.389612989423,"SSP5-8.5 (Fossil-fueled Development)","ML-Enhanced"
2044-06-01,2044,6,"prec",417.108834011599,"SSP5-8.5 (Fossil-fueled Development)","ML-Enhanced"
2044-07-01,2044,7,"prec",557.37142382822,"SSP5-8.5 (Fossil-fueled Development)","ML-Enhanced"
2044-08-01,2044,8,"prec",411.921031903261,"SSP5-8.5 (Fossil-fueled Development)","ML-Enhanced"
2044-09-01,2044,9,"prec",264.490629379559,"SSP5-8.5 (Fossil-fueled Development)","ML-Enhanced"
2044-10-01,2044,10,"prec",135.690058330728,"SSP5-8.5 (Fossil-fueled Development)","ML-Enhanced"
2044-11-01,2044,11,"prec",42.9089284620274,"SSP5-8.5 (Fossil-fueled Development)","ML-Enhanced"
2044-12-01,2044,12,"prec",24.352891661708,"SSP5-8.5 (Fossil-fueled Development)","ML-Enhanced"
2045-01-01,2045,1,"prec",20.9034167719079,"SSP5-8.5 (Fossil-fueled Development)","ML-Enhanced"
2045-02-01,2045,2,"prec",30.9539815448149,"SSP5-8.5 (Fossil-fueled Development)","ML-Enhanced"
2045-03-01,2045,3,"prec",32.6528782535222,"SSP5-8.5 (Fossil-fueled Development)","ML-Enhanced"
2045-04-01,2045,4,"prec",76.1600164416255,"SSP5-8.5 (Fossil-fueled Development)","ML-Enhanced"
2045-05-01,2045,5,"prec",176.088349685993,"SSP5-8.5 (Fossil-fueled Development)","ML-Enhanced"
2045-06-01,2045,6,"prec",393.90537823611,"SSP5-8.5 (Fossil-fueled Development)","ML-Enhanced"
2045-07-01,2045,7,"prec",486.989531239551,"SSP5-8.5 (Fossil-fueled Development)","ML-Enhanced"
2045-08-01,2045,8,"prec",511.979333801072,"SSP5-8.5 (Fossil-fueled Development)","ML-Enhanced"
2045-09-01,2045,9,"prec",194.695895642751,"SSP5-8.5 (Fossil-fueled Development)","ML-Enhanced"
2045-10-01,2045,10,"prec",126.710091723453,"SSP5-8.5 (Fossil-fueled Development)","ML-Enhanced"
2045-11-01,2045,11,"prec",37.4505140462596,"SSP5-8.5 (Fossil-fueled Development)","ML-Enhanced"
2045-12-01,2045,12,"prec",19.0947428000089,"SSP5-8.5 (Fossil-fueled Development)","ML-Enhanced"
2046-01-01,2046,1,"prec",26.0828903291078,"SSP5-8.5 (Fossil-fueled Development)","ML-Enhanced"
2046-02-01,2046,2,"prec",31.0264392901839,"SSP5-8.5 (Fossil-fueled Development)","ML-Enhanced"
2046-03-01,2046,3,"prec",38.548020289845,"SSP5-8.5 (Fossil-fueled Development)","ML-Enhanced"
2046-04-01,2046,4,"prec",95.0970825910251,"SSP5-8.5 (Fossil-fueled Development)","ML-Enhanced"
2046-05-01,2046,5,"prec",212.533483192999,"SSP5-8.5 (Fossil-fueled Development)","ML-Enhanced"
2046-06-01,2046,6,"prec",384.200606200785,"SSP5-8.5 (Fossil-fueled Development)","ML-Enhanced"
2046-07-01,2046,7,"prec",392.419426522412,"SSP5-8.5 (Fossil-fueled Development)","ML-Enhanced"
2046-08-01,2046,8,"prec",362.78524739499,"SSP5-8.5 (Fossil-fueled Development)","ML-Enhanced"
2046-09-01,2046,9,"prec",340.64567763682,"SSP5-8.5 (Fossil-fueled Development)","ML-Enhanced"
2046-10-01,2046,10,"prec",131.219469525367,"SSP5-8.5 (Fossil-fueled Development)","ML-Enhanced"
2046-11-01,2046,11,"prec",39.2361283031565,"SSP5-8.5 (Fossil-fueled Development)","ML-Enhanced"
2046-12-01,2046,12,"prec",23.1511249974279,"SSP5-8.5 (Fossil-fueled Development)","ML-Enhanced"
2047-01-01,2047,1,"prec",21.3158479557337,"SSP5-8.5 (Fossil-fueled Development)","ML-Enhanced"
2047-02-01,2047,2,"prec",23.6384617789961,"SSP5-8.5 (Fossil-fueled Development)","ML-Enhanced"
2047-03-01,2047,3,"prec",48.6652133399484,"SSP5-8.5 (Fossil-fueled Development)","ML-Enhanced"
2047-04-01,2047,4,"prec",95.7868935165451,"SSP5-8.5 (Fossil-fueled Development)","ML-Enhanced"
2047-05-01,2047,5,"prec",103.679081216146,"SSP5-8.5 (Fossil-fueled Development)","ML-Enhanced"
2047-06-01,2047,6,"prec",300.78423399305,"SSP5-8.5 (Fossil-fueled Development)","ML-Enhanced"
2047-07-01,2047,7,"prec",544.010534469478,"SSP5-8.5 (Fossil-fueled Development)","ML-Enhanced"
2047-08-01,2047,8,"prec",427.566790288122,"SSP5-8.5 (Fossil-fueled Development)","ML-Enhanced"
2047-09-01,2047,9,"prec",330.686608152788,"SSP5-8.5 (Fossil-fueled Development)","ML-Enhanced"
2047-10-01,2047,10,"prec",115.626130732984,"SSP5-8.5 (Fossil-fueled Development)","ML-Enhanced"
2047-11-01,2047,11,"prec",49.1287468146949,"SSP5-8.5 (Fossil-fueled Development)","ML-Enhanced"
2047-12-01,2047,12,"prec",33.564131777335,"SSP5-8.5 (Fossil-fueled Development)","ML-Enhanced"
2048-01-01,2048,1,"prec",18.0579880759889,"SSP5-8.5 (Fossil-fueled Development)","ML-Enhanced"
2048-02-01,2048,2,"prec",34.2738107205663,"SSP5-8.5 (Fossil-fueled Development)","ML-Enhanced"
2048-03-01,2048,3,"prec",45.6362733627569,"SSP5-8.5 (Fossil-fueled Development)","ML-Enhanced"
2048-04-01,2048,4,"prec",105.664963836554,"SSP5-8.5 (Fossil-fueled Development)","ML-Enhanced"
2048-05-01,2048,5,"prec",185.040656214168,"SSP5-8.5 (Fossil-fueled Development)","ML-Enhanced"
2048-06-01,2048,6,"prec",372.509835190974,"SSP5-8.5 (Fossil-fueled Development)","ML-Enhanced"
2048-07-01,2048,7,"prec",636.17890391674,"SSP5-8.5 (Fossil-fueled Development)","ML-Enhanced"
2048-08-01,2048,8,"prec",606.676190974117,"SSP5-8.5 (Fossil-fueled Development)","ML-Enhanced"
2048-09-01,2048,9,"prec",270.200047778481,"SSP5-8.5 (Fossil-fueled Development)","ML-Enhanced"
2048-10-01,2048,10,"prec",159.834980354067,"SSP5-8.5 (Fossil-fueled Development)","ML-Enhanced"
2048-11-01,2048,11,"prec",45.2496846846537,"SSP5-8.5 (Fossil-fueled Development)","ML-Enhanced"
2048-12-01,2048,12,"prec",28.0340062340842,"SSP5-8.5 (Fossil-fueled Development)","ML-Enhanced"
2049-01-01,2049,1,"prec",25.0326462295161,"SSP5-8.5 (Fossil-fueled Development)","ML-Enhanced"
2049-02-01,2049,2,"prec",30.9768903390134,"SSP5-8.5 (Fossil-fueled Development)","ML-Enhanced"
2049-03-01,2049,3,"prec",39.3368371026118,"SSP5-8.5 (Fossil-fueled Development)","ML-Enhanced"
2049-04-01,2049,4,"prec",106.868268871164,"SSP5-8.5 (Fossil-fueled Development)","ML-Enhanced"
2049-05-01,2049,5,"prec",202.035499278923,"SSP5-8.5 (Fossil-fueled Development)","ML-Enhanced"
2049-06-01,2049,6,"prec",469.929969991109,"SSP5-8.5 (Fossil-fueled Development)","ML-Enhanced"
2049-07-01,2049,7,"prec",550.036353879613,"SSP5-8.5 (Fossil-fueled Development)","ML-Enhanced"
2049-08-01,2049,8,"prec",451.995239260889,"SSP5-8.5 (Fossil-fueled Development)","ML-Enhanced"
2049-09-01,2049,9,"prec",305.757247548659,"SSP5-8.5 (Fossil-fueled Development)","ML-Enhanced"
2049-10-01,2049,10,"prec",101.479588160717,"SSP5-8.5 (Fossil-fueled Development)","ML-Enhanced"
2049-11-01,2049,11,"prec",53.2926547106992,"SSP5-8.5 (Fossil-fueled Development)","ML-Enhanced"
2049-12-01,2049,12,"prec",33.5977667649072,"SSP5-8.5 (Fossil-fueled Development)","ML-Enhanced"
2050-01-01,2050,1,"prec",22.9633013292723,"SSP5-8.5 (Fossil-fueled Development)","ML-Enhanced"
2050-02-01,2050,2,"prec",20.1061751247253,"SSP5-8.5 (Fossil-fueled Development)","ML-Enhanced"
2050-03-01,2050,3,"prec",39.337762572371,"SSP5-8.5 (Fossil-fueled Development)","ML-Enhanced"
2050-04-01,2050,4,"prec",85.8611057260633,"SSP5-8.5 (Fossil-fueled Development)","ML-Enhanced"
2050-05-01,2050,5,"prec",172.077918894163,"SSP5-8.5 (Fossil-fueled Development)","ML-Enhanced"
2050-06-01,2050,6,"prec",302.656096249079,"SSP5-8.5 (Fossil-fueled Development)","ML-Enhanced"
2050-07-01,2050,7,"prec",665.049693601313,"SSP5-8.5 (Fossil-fueled Development)","ML-Enhanced"
2050-08-01,2050,8,"prec",472.708911012086,"SSP5-8.5 (Fossil-fueled Development)","ML-Enhanced"
2050-09-01,2050,9,"prec",278.765138892961,"SSP5-8.5 (Fossil-fueled Development)","ML-Enhanced"
2050-10-01,2050,10,"prec",115.032408265764,"SSP5-8.5 (Fossil-fueled Development)","ML-Enhanced"
2050-11-01,2050,11,"prec",40.4365647646173,"SSP5-8.5 (Fossil-fueled Development)","ML-Enhanced"
2050-12-01,2050,12,"prec",25.4706484562634,"SSP5-8.5 (Fossil-fueled Development)","ML-Enhanced"
2051-01-01,2051,1,"prec",21.1094753423422,"SSP5-8.5 (Fossil-fueled Development)","ML-Enhanced"
2051-02-01,2051,2,"prec",34.3099208894217,"SSP5-8.5 (Fossil-fueled Development)","ML-Enhanced"
2051-03-01,2051,3,"prec",47.0241868209449,"SSP5-8.5 (Fossil-fueled Development)","ML-Enhanced"
2051-04-01,2051,4,"prec",63.9194530294988,"SSP5-8.5 (Fossil-fueled Development)","ML-Enhanced"
2051-05-01,2051,5,"prec",148.309599345494,"SSP5-8.5 (Fossil-fueled Development)","ML-Enhanced"
2051-06-01,2051,6,"prec",399.887455136512,"SSP5-8.5 (Fossil-fueled Development)","ML-Enhanced"
2051-07-01,2051,7,"prec",418.798519172403,"SSP5-8.5 (Fossil-fueled Development)","ML-Enhanced"
2051-08-01,2051,8,"prec",346.89298832284,"SSP5-8.5 (Fossil-fueled Development)","ML-Enhanced"
2051-09-01,2051,9,"prec",298.05556597444,"SSP5-8.5 (Fossil-fueled Development)","ML-Enhanced"
2051-10-01,2051,10,"prec",79.5773270898256,"SSP5-8.5 (Fossil-fueled Development)","ML-Enhanced"
2051-11-01,2051,11,"prec",32.0799453426459,"SSP5-8.5 (Fossil-fueled Development)","ML-Enhanced"
2051-12-01,2051,12,"prec",25.8199111534062,"SSP5-8.5 (Fossil-fueled Development)","ML-Enhanced"
2052-01-01,2052,1,"prec",25.225871884684,"SSP5-8.5 (Fossil-fueled Development)","ML-Enhanced"
2052-02-01,2052,2,"prec",37.2100555881685,"SSP5-8.5 (Fossil-fueled Development)","ML-Enhanced"
2052-03-01,2052,3,"prec",33.1011256987952,"SSP5-8.5 (Fossil-fueled Development)","ML-Enhanced"
2052-04-01,2052,4,"prec",93.9244364507541,"SSP5-8.5 (Fossil-fueled Development)","ML-Enhanced"
2052-05-01,2052,5,"prec",147.856741658873,"SSP5-8.5 (Fossil-fueled Development)","ML-Enhanced"
2052-06-01,2052,6,"prec",279.266177066278,"SSP5-8.5 (Fossil-fueled Development)","ML-Enhanced"
2052-07-01,2052,7,"prec",637.179173300923,"SSP5-8.5 (Fossil-fueled Development)","ML-Enhanced"
2052-08-01,2052,8,"prec",523.744658423124,"SSP5-8.5 (Fossil-fueled Development)","ML-Enhanced"
2052-09-01,2052,9,"prec",217.904123633724,"SSP5-8.5 (Fossil-fueled Development)","ML-Enhanced"
2052-10-01,2052,10,"prec",119.758246603778,"SSP5-8.5 (Fossil-fueled Development)","ML-Enhanced"
2052-11-01,2052,11,"prec",38.2441796042723,"SSP5-8.5 (Fossil-fueled Development)","ML-Enhanced"
2052-12-01,2052,12,"prec",28.7154301113204,"SSP5-8.5 (Fossil-fueled Development)","ML-Enhanced"
2053-01-01,2053,1,"prec",25.5744092839459,"SSP5-8.5 (Fossil-fueled Development)","ML-Enhanced"
2053-02-01,2053,2,"prec",33.1913887661307,"SSP5-8.5 (Fossil-fueled Development)","ML-Enhanced"
2053-03-01,2053,3,"prec",32.6566416109751,"SSP5-8.5 (Fossil-fueled Development)","ML-Enhanced"
2053-04-01,2053,4,"prec",107.295205662882,"SSP5-8.5 (Fossil-fueled Development)","ML-Enhanced"
2053-05-01,2053,5,"prec",134.603051031521,"SSP5-8.5 (Fossil-fueled Development)","ML-Enhanced"
2053-06-01,2053,6,"prec",354.087420328147,"SSP5-8.5 (Fossil-fueled Development)","ML-Enhanced"
2053-07-01,2053,7,"prec",555.825252719629,"SSP5-8.5 (Fossil-fueled Development)","ML-Enhanced"
2053-08-01,2053,8,"prec",409.425778714477,"SSP5-8.5 (Fossil-fueled Development)","ML-Enhanced"
2053-09-01,2053,9,"prec",365.336362057372,"SSP5-8.5 (Fossil-fueled Development)","ML-Enhanced"
2053-10-01,2053,10,"prec",127.473841424863,"SSP5-8.5 (Fossil-fueled Development)","ML-Enhanced"
2053-11-01,2053,11,"prec",45.2967744047488,"SSP5-8.5 (Fossil-fueled Development)","ML-Enhanced"
2053-12-01,2053,12,"prec",30.8544691798954,"SSP5-8.5 (Fossil-fueled Development)","ML-Enhanced"
